scenario,threshold_percentile,simulation_objective,tps_proxy,simulated_outcome_utility,zip_fallback_rate,zip_continuity_rate,workload_gini,unassigned_rate,travel_proxy,scenario_best_objective,scenario_threshold_regret,selection_simulation_objective,selection_tps_proxy,selection_simulated_outcome_utility,selection_zip_fallback_rate,selection_zip_continuity_rate,selection_workload_gini,selection_unassigned_rate,selection_travel_proxy,selection_scenario_best_objective,selection_scenario_threshold_regret,held_out_simulation_objective,held_out_tps_proxy,held_out_simulated_outcome_utility,held_out_zip_fallback_rate,held_out_zip_continuity_rate,held_out_workload_gini,held_out_unassigned_rate,held_out_travel_proxy,held_out_scenario_best_objective,held_out_scenario_threshold_regret,threshold_evaluation_role
A,0.0,0.5694395365233232,60.38133727644592,0.6052498028463473,0.0,0.7590034364261169,0.3142418384879725,0.015000000000000013,17.240592783505154,0.5763914786978552,0.006951942174531989,0.5822378932986118,61.056566538575844,0.6114517821875006,0.0,0.8066666666666666,0.3109722222222222,0.0,16.775,0.5873447570292677,0.005106863730655942,0.5566411797480347,59.70610801431599,0.5990478235051939,0.0,0.711340206185567,0.3175114547537228,0.030000000000000027,17.70618556701031,0.5654382003664427,0.008797020618407925,candidate_threshold_optimization
A,0.01,0.5695637985465581,60.395523215310064,0.6053916622349889,0.0,0.7623367697594502,0.31431128293241695,0.015000000000000013,17.25541237113402,0.5763914786978552,0.006827680151297089,0.5827160565203393,61.09243841630414,0.6118105009647837,0.0,0.8133333333333334,0.3111111111111111,0.0,16.65,0.5873447570292677,0.004628700508928385,0.556411540572777,59.69860801431598,0.5989728235051939,0.0,0.711340206185567,0.3175114547537228,0.030000000000000027,17.86082474226804,0.5654382003664427,0.009026659793665681,candidate_threshold_optimization
A,0.02,0.5697637985465581,60.40552321531007,0.6054916622349888,0.0,0.7640034364261168,0.31431128293241695,0.015000000000000013,17.15541237113402,0.5763914786978552,0.006627680151297111,0.5831160565203393,61.11243841630415,0.6120105009647837,0.0,0.8166666666666667,0.3111111111111111,0.0,16.45,0.5873447570292677,0.004228700508928429,0.556411540572777,59.69860801431598,0.5989728235051939,0.0,0.711340206185567,0.3175114547537228,0.030000000000000027,17.86082474226804,0.5654382003664427,0.009026659793665681,candidate_threshold_optimization
A,0.03,0.5699682112718807,60.42442095977817,0.6056806396796699,0.0,0.7707216494845361,0.3139640607101948,0.015000000000000013,17.153865979381443,0.5763914786978552,0.006423267425974544,0.5832717891874792,61.13523390524035,0.6122384558541458,0.0,0.8266666666666667,0.3104166666666668,0.0,16.55,0.5873447570292677,0.004072967841788455,0.5566646333562822,59.71360801431599,0.599122823505194,0.0,0.7147766323024055,0.3175114547537228,0.030000000000000027,17.757731958762886,0.5654382003664427,0.00877356701016041,candidate_threshold_optimization
A,0.04,0.5699330308595096,60.41317095977817,0.6055681396796699,0.0,0.7655670103092784,0.3139640607101948,0.015000000000000013,17.07654639175258,0.5763914786978552,0.0064584478383455934,0.5832717891874792,61.13523390524035,0.6122384558541458,0.0,0.8266666666666667,0.3104166666666668,0.0,16.55,0.5873447570292677,0.004072967841788455,0.5565942725315399,59.69110801431599,0.5988978235051939,0.0,0.7044673539518901,0.3175114547537228,0.030000000000000027,17.603092783505154,0.5654382003664427,0.008843927834902732,candidate_threshold_optimization
A,0.05,0.5699330308595096,60.41317095977817,0.6055681396796699,0.0,0.7655670103092784,0.3139640607101948,0.015000000000000013,17.07654639175258,0.5763914786978552,0.0064584478383455934,0.5832717891874792,61.13523390524035,0.6122384558541458,0.0,0.8266666666666667,0.3104166666666668,0.0,16.55,0.5873447570292677,0.004072967841788455,0.5565942725315399,59.69110801431599,0.5988978235051939,0.0,0.7044673539518901,0.3175114547537228,0.030000000000000027,17.603092783505154,0.5654382003664427,0.008843927834902732,candidate_threshold_optimization
A,0.06,0.5700351376942439,60.43725478185412,0.6058089779004294,0.0,0.7756701030927835,0.31403350515463924,0.015000000000000013,17.2125,0.5763914786978552,0.0063563410036113765,0.5831229100734426,61.15840154939225,0.6124701322956648,0.0,0.84,0.3105555555555557,0.0,16.925,0.5873447570292677,0.004221846955825059,0.5569473653150451,59.716108014315985,0.5991478235051939,0.0,0.711340206185567,0.3175114547537228,0.030000000000000027,17.5,0.5654382003664427,0.008490835051397583,candidate_threshold_optimization
A,0.07,0.5701343644983675,60.43725478185412,0.6058089779004294,0.0,0.7740549828178694,0.31403350515463924,0.015000000000000013,17.11327319587629,0.5763914786978552,0.006257114199487712,0.5832979100734426,61.15090154939226,0.6123951322956648,0.0,0.8333333333333334,0.3105555555555557,0.0,16.675,0.5873447570292677,0.004046846955825134,0.5569708189232925,59.72360801431598,0.599222823505194,0.0,0.7147766323024055,0.3175114547537228,0.030000000000000027,17.551546391752577,0.5654382003664427,0.00846738144315018,candidate_threshold_optimization
A,0.08,0.5699040572860983,60.430976637946785,0.605746196461356,0.0,0.7774914089347079,0.31403350515463924,0.015000000000000013,17.280798969072166,0.5763914786978552,0.006487421411756955,0.5832979100734426,61.15090154939226,0.6123951322956648,0.0,0.8333333333333334,0.3105555555555557,0.0,16.675,0.5873447570292677,0.004046846955825134,0.556510204498754,59.71105172650131,0.5990972606270472,0.0,0.7216494845360825,0.3175114547537228,0.030000000000000027,17.88659793814433,0.5654382003664427,0.008927995867688665,candidate_threshold_optimization
A,0.09,0.5699822952244465,60.454217098448275,0.6059786010663709,0.0,0.7842611683848797,0.31570017182130583,0.015000000000000013,17.368298969072164,0.5763914786978552,0.006409183473408686,0.583123306086018,61.164274483983135,0.6125288616415736,0.0,0.84,0.3138888888888889,0.0,16.85,0.5873447570292677,0.0042214509432496605,0.556841284362875,59.744159712913415,0.5994283404911682,0.0,0.7285223367697594,0.3175114547537228,0.030000000000000027,17.88659793814433,0.5654382003664427,0.0085969160035676,candidate_threshold_optimization
A,0.1,0.5698376725962525,60.453191261745715,0.6059683426993453,0.0,0.7893127147766323,0.31591494845360824,0.015000000000000013,17.494072164948456,0.5763914786978552,0.006553806101602722,0.583023306086018,61.17427448398314,0.6126288616415736,0.0,0.8466666666666667,0.3138888888888889,0.0,17.05,0.5873447570292677,0.0043214509432496495,0.556652039106487,59.73210803950828,0.599307823757117,0.0,0.7319587628865979,0.3179410080183276,0.030000000000000027,17.938144329896907,0.5654382003664427,0.008786161259955683,candidate_threshold_optimization
A,0.11,0.5705159147818758,60.5028210358636,0.6064646404405242,0.0,0.8029553264604812,0.3158476517754869,0.015000000000000013,17.314819587628868,0.5763914786978552,0.0058755639159794315,0.5833277407556102,61.196106839831245,0.6128471852000547,0.0,0.8533333333333334,0.3136111111111113,0.0,16.975,0.5873447570292677,0.00401701627365747,0.5577040888081414,59.80953523189595,0.6000820956809937,0.0,0.7525773195876289,0.3180841924398625,0.030000000000000027,17.65463917525773,0.5654382003664427,0.007734111558301282,candidate_threshold_optimization
A,0.12,0.5704042491057593,60.49540446825195,0.6063904747644077,0.0,0.8012886597938145,0.3145976517754868,0.015000000000000013,17.402319587628867,0.5763914786978552,0.005987229592095966,0.5831044094033772,61.18127370460794,0.6126988538478216,0.0,0.85,0.3111111111111111,0.0,17.15,0.5873447570292677,0.004240347625890539,0.5577040888081414,59.80953523189595,0.6000820956809937,0.0,0.7525773195876289,0.3180841924398625,0.030000000000000027,17.65463917525773,0.5654382003664427,0.007734111558301282,candidate_threshold_optimization
A,0.13,0.5704042491057593,60.49540446825195,0.6063904747644077,0.0,0.8012886597938145,0.3145976517754868,0.015000000000000013,17.402319587628867,0.5763914786978552,0.005987229592095966,0.5831044094033772,61.18127370460794,0.6126988538478216,0.0,0.85,0.3111111111111111,0.0,17.15,0.5873447570292677,0.004240347625890539,0.5577040888081414,59.80953523189595,0.6000820956809937,0.0,0.7525773195876289,0.3180841924398625,0.030000000000000027,17.65463917525773,0.5654382003664427,0.007734111558301282,candidate_threshold_optimization
A,0.14,0.5709542491057593,60.52040446825194,0.6066404747644076,0.0,0.8046219931271478,0.3145976517754868,0.015000000000000013,17.102319587628866,0.5763914786978552,0.005437229592095916,0.5842044094033773,61.231273704607936,0.6131988538478217,0.0,0.8566666666666667,0.3111111111111111,0.0,16.55,0.5873447570292677,0.0031403476258904384,0.5577040888081414,59.80953523189595,0.6000820956809937,0.0,0.7525773195876289,0.3180841924398625,0.030000000000000027,17.65463917525773,0.5654382003664427,0.007734111558301282,candidate_threshold_optimization
A,0.15,0.5710630241663293,60.534861584847306,0.6067850459303613,0.0,0.8114948453608248,0.3158147193585338,0.015000000000000013,17.08943298969072,0.5763914786978552,0.005328454531525972,0.5842044094033773,61.231273704607936,0.6131988538478217,0.0,0.8566666666666667,0.3111111111111111,0.0,16.55,0.5873447570292677,0.0031403476258904384,0.5579216389292813,59.838449465086676,0.6003712380129009,0.0,0.7663230240549829,0.32051832760595644,0.030000000000000027,17.628865979381445,0.5654382003664427,0.007516561437161395,candidate_threshold_optimization
A,0.16,0.5710630241663293,60.534861584847306,0.6067850459303613,0.0,0.8114948453608248,0.3158147193585338,0.015000000000000013,17.08943298969072,0.5763914786978552,0.005328454531525972,0.5842044094033773,61.231273704607936,0.6131988538478217,0.0,0.8566666666666667,0.3111111111111111,0.0,16.55,0.5873447570292677,0.0031403476258904384,0.5579216389292813,59.838449465086676,0.6003712380129009,0.0,0.7663230240549829,0.32051832760595644,0.030000000000000027,17.628865979381445,0.5654382003664427,0.007516561437161395,candidate_threshold_optimization
A,0.17,0.5715255241663293,60.56361158484731,0.6070725459303613,0.0,0.8181615120274914,0.3158147193585338,0.015000000000000013,16.914432989690724,0.5763914786978552,0.00486595453152594,0.5851294094033772,61.28877370460795,0.6137738538478217,0.0,0.87,0.3111111111111111,0.0,16.2,0.5873447570292677,0.0022153476258904847,0.5579216389292813,59.838449465086676,0.6003712380129009,0.0,0.7663230240549829,0.32051832760595644,0.030000000000000027,17.628865979381445,0.5654382003664427,0.007516561437161395,candidate_threshold_optimization
A,0.18,0.5715255241663293,60.56361158484731,0.6070725459303613,0.0,0.8181615120274914,0.3158147193585338,0.015000000000000013,16.914432989690724,0.5763914786978552,0.00486595453152594,0.5851294094033772,61.28877370460795,0.6137738538478217,0.0,0.87,0.3111111111111111,0.0,16.2,0.5873447570292677,0.0022153476258904847,0.5579216389292813,59.838449465086676,0.6003712380129009,0.0,0.7663230240549829,0.32051832760595644,0.030000000000000027,17.628865979381445,0.5654382003664427,0.007516561437161395,candidate_threshold_optimization
A,0.19,0.5713458815017562,60.55211066317811,0.6069575367136693,0.0,0.814828178694158,0.3143828751431844,0.015000000000000013,17.036340206185564,0.5763914786978552,0.005045597196098983,0.5842544094033773,61.246273704607944,0.6133488538478217,0.0,0.8633333333333333,0.3111111111111111,0.0,16.65,0.5873447570292677,0.003090347625890444,0.5584373536001354,59.85794762174827,0.6005662195795168,0.0,0.7663230240549829,0.3176546391752577,0.030000000000000027,17.422680412371133,0.5654382003664427,0.0070008467663073,candidate_threshold_optimization
A,0.2,0.5712903805875496,60.55169946064632,0.6069534246883513,0.0,0.814828178694158,0.3141050973654067,0.015000000000000013,17.098840206185564,0.5763914786978552,0.00510109811030568,0.5841434075749636,61.245451299544364,0.6133406297971858,0.0,0.8633333333333333,0.3105555555555557,0.0,16.775,0.5873447570292677,0.003201349454304059,0.5584373536001354,59.85794762174827,0.6005662195795168,0.0,0.7663230240549829,0.3176546391752577,0.030000000000000027,17.422680412371133,0.5654382003664427,0.0070008467663073,candidate_threshold_optimization
A,0.21,0.5718786537834258,60.59794946064632,0.6074159246883514,0.0,0.8282646048109965,0.3141050973654067,0.015000000000000013,16.97306701030928,0.5763914786978552,0.004512824914429392,0.5850434075749636,61.315451299544364,0.6140406297971859,0.0,0.8833333333333333,0.3105555555555557,0.0,16.575,0.5873447570292677,0.002301349454304047,0.558713899991888,59.88044762174828,0.6007912195795169,0.0,0.7731958762886598,0.3176546391752577,0.030000000000000027,17.371134020618555,0.5654382003664427,0.006724300374554626,candidate_threshold_optimization
A,0.22,0.5719882675351186,60.61048586445248,0.607541288726413,0.0,0.8334192439862542,0.3141766895761742,0.015000000000000013,16.98595360824742,0.5763914786978552,0.0044032111627366755,0.5850434075749636,61.315451299544364,0.6140406297971859,0.0,0.8833333333333333,0.3105555555555557,0.0,16.575,0.5873447570292677,0.002301349454304047,0.5589331274952735,59.90552042936059,0.6010419476556401,0.0,0.7835051546391752,0.31779782359679265,0.030000000000000027,17.396907216494846,0.5654382003664427,0.006505072871169193,candidate_threshold_optimization
A,0.23,0.5719882675351186,60.61048586445248,0.607541288726413,0.0,0.8334192439862542,0.3141766895761742,0.015000000000000013,16.98595360824742,0.5763914786978552,0.0044032111627366755,0.5850434075749636,61.315451299544364,0.6140406297971859,0.0,0.8833333333333333,0.3105555555555557,0.0,16.575,0.5873447570292677,0.002301349454304047,0.5589331274952735,59.90552042936059,0.6010419476556401,0.0,0.7835051546391752,0.31779782359679265,0.030000000000000027,17.396907216494846,0.5654382003664427,0.006505072871169193,candidate_threshold_optimization
A,0.24,0.5718234479474897,60.60173586445248,0.6074537887264131,0.0,0.831701030927835,0.3141766895761742,0.015000000000000013,17.063273195876288,0.5763914786978552,0.004568030750365493,0.5850434075749636,61.315451299544364,0.6140406297971859,0.0,0.8833333333333333,0.3105555555555557,0.0,16.575,0.5873447570292677,0.002301349454304047,0.5586034883200158,59.8880204293606,0.6008669476556402,0.0,0.7800687285223368,0.31779782359679265,0.030000000000000027,17.551546391752577,0.5654382003664427,0.006834712046426827,candidate_threshold_optimization
A,0.25,0.5718234479474897,60.60173586445248,0.6074537887264131,0.0,0.831701030927835,0.3141766895761742,0.015000000000000013,17.063273195876288,0.5763914786978552,0.004568030750365493,0.5850434075749636,61.315451299544364,0.6140406297971859,0.0,0.8833333333333333,0.3105555555555557,0.0,16.575,0.5873447570292677,0.002301349454304047,0.5586034883200158,59.8880204293606,0.6008669476556402,0.0,0.7800687285223368,0.31779782359679265,0.030000000000000027,17.551546391752577,0.5654382003664427,0.006834712046426827,candidate_threshold_optimization
A,0.26,0.5722751480229956,60.64332626146469,0.6078696926965351,0.0,0.8437285223367698,0.31424828178694164,0.015000000000000013,17.024613402061853,0.5763914786978552,0.004116330674859614,0.5850434075749636,61.315451299544364,0.6140406297971859,0.0,0.8833333333333333,0.3105555555555557,0.0,16.575,0.5873447570292677,0.002301349454304047,0.5595068884710276,59.97120122338503,0.6016987555958844,0.0,0.8041237113402062,0.3179410080183276,0.030000000000000027,17.47422680412371,0.5654382003664427,0.00593131189541507,candidate_threshold_optimization
A,0.27,0.5723273992722351,60.64855138638865,0.6079219439457746,0.0,0.8470618556701031,0.31424828178694164,0.015000000000000013,17.024613402061853,0.5763914786978552,0.0040640794256201485,0.5851479100734426,61.325901549392256,0.6141451322956648,0.0,0.89,0.3105555555555557,0.0,16.575,0.5873447570292677,0.002196846955825116,0.5595068884710276,59.97120122338503,0.6016987555958844,0.0,0.8041237113402062,0.3179410080183276,0.030000000000000027,17.47422680412371,0.5654382003664427,0.00593131189541507,candidate_threshold_optimization
A,0.28,0.5723273992722351,60.64855138638865,0.6079219439457746,0.0,0.8470618556701031,0.31424828178694164,0.015000000000000013,17.024613402061853,0.5763914786978552,0.0040640794256201485,0.5851479100734426,61.325901549392256,0.6141451322956648,0.0,0.89,0.3105555555555557,0.0,16.575,0.5873447570292677,0.002196846955825116,0.5595068884710276,59.97120122338503,0.6016987555958844,0.0,0.8041237113402062,0.3179410080183276,0.030000000000000027,17.47422680412371,0.5654382003664427,0.00593131189541507,candidate_threshold_optimization
A,0.29,0.5724047105947867,60.65170061715469,0.6079534362534351,0.0,0.8487800687285223,0.3143914662084766,0.015000000000000013,16.97306701030928,0.5763914786978552,0.003986768103068528,0.5851479100734426,61.325901549392256,0.6141451322956648,0.0,0.89,0.3105555555555557,0.0,16.575,0.5873447570292677,0.002196846955825116,0.5596615111161309,59.97749968491711,0.6017617402112053,0.0,0.8075601374570447,0.31822737686139746,0.030000000000000027,17.371134020618555,0.5654382003664427,0.005776689250311717,candidate_threshold_optimization
A,0.3,0.5724100500669906,60.66279011993063,0.6080643312811944,0.004629629629629629,0.850446735395189,0.31578035509736546,0.015000000000000013,17.023067010309276,0.5763914786978552,0.003981428630864592,0.5851585890178503,61.34808055494414,0.6143669223511836,0.009259259259259259,0.8933333333333333,0.31333333333333346,0.0,16.675,0.5873447570292677,0.0021861680114173554,0.5596615111161309,59.97749968491711,0.6017617402112053,0.0,0.8075601374570447,0.31822737686139746,0.030000000000000027,17.371134020618555,0.5654382003664427,0.005776689250311717,candidate_threshold_optimization
A,0.31,0.5722835036752381,60.655290119930626,0.6079893312811945,0.004629629629629629,0.8487285223367698,0.31578035509736546,0.015000000000000013,17.074613402061857,0.5763914786978552,0.004107975022617172,0.5851585890178503,61.34808055494414,0.6143669223511836,0.009259259259259259,0.8933333333333333,0.31333333333333346,0.0,16.675,0.5873447570292677,0.0021861680114173554,0.5594084183326258,59.96249968491711,0.6016117402112053,0.0,0.8041237113402062,0.31822737686139746,0.030000000000000027,17.47422680412371,0.5654382003664427,0.006029782033816877,candidate_threshold_optimization
A,0.32,0.5724539753363219,60.66970555637121,0.6081334856456002,0.0045045045045045045,0.8556013745704467,0.3169974226804124,0.015000000000000013,16.999613402061854,0.5763914786978552,0.003937503361533312,0.5853835890178503,61.35558055494413,0.6144419223511836,0.009009009009009009,0.8933333333333333,0.31333333333333346,0.0,16.525,0.5873447570292677,0.0019611680114174357,0.5595243616547936,59.98383055779829,0.601825048940017,0.0,0.8178694158075601,0.3206615120274914,0.030000000000000027,17.47422680412371,0.5654382003664427,0.005913838711649078,candidate_threshold_optimization
A,0.33,0.5725328413157034,60.67220555637121,0.6081584856456004,0.0043859649122807015,0.8556529209621992,0.3169974226804124,0.015000000000000013,16.945747422680412,0.5763914786978552,0.003858637382151864,0.5850585890178502,61.33808055494413,0.6142669223511835,0.008771929824561403,0.89,0.31333333333333346,0.0,16.675,0.5873447570292677,0.0022861680114174554,0.5600070936135566,60.00633055779829,0.6020500489400171,0.0,0.8213058419243986,0.3206615120274914,0.030000000000000027,17.216494845360824,0.5654382003664427,0.00543110675288605,candidate_threshold_optimization
A,0.34,0.5724839153658778,60.68335820766585,0.6082700121585467,0.0,0.8606529209621994,0.31714275486827037,0.015000000000000013,17.100386597938147,0.5763914786978552,0.003907563331977393,0.5854932386468289,61.380989962286435,0.6146960164246067,0.0,0.9,0.31319444444444455,0.0,16.675,0.5873447570292677,0.0018515183824387993,0.5594745920849267,59.98572645304526,0.6018440078924868,0.0,0.8213058419243986,0.3210910652920962,0.030000000000000027,17.52577319587629,0.5654382003664427,0.005963608281515986,candidate_threshold_optimization
A,0.35,0.5724839153658778,60.68335820766585,0.6082700121585467,0.003968253968253968,0.8606529209621994,0.31714275486827037,0.015000000000000013,17.100386597938147,0.5763914786978552,0.003907563331977393,0.5854932386468289,61.380989962286435,0.6146960164246067,0.007936507936507936,0.9,0.31319444444444455,0.0,16.675,0.5873447570292677,0.0018515183824387993,0.5594745920849267,59.98572645304526,0.6018440078924868,0.0,0.8213058419243986,0.3210910652920962,0.030000000000000027,17.52577319587629,0.5654382003664427,0.005963608281515986,candidate_threshold_optimization
A,0.36,0.5725972785934834,60.6994969359247,0.6084313994411352,0.008149473265752336,0.8606529209621994,0.31542454180985113,0.015000000000000013,17.21713917525773,0.5763914786978552,0.0037942001043718143,0.5855682386468288,61.38348996228644,0.6147210164246066,0.007751937984496124,0.9,0.31319444444444455,0.0,16.625,0.5873447570292677,0.001776518382438863,0.5596263185401379,60.01550390956295,0.6021417824576637,0.008547008547008548,0.8213058419243986,0.3176546391752577,0.030000000000000027,17.809278350515463,0.5654382003664427,0.005811881826304766,candidate_threshold_optimization
A,0.37,0.5726503965444216,60.7112520299876,0.6085489503817643,0.003787878787878788,0.8640893470790378,0.31542454180985113,0.015000000000000013,17.281572164948454,0.5763914786978552,0.003741082153433606,0.5855682386468288,61.38348996228644,0.6147210164246066,0.007575757575757576,0.9,0.31319444444444455,0.0,16.625,0.5873447570292677,0.001776518382438863,0.5597325544420145,60.03901409768876,0.6023768843389218,0.0,0.8281786941580757,0.3176546391752577,0.030000000000000027,17.938144329896907,0.5654382003664427,0.005705645924428127,candidate_threshold_optimization
A,0.38,0.5725503965444216,60.7112520299876,0.6085489503817643,0.0,0.8657560137457045,0.31542454180985113,0.015000000000000013,17.38157216494845,0.5763914786978552,0.003841082153433595,0.5853682386468289,61.38348996228644,0.6147210164246066,0.0,0.9033333333333333,0.31319444444444455,0.0,16.825,0.5873447570292677,0.001976518382438841,0.5597325544420145,60.03901409768876,0.6023768843389218,0.0,0.8281786941580757,0.3176546391752577,0.030000000000000027,17.938144329896907,0.5654382003664427,0.005705645924428127,candidate_threshold_optimization
A,0.39,0.5727868317644966,60.720290740998536,0.6086393374918735,0.0040650406504065045,0.8674742268041238,0.31563931844215354,0.015000000000000013,17.226932989690724,0.5763914786978552,0.0036046469333586018,0.5853682386468289,61.38348996228644,0.6147210164246066,0.0,0.9033333333333333,0.31319444444444455,0.0,16.825,0.5873447570292677,0.001976518382438841,0.5602054248821645,60.057091519710625,0.6025576585591405,0.008130081300813009,0.8316151202749141,0.3180841924398625,0.030000000000000027,17.628865979381445,0.5654382003664427,0.00523277548427814,candidate_threshold_optimization
A,0.4,0.5729695069500074,60.72883603732738,0.608724790455162,0.0040650406504065045,0.8708075601374571,0.315708762886598,0.015000000000000013,17.126932989690722,0.5763914786978552,0.003421971747847863,0.5857335890178503,61.40058055494414,0.6148919223511836,0.0,0.91,0.31333333333333346,0.0,16.625,0.5873447570292677,0.0016111680114173632,0.5602054248821645,60.057091519710625,0.6025576585591405,0.008130081300813009,0.8316151202749141,0.3180841924398625,0.030000000000000027,17.628865979381445,0.5654382003664427,0.00523277548427814,candidate_threshold_optimization
A,0.41,0.5733159898608773,60.76334114399284,0.6090698415218165,0.003472222222222222,0.8862714776632303,0.31599513172966787,0.015000000000000013,17.114046391752577,0.5763914786978552,0.0030754888369779465,0.5857335890178503,61.40058055494414,0.6148919223511836,0.0,0.91,0.31333333333333346,0.0,16.625,0.5873447570292677,0.0016111680114173632,0.5608983907039043,60.12610173304154,0.6032477606924496,0.006944444444444444,0.8625429553264605,0.31865693012600227,0.030000000000000027,17.603092783505154,0.5654382003664427,0.004539809662538308,candidate_threshold_optimization
A,0.42,0.5734239063596411,60.76899390498032,0.6091263691316915,0.006805555555555556,0.8879381443298969,0.3143979095074456,0.015000000000000013,17.126546391752576,0.5763914786978552,0.0029675723382140973,0.5859494220153778,61.41188607691911,0.6150049775709333,0.006666666666666667,0.9133333333333333,0.31013888888888896,0.0,16.65,0.5873447570292677,0.0013953350138898868,0.5608983907039043,60.12610173304154,0.6032477606924496,0.006944444444444444,0.8625429553264605,0.31865693012600227,0.030000000000000027,17.603092783505154,0.5654382003664427,0.004539809662538308,candidate_threshold_optimization
A,0.43,0.5734236941906578,60.76941369610032,0.6091305670428915,0.00980392156862745,0.8880412371134021,0.3144695017182131,0.015000000000000013,17.128092783505153,0.5763914786978552,0.0029677845071974795,0.5858994220153778,61.39688607691911,0.6148549775709333,0.013071895424836602,0.9066666666666666,0.31013888888888896,0.0,16.55,0.5873447570292677,0.0014453350138898813,0.5609479663659377,60.141941315281535,0.6034061565148495,0.006535947712418301,0.8694158075601375,0.3188001145475372,0.030000000000000027,17.70618556701031,0.5654382003664427,0.004490234000504967,candidate_threshold_optimization
A,0.44,0.5733611941906578,60.78066369610032,0.6092430670428914,0.009678230266465561,0.8947079037800687,0.3144695017182131,0.015000000000000013,17.303092783505154,0.5763914786978552,0.003030284507197445,0.5857744220153778,61.4193860769191,0.6150799775709334,0.01282051282051282,0.92,0.31013888888888896,0.0,16.9,0.5873447570292677,0.001570335013889923,0.5609479663659377,60.141941315281535,0.6034061565148495,0.006535947712418301,0.8694158075601375,0.3188001145475372,0.030000000000000027,17.70618556701031,0.5654382003664427,0.004490234000504967,candidate_threshold_optimization
A,0.45,0.5741753713769885,60.8419969359247,0.6098563994411351,0.009317493594223153,0.9065807560137458,0.31542454180985113,0.015000000000000013,17.064046391752576,0.5763914786978552,0.0022161073208667448,0.5866182386468288,61.478489962286446,0.6156710164246066,0.012345679012345678,0.93,0.31319444444444455,0.0,16.525,0.5873447570292677,0.0007265183824388677,0.5617325041071481,60.20550390956295,0.6040417824576636,0.006289308176100629,0.8831615120274914,0.3176546391752577,0.030000000000000027,17.603092783505154,0.5654382003664427,0.003705696259294511,candidate_threshold_optimization
A,0.46,0.5741695287850608,60.83354898830122,0.6097719199649003,0.008723316912972085,0.9015292096219931,0.31535294959908367,0.015000000000000013,16.98827319587629,0.5763914786978552,0.002221949912794452,0.5865682386468288,61.463489962286445,0.6155210164246067,0.011494252873563218,0.9233333333333333,0.31319444444444455,0.0,16.425,0.5873447570292677,0.0007765183824388622,0.5617708189232926,60.20360801431598,0.6040228235051941,0.005952380952380952,0.8797250859106529,0.3175114547537228,0.030000000000000027,17.551546391752577,0.5654382003664427,0.0036673814431500418,candidate_threshold_optimization
A,0.47,0.5744578892265559,60.84806659029725,0.6099170959848607,0.008671103044968743,0.9049656357388316,0.31563931844215354,0.015000000000000013,16.833634020618558,0.5763914786978552,0.0019335894712992907,0.5865682386468288,61.463489962286445,0.6155210164246067,0.011494252873563218,0.9233333333333333,0.31319444444444455,0.0,16.425,0.5873447570292677,0.0007765183824388622,0.562347539806283,60.232643218308056,0.6043131755451147,0.005847953216374269,0.8865979381443299,0.3180841924398625,0.030000000000000027,17.242268041237114,0.5654382003664427,0.003090660560159608,candidate_threshold_optimization
A,0.48,0.5743313428348034,60.84056659029726,0.6098420959848607,0.008620689655172414,0.9032474226804124,0.31563931844215354,0.015000000000000013,16.885180412371135,0.5763914786978552,0.0020601358630518707,0.5865682386468288,61.463489962286445,0.6155210164246067,0.011494252873563218,0.9233333333333333,0.31319444444444455,0.0,16.425,0.5873447570292677,0.0007765183824388622,0.5620944470227779,60.21764321830806,0.6041631755451147,0.005747126436781609,0.8831615120274914,0.3180841924398625,0.030000000000000027,17.34536082474227,0.5654382003664427,0.003343753343664768,candidate_threshold_optimization
A,0.49,0.5745227088141849,60.85681659029726,0.6100045959848607,0.00847457627118644,0.9083505154639175,0.31563931844215354,0.015000000000000013,16.85631443298969,0.5763914786978552,0.0018687698836703515,0.5863682386468289,61.463489962286445,0.6155210164246067,0.011299435028248588,0.9266666666666666,0.31319444444444455,0.0,16.625,0.5873447570292677,0.0009765183824388401,0.5626771789815408,60.25014321830806,0.6044881755451147,0.005649717514124294,0.8900343642611683,0.3180841924398625,0.030000000000000027,17.087628865979383,0.5654382003664427,0.0027610213849018628,candidate_threshold_optimization
A,0.5,0.5749357427334325,60.877381150606894,0.6102102415879572,0.005510018214936248,0.9134536082474227,0.31585409507445594,0.015000000000000013,16.640335051546394,0.5763914786978552,0.001455735964422722,0.5867682386468288,61.48348996228644,0.6157210164246066,0.005555555555555556,0.93,0.31319444444444455,0.0,16.425,0.5873447570292677,0.0005765183824388842,0.5631032468200363,60.27127233892735,0.6046994667513078,0.00546448087431694,0.8969072164948454,0.31851374570446733,0.030000000000000027,16.855670103092784,0.5654382003664427,0.0023349535464063376,candidate_threshold_optimization
A,0.51,0.5750500284018136,60.884316590297246,0.6102795959848607,0.005376344086021506,0.9133505154639174,0.31563931844215354,0.015000000000000013,16.603994845360823,0.5763914786978552,0.001341450296041602,0.5871932386468288,61.510989962286445,0.6159960164246067,0.005376344086021506,0.9366666666666666,0.31319444444444455,0.0,16.275,0.5873447570292677,0.0001515183824388755,0.5629068181567985,60.257643218308054,0.6045631755451147,0.005376344086021506,0.8900343642611683,0.3180841924398625,0.030000000000000027,16.932989690721648,0.5654382003664427,0.0025313822096441063,candidate_threshold_optimization
A,0.52,0.5749194522265014,60.89382483759992,0.6103746784578874,0.007853835978835978,0.9201718213058419,0.31535294959908367,0.015000000000000013,16.84110824742268,0.5763914786978552,0.0014720264713538045,0.5865432386468289,61.495989962286444,0.6158460164246067,0.005291005291005291,0.94,0.31319444444444455,0.0,16.775,0.5873447570292677,0.0008015183824388039,0.563295665806174,60.2916597129134,0.6049033404911682,0.010416666666666666,0.9003436426116839,0.3175114547537228,0.030000000000000027,16.90721649484536,0.5654382003664427,0.002142534560268694,candidate_threshold_optimization
A,0.53,0.5749194522265014,60.89382483759992,0.6103746784578874,0.007853835978835978,0.9201718213058419,0.31535294959908367,0.015000000000000013,16.84110824742268,0.5763914786978552,0.0014720264713538045,0.5865432386468289,61.495989962286444,0.6158460164246067,0.005291005291005291,0.94,0.31319444444444455,0.0,16.775,0.5873447570292677,0.0008015183824388039,0.563295665806174,60.2916597129134,0.6049033404911682,0.010416666666666666,0.9003436426116839,0.3175114547537228,0.030000000000000027,16.90721649484536,0.5654382003664427,0.002142534560268694,candidate_threshold_optimization
A,0.54,0.5748864549618746,60.88980918902958,0.6103345219721839,0.010337810337810338,0.9201718213058419,0.3154961340206186,0.015000000000000013,16.828221649484533,0.5763914786978552,0.001505023735980604,0.5865432386468289,61.495989962286444,0.6158460164246067,0.005291005291005291,0.94,0.31319444444444455,0.0,16.775,0.5873447570292677,0.0008015183824388039,0.5632296712769203,60.283628415772704,0.6048230275197611,0.015384615384615385,0.9003436426116839,0.31779782359679265,0.030000000000000027,16.88144329896907,0.5654382003664427,0.002208529089522404,candidate_threshold_optimization
A,0.55,0.5750504716852943,60.89665186938987,0.6104029487757869,0.0076146076146076155,0.9235567010309278,0.3175007159221077,0.015000000000000013,16.652448453608248,0.5763914786978552,0.001341007012560902,0.5870932386468288,61.52098996228644,0.6160960164246067,0.005128205128205128,0.9433333333333334,0.31319444444444455,0.0,16.475,0.5873447570292677,0.0002515183824388645,0.5630077047237598,60.27231377649329,0.6047098811269671,0.010101010101010102,0.9037800687285223,0.32180698739977087,0.030000000000000027,16.829896907216494,0.5654382003664427,0.0024304956426828284,candidate_threshold_optimization
A,0.56,0.5749721396251606,60.89096642969952,0.6103460943788834,0.007539226942212016,0.9235567010309278,0.3177154925544101,0.015000000000000013,16.665335051546393,0.5763914786978552,0.0014193390726946475,0.5870932386468288,61.52098996228644,0.6160960164246067,0.005128205128205128,0.9433333333333334,0.31319444444444455,0.0,16.475,0.5873447570292677,0.0002515183824388645,0.5628510406034923,60.26094289711259,0.6045961723331601,0.009950248756218905,0.9037800687285223,0.3222365406643757,0.030000000000000027,16.855670103092784,0.5654382003664427,0.0025871597629503196,candidate_threshold_optimization
A,0.57,0.5747471396251607,60.88346642969952,0.6102710943788834,0.0075003769033619785,0.9235567010309278,0.3177154925544101,0.015000000000000013,16.81533505154639,0.5763914786978552,0.0016443390726945672,0.5866432386468289,61.50598996228644,0.6159460164246067,0.005050505050505051,0.9433333333333334,0.31319444444444455,0.0,16.775,0.5873447570292677,0.0007015183824388149,0.5628510406034923,60.26094289711259,0.6045961723331601,0.009950248756218905,0.9037800687285223,0.3222365406643757,0.030000000000000027,16.855670103092784,0.5654382003664427,0.0025871597629503196,candidate_threshold_optimization
A,0.58,0.5750221396251605,60.88596642969952,0.6102960943788833,0.009950248756218905,0.9202233676975945,0.3177154925544101,0.015000000000000013,16.56533505154639,0.5763914786978552,0.001369339072694764,0.5871932386468287,61.510989962286445,0.6159960164246066,0.009950248756218905,0.9366666666666666,0.31319444444444455,0.0,16.275,0.5873447570292677,0.00015151838243898652,0.5628510406034923,60.26094289711259,0.6045961723331601,0.009950248756218905,0.9037800687285223,0.3222365406643757,0.030000000000000027,16.855670103092784,0.5654382003664427,0.0025871597629503196,candidate_threshold_optimization
A,0.59,0.5749471396251606,60.88346642969952,0.6102710943788834,0.009806042252505587,0.9202233676975945,0.3177154925544101,0.015000000000000013,16.615335051546392,0.5763914786978552,0.0014443390726945893,0.5870432386468288,61.50598996228644,0.6159460164246067,0.00966183574879227,0.9366666666666666,0.31319444444444455,0.0,16.375,0.5873447570292677,0.000301518382438859,0.5628510406034923,60.26094289711259,0.6045961723331601,0.009950248756218905,0.9037800687285223,0.3222365406643757,0.030000000000000027,16.855670103092784,0.5654382003664427,0.0025871597629503196,candidate_threshold_optimization
A,0.6,0.5750127313094351,60.880164487015854,0.6102380749520467,0.009737029140014215,0.9202233676975945,0.3161877147766323,0.015000000000000013,16.577835051546394,0.5763914786978552,0.0013787473884201429,0.5871744220153778,61.499386076919116,0.6158799775709334,0.009523809523809525,0.9366666666666666,0.31013888888888896,0.0,16.3,0.5873447570292677,0.00017033501388985517,0.5628510406034923,60.26094289711259,0.6045961723331601,0.009950248756218905,0.9037800687285223,0.3222365406643757,0.030000000000000027,16.855670103092784,0.5654382003664427,0.0025871597629503196,candidate_threshold_optimization
A,0.61,0.575062731309435,60.88516448701586,0.6102880749520467,0.009669960058860626,0.9218900343642611,0.3161877147766323,0.015000000000000013,16.577835051546394,0.5763914786978552,0.0013287473884202594,0.5872744220153777,61.509386076919114,0.6159799775709333,0.009389671361502348,0.94,0.31013888888888896,0.0,16.3,0.5873447570292677,7.03350138899772e-05,0.5628510406034923,60.26094289711259,0.6045961723331601,0.009950248756218905,0.9037800687285223,0.3222365406643757,0.030000000000000027,16.855670103092784,0.5654382003664427,0.0025871597629503196,candidate_threshold_optimization
A,0.62,0.5750617611952354,60.89148356952487,0.6103512657771369,0.009531590413943355,0.9235567010309278,0.3174985681557847,0.015000000000000013,16.589561855670105,0.5763914786978552,0.0013297175026197872,0.5871085890178502,61.51308055494413,0.6160169223511835,0.009259259259259259,0.9433333333333334,0.31333333333333346,0.0,16.375,0.5873447570292677,0.00023616801141745913,0.5630149333726207,60.26988658410561,0.6046856092030903,0.00980392156862745,0.9037800687285223,0.32166380297823594,0.030000000000000027,16.804123711340207,0.5654382003664427,0.002423266993822004,candidate_threshold_optimization
A,0.63,0.5750941988003693,60.88814084664766,0.6103178385483647,0.014153439153439154,0.925274914089347,0.3184292668957619,0.015000000000000013,16.48646907216495,0.5763914786978552,0.001297279897485959,0.5871085890178502,61.51308055494413,0.6160169223511835,0.009259259259259259,0.9433333333333334,0.31333333333333346,0.0,16.375,0.5873447570292677,0.00023616801141745913,0.5630798085828884,60.263201138351185,0.6046187547455459,0.01904761904761905,0.9072164948453608,0.32352520045819033,0.030000000000000027,16.5979381443299,0.5654382003664427,0.0023583917835542367,candidate_threshold_optimization
A,0.64,0.5749816988003693,60.88439084664766,0.6102803385483648,0.016373124592302675,0.925274914089347,0.3184292668957619,0.015000000000000013,16.561469072164947,0.5763914786978552,0.0014097798974859188,0.5868835890178503,61.50558055494414,0.6159419223511836,0.0136986301369863,0.9433333333333334,0.31333333333333346,0.0,16.525,0.5873447570292677,0.00046116801141737884,0.5630798085828884,60.263201138351185,0.6046187547455459,0.01904761904761905,0.9072164948453608,0.32352520045819033,0.030000000000000027,16.5979381443299,0.5654382003664427,0.0023583917835542367,candidate_threshold_optimization
A,0.65,0.5749816988003693,60.88439084664766,0.6102803385483648,0.016373124592302675,0.925274914089347,0.3184292668957619,0.015000000000000013,16.561469072164947,0.5763914786978552,0.0014097798974859188,0.5868835890178503,61.50558055494414,0.6159419223511836,0.0136986301369863,0.9433333333333334,0.31333333333333346,0.0,16.525,0.5873447570292677,0.00046116801141737884,0.5630798085828884,60.263201138351185,0.6046187547455459,0.01904761904761905,0.9072164948453608,0.32352520045819033,0.030000000000000027,16.5979381443299,0.5654382003664427,0.0023583917835542367,candidate_threshold_optimization
A,0.66,0.5749816988003693,60.88439084664766,0.6102803385483648,0.018586404270371084,0.925274914089347,0.3184292668957619,0.015000000000000013,16.561469072164947,0.5763914786978552,0.0014097798974859188,0.5868835890178503,61.50558055494414,0.6159419223511836,0.0136986301369863,0.9433333333333334,0.31333333333333346,0.0,16.525,0.5873447570292677,0.00046116801141737884,0.5630798085828884,60.263201138351185,0.6046187547455459,0.023474178403755867,0.9072164948453608,0.32352520045819033,0.030000000000000027,16.5979381443299,0.5654382003664427,0.0023583917835542367,candidate_threshold_optimization
A,0.67,0.5750344314260525,60.89079812983452,0.6103444113802334,0.01833083083083083,0.925274914089347,0.3177849369988546,0.015000000000000013,16.598582474226802,0.5763914786978552,0.001357047271802747,0.5867335890178502,61.50058055494413,0.6158919223511835,0.013513513513513514,0.9433333333333334,0.31333333333333346,0.0,16.625,0.5873447570292677,0.0006111680114174733,0.5633352738342546,60.28101570472491,0.6047969004092832,0.023148148148148147,0.9072164948453608,0.3222365406643757,0.030000000000000027,16.572164948453608,0.5654382003664427,0.002102926532188021,candidate_threshold_optimization
A,0.68,0.575167304629117,60.900076286338006,0.6104371929452682,0.01808219178082192,0.9287113402061855,0.31807130584192445,0.015000000000000013,16.54703608247423,0.5763914786978552,0.0012241740687382041,0.5867335890178502,61.50058055494413,0.6158919223511835,0.013333333333333334,0.9433333333333334,0.31333333333333346,0.0,16.625,0.5873447570292677,0.0006111680114174733,0.5636010202403838,60.29957201773188,0.6049824635393529,0.0228310502283105,0.9140893470790378,0.3228092783505154,0.030000000000000027,16.469072164948454,0.5654382003664427,0.0018371801260588239,candidate_threshold_optimization
A,0.69,0.5756624410838991,60.93455556755504,0.6107819857574386,0.022017543859649123,0.9355841924398626,0.3165678694158076,0.015000000000000013,16.456829896907216,0.5763914786978552,0.0007290376139561516,0.5867335890178502,61.50058055494413,0.6158919223511835,0.013333333333333334,0.9433333333333334,0.31333333333333346,0.0,16.625,0.5873447570292677,0.0006111680114174733,0.5645912931499478,60.368530580165945,0.6056720491636935,0.03070175438596491,0.9278350515463918,0.31980240549828176,0.030000000000000027,16.288659793814432,0.5654382003664427,0.0008469072164948299,candidate_threshold_optimization
A,0.7,0.5756624410838991,60.93455556755504,0.6107819857574386,0.022017543859649123,0.9355841924398626,0.3165678694158076,0.015000000000000013,16.456829896907216,0.5763914786978552,0.0007290376139561516,0.5867335890178502,61.50058055494413,0.6158919223511835,0.013333333333333334,0.9433333333333334,0.31333333333333346,0.0,16.625,0.5873447570292677,0.0006111680114174733,0.5645912931499478,60.368530580165945,0.6056720491636935,0.03070175438596491,0.9278350515463918,0.31980240549828176,0.030000000000000027,16.288659793814432,0.5654382003664427,0.0008469072164948299,candidate_threshold_optimization
A,0.71,0.5758347737167705,60.94649100724539,0.610901340154342,0.02181818181818182,0.9373024054982818,0.31620990836197027,0.015000000000000013,16.418170103092784,0.5763914786978552,0.0005567049810847324,0.5867335890178502,61.50058055494413,0.6158919223511835,0.013333333333333334,0.9433333333333334,0.31333333333333346,0.0,16.625,0.5873447570292677,0.0006111680114174733,0.5649359584156908,60.392401459546655,0.6059107579575006,0.030303030303030304,0.9312714776632303,0.3190864833906071,0.030000000000000027,16.211340206185568,0.5654382003664427,0.0005022419507518805,candidate_threshold_optimization
A,0.72,0.5757507142797753,60.94080556755503,0.6108444857574385,0.021623931623931624,0.9373024054982818,0.3165678694158076,0.015000000000000013,16.431056701030926,0.5763914786978552,0.0006407644180799199,0.5867335890178502,61.50058055494413,0.6158919223511835,0.013333333333333334,0.9433333333333334,0.31333333333333346,0.0,16.625,0.5873447570292677,0.0006111680114174733,0.5647678395417004,60.38103058016594,0.6057970491636936,0.029914529914529916,0.9312714776632303,0.31980240549828176,0.030000000000000027,16.237113402061855,0.5654382003664427,0.0006703608247422554,candidate_threshold_optimization
A,0.73,0.575808630778539,60.95145832854253,0.6109510133673135,0.019286269286269288,0.9423024054982818,0.31497064719358536,0.015000000000000013,16.54355670103093,0.5763914786978552,0.0005828479193161762,0.5868494220153778,61.52188607691911,0.6161049775709334,0.008658008658008658,0.9533333333333334,0.31013888888888896,0.0,16.85,0.5873447570292677,0.0004953350138898749,0.5647678395417004,60.38103058016594,0.6057970491636936,0.029914529914529916,0.9312714776632303,0.31980240549828176,0.030000000000000027,16.237113402061855,0.5654382003664427,0.0006703608247422554,candidate_threshold_optimization
A,0.74,0.5753805558621379,60.93685816794479,0.6108050117613362,0.014617070172625729,0.9474570446735395,0.317190005727377,0.015000000000000013,16.736855670103093,0.5763914786978552,0.0010109228357173539,0.5868494220153778,61.52188607691911,0.6161049775709334,0.008658008658008658,0.9533333333333334,0.31013888888888896,0.0,16.85,0.5873447570292677,0.0004953350138898749,0.563911689708898,60.35183025897047,0.6055050459517389,0.0205761316872428,0.9415807560137457,0.324241122565865,0.030000000000000027,16.623711340206185,0.5654382003664427,0.0015265106575446108,candidate_threshold_optimization
A,0.75,0.5751226393633742,60.9262054069573,0.6106984841514612,0.014454732510288067,0.9457903780068728,0.31878722794959924,0.015000000000000013,16.824355670103092,0.5763914786978552,0.0012688393344810756,0.5863335890178503,61.50058055494413,0.6158919223511835,0.008333333333333333,0.95,0.31333333333333346,0.0,17.025,0.5873447570292677,0.0010111680114174293,0.563911689708898,60.35183025897047,0.6055050459517389,0.0205761316872428,0.9415807560137457,0.324241122565865,0.030000000000000027,16.623711340206185,0.5654382003664427,0.0015265106575446108,candidate_threshold_optimization
A,0.76,0.5749800590254652,60.92313580386516,0.6106677881205398,0.01606425702811245,0.9490721649484536,0.317815005727377,0.015000000000000013,16.97512886597938,0.5763914786978552,0.0014114196723900019,0.5862249747337851,61.506941348759845,0.6159555302893407,0.012048192771084338,0.96,0.31138888888888894,0.0,17.275,0.5873447570292677,0.0011197822954825964,0.5637351433171455,60.33933025897047,0.6053800459517389,0.020080321285140562,0.9381443298969072,0.324241122565865,0.030000000000000027,16.675257731958762,0.5654382003664427,0.0017030570492971853,candidate_threshold_optimization
A,0.77,0.5750066054172178,60.92063580386517,0.6106427881205398,0.01792885829030407,0.9473539518900344,0.317815005727377,0.015000000000000013,16.923582474226805,0.5763914786978552,0.0013848732806374109,0.5862249747337851,61.506941348759845,0.6159555302893407,0.012048192771084338,0.96,0.31138888888888894,0.0,17.275,0.5873447570292677,0.0011197822954825964,0.5637882361006507,60.33433025897048,0.6053300459517389,0.023809523809523808,0.9347079037800687,0.324241122565865,0.030000000000000027,16.572164948453608,0.5654382003664427,0.0016499642657920033,candidate_threshold_optimization
A,0.78,0.5751566054172179,60.92563580386516,0.6106927881205397,0.021661998132586367,0.9473539518900344,0.317815005727377,0.015000000000000013,16.823582474226804,0.5763914786978552,0.0012348732806373164,0.5865249747337852,61.51694134875984,0.6160555302893407,0.015873015873015872,0.96,0.31138888888888894,0.0,17.075,0.5873447570292677,0.0008197822954825185,0.5637882361006507,60.33433025897048,0.6053300459517389,0.027450980392156862,0.9347079037800687,0.324241122565865,0.030000000000000027,16.572164948453608,0.5654382003664427,0.0016499642657920033,candidate_threshold_optimization
A,0.79,0.5753566610912393,60.937538564852645,0.6108118157304147,0.019448244414044687,0.9506872852233677,0.3162177835051547,0.015000000000000013,16.80644329896907,0.5763914786978552,0.0010348176066159454,0.5864658077313126,61.52574687073482,0.6161435855090904,0.011764705882352941,0.9666666666666667,0.30819444444444444,0.0,17.35,0.5873447570292677,0.0008789492979550673,0.564247514451166,60.34933025897047,0.6054800459517389,0.027131782945736434,0.9347079037800687,0.324241122565865,0.030000000000000027,16.262886597938145,0.5654382003664427,0.0011906859152766014,candidate_threshold_optimization
A,0.8,0.5753566610912393,60.937538564852645,0.6108118157304147,0.019448244414044687,0.9506872852233677,0.3162177835051547,0.015000000000000013,16.80644329896907,0.5763914786978552,0.0010348176066159454,0.5864658077313126,61.52574687073482,0.6161435855090904,0.011764705882352941,0.9666666666666667,0.30819444444444444,0.0,17.35,0.5873447570292677,0.0008789492979550673,0.564247514451166,60.34933025897047,0.6054800459517389,0.027131782945736434,0.9347079037800687,0.324241122565865,0.030000000000000027,16.262886597938145,0.5654382003664427,0.0011906859152766014,candidate_threshold_optimization
A,0.81,0.5752316610912394,60.930038564852644,0.6107368157304146,0.02131782945736434,0.9490206185567011,0.3162177835051547,0.015000000000000013,16.856443298969072,0.5763914786978552,0.001159817606615876,0.5862158077313125,61.51074687073482,0.6159935855090903,0.015503875968992248,0.9633333333333334,0.30819444444444444,0.0,17.45,0.5873447570292677,0.0011289492979551508,0.564247514451166,60.34933025897047,0.6054800459517389,0.027131782945736434,0.9347079037800687,0.324241122565865,0.030000000000000027,16.262886597938145,0.5654382003664427,0.0011906859152766014,candidate_threshold_optimization
A,0.82,0.575243387895363,60.93378856485265,0.6107743157304146,0.02116189967031988,0.9507388316151203,0.3162177835051547,0.015000000000000013,16.88221649484536,0.5763914786978552,0.0011480908024922298,0.5862158077313125,61.51074687073482,0.6159935855090903,0.015503875968992248,0.9633333333333334,0.30819444444444444,0.0,17.45,0.5873447570292677,0.0011289492979551508,0.5642709680594135,60.356830258970476,0.6055550459517388,0.02681992337164751,0.9381443298969072,0.324241122565865,0.030000000000000027,16.314432989690722,0.5654382003664427,0.0011672323070291979,candidate_threshold_optimization
A,0.83,0.575243387895363,60.93378856485265,0.6107743157304146,0.02116189967031988,0.9507388316151203,0.3162177835051547,0.015000000000000013,16.88221649484536,0.5763914786978552,0.0011480908024922298,0.5862158077313125,61.51074687073482,0.6159935855090903,0.015503875968992248,0.9633333333333334,0.30819444444444444,0.0,17.45,0.5873447570292677,0.0011289492979551508,0.5642709680594135,60.356830258970476,0.6055550459517388,0.02681992337164751,0.9381443298969072,0.324241122565865,0.030000000000000027,16.314432989690722,0.5654382003664427,0.0011672323070291979,candidate_threshold_optimization
A,0.84,0.5754774473323583,60.954474004543,0.6109811701273182,0.020920411006617904,0.9558419243986254,0.3158598224513174,0.015000000000000013,16.869329896907217,0.5763914786978552,0.0009140313654969479,0.5863158077313126,61.52074687073482,0.6160935855090904,0.01532567049808429,0.9666666666666667,0.30819444444444444,0.0,17.45,0.5873447570292677,0.0010289492979550507,0.5646390869334038,60.388201138351185,0.6058687547455459,0.026515151515151516,0.9450171821305842,0.32352520045819033,0.030000000000000027,16.288659793814432,0.5654382003664427,0.000799113433038845,candidate_threshold_optimization
A,0.85,0.5757305401158634,60.969474004543,0.6111311701273182,0.020771449481251883,0.9592783505154638,0.3158598224513174,0.015000000000000013,16.766237113402063,0.5763914786978552,0.0006609385819917879,0.5863158077313126,61.52074687073482,0.6160935855090904,0.01532567049808429,0.9666666666666667,0.30819444444444444,0.0,17.45,0.5873447570292677,0.0010289492979550507,0.5651452725004142,60.41820113835118,0.606168754745546,0.026217228464419477,0.9518900343642611,0.32352520045819033,0.030000000000000027,16.082474226804123,0.5654382003664427,0.00029292786602841403,candidate_threshold_optimization
A,0.86,0.5759305401158634,60.979474004543,0.6112311701273182,0.020684371807967315,0.9609450171821305,0.3158598224513174,0.015000000000000013,16.66623711340206,0.5763914786978552,0.0004609385819918099,0.5867158077313126,61.54074687073482,0.6162935855090904,0.015151515151515152,0.97,0.30819444444444444,0.0,17.25,0.5873447570292677,0.0006289492979550948,0.5651452725004142,60.41820113835118,0.606168754745546,0.026217228464419477,0.9518900343642611,0.32352520045819033,0.030000000000000027,16.082474226804123,0.5654382003664427,0.00029292786602841403,candidate_threshold_optimization
A,0.87,0.5759805401158634,60.984474004543,0.6112811701273182,0.01868686868686869,0.9626632302405498,0.3158598224513174,0.015000000000000013,16.66623711340206,0.5763914786978552,0.00041093858199181543,0.5867158077313126,61.54074687073482,0.6162935855090904,0.015151515151515152,0.97,0.30819444444444444,0.0,17.25,0.5873447570292677,0.0006289492979550948,0.5652452725004142,60.42820113835118,0.606268754745546,0.022222222222222223,0.9553264604810997,0.32352520045819033,0.030000000000000027,16.082474226804123,0.5654382003664427,0.00019292786602842504,candidate_threshold_optimization
A,0.88,0.5757509009406057,60.976974004543,0.6112061701273181,0.021610845295055824,0.9626632302405498,0.3158598224513174,0.015000000000000013,16.820876288659793,0.5763914786978552,0.0006405777572495719,0.5867158077313126,61.54074687073482,0.6162935855090904,0.015151515151515152,0.97,0.30819444444444444,0.0,17.25,0.5873447570292677,0.0006289492979550948,0.5647859941498986,60.413201138351184,0.6061187547455459,0.028070175438596492,0.9553264604810997,0.32352520045819033,0.030000000000000027,16.391752577319586,0.5654382003664427,0.000652206216544049,candidate_threshold_optimization
A,0.89,0.5757509009406057,60.976974004543,0.6112061701273181,0.021610845295055824,0.9626632302405498,0.3158598224513174,0.015000000000000013,16.820876288659793,0.5763914786978552,0.0006405777572495719,0.5867158077313126,61.54074687073482,0.6162935855090904,0.015151515151515152,0.97,0.30819444444444444,0.0,17.25,0.5873447570292677,0.0006289492979550948,0.5647859941498986,60.413201138351184,0.6061187547455459,0.028070175438596492,0.9553264604810997,0.32352520045819033,0.030000000000000027,16.391752577319586,0.5654382003664427,0.000652206216544049,candidate_threshold_optimization
A,0.9,0.5757509009406057,60.976974004543,0.6112061701273181,0.021610845295055824,0.9626632302405498,0.3158598224513174,0.015000000000000013,16.820876288659793,0.5763914786978552,0.0006405777572495719,0.5867158077313126,61.54074687073482,0.6162935855090904,0.015151515151515152,0.97,0.30819444444444444,0.0,17.25,0.5873447570292677,0.0006289492979550948,0.5647859941498986,60.413201138351184,0.6061187547455459,0.028070175438596492,0.9553264604810997,0.32352520045819033,0.030000000000000027,16.391752577319586,0.5654382003664427,0.000652206216544049,candidate_threshold_optimization
A,0.91,0.5757509009406057,60.976974004543,0.6112061701273181,0.021610845295055824,0.9626632302405498,0.3158598224513174,0.015000000000000013,16.820876288659793,0.5763914786978552,0.0006405777572495719,0.5867158077313126,61.54074687073482,0.6162935855090904,0.015151515151515152,0.97,0.30819444444444444,0.0,17.25,0.5873447570292677,0.0006289492979550948,0.5647859941498986,60.413201138351184,0.6061187547455459,0.028070175438596492,0.9553264604810997,0.32352520045819033,0.030000000000000027,16.391752577319586,0.5654382003664427,0.000652206216544049,candidate_threshold_optimization
A,0.92,0.5757509009406057,60.976974004543,0.6112061701273181,0.021610845295055824,0.9626632302405498,0.3158598224513174,0.015000000000000013,16.820876288659793,0.5763914786978552,0.0006405777572495719,0.5867158077313126,61.54074687073482,0.6162935855090904,0.015151515151515152,0.97,0.30819444444444444,0.0,17.25,0.5873447570292677,0.0006289492979550948,0.5647859941498986,60.413201138351184,0.6061187547455459,0.028070175438596492,0.9553264604810997,0.32352520045819033,0.030000000000000027,16.391752577319586,0.5654382003664427,0.000652206216544049,candidate_threshold_optimization
A,0.93,0.5757884009406056,60.978224004542994,0.6112186701273181,0.023294346978557506,0.9626632302405498,0.3158598224513174,0.015000000000000013,16.79587628865979,0.5763914786978552,0.0006030777572496593,0.5867908077313126,61.54324687073481,0.6163185855090905,0.018518518518518517,0.97,0.30819444444444444,0.0,17.2,0.5873447570292677,0.0005539492979550475,0.5647859941498986,60.413201138351184,0.6061187547455459,0.028070175438596492,0.9553264604810997,0.32352520045819033,0.030000000000000027,16.391752577319586,0.5654382003664427,0.000652206216544049,candidate_threshold_optimization
A,0.94,0.5757884009406056,60.978224004542994,0.6112186701273181,0.023294346978557506,0.9626632302405498,0.3158598224513174,0.015000000000000013,16.79587628865979,0.5763914786978552,0.0006030777572496593,0.5867908077313126,61.54324687073481,0.6163185855090905,0.018518518518518517,0.97,0.30819444444444444,0.0,17.2,0.5873447570292677,0.0005539492979550475,0.5647859941498986,60.413201138351184,0.6061187547455459,0.028070175438596492,0.9553264604810997,0.32352520045819033,0.030000000000000027,16.391752577319586,0.5654382003664427,0.000652206216544049,candidate_threshold_optimization
A,0.95,0.5763914786978552,61.023030634792576,0.611666736429814,0.02275413711583924,0.9710996563573884,0.3126095360824742,0.015000000000000013,16.770876288659792,0.5763914786978552,0.0,0.5873447570292677,61.582530689419215,0.6167114236959343,0.01773049645390071,0.98,0.30541666666666667,0.0,17.15,0.5873447570292677,0.0,0.5654382003664427,60.463530580165944,0.6066220491636936,0.027777777777777776,0.9621993127147767,0.31980240549828176,0.030000000000000027,16.391752577319586,0.5654382003664427,0.0,candidate_threshold_optimization
A,0.96,0.5762554045635025,61.02359847908927,0.6116724148727809,0.02417137067592995,0.9728178694158076,0.3126095360824742,0.015000000000000013,16.91262886597938,0.5763914786978552,0.00013607413435268167,0.5873447570292677,61.582530689419215,0.6167114236959343,0.01773049645390071,0.98,0.30541666666666667,0.0,17.15,0.5873447570292677,0.0,0.5651660520977374,60.46466626875934,0.6066334060496275,0.030612244897959183,0.9656357388316151,0.31980240549828176,0.030000000000000027,16.675257731958762,0.5654382003664427,0.00027214826870525233,candidate_threshold_optimization
A,0.97,0.5762362405093332,61.030416323385964,0.6117405933157478,0.023865248226950353,0.9745360824742269,0.3144709335624285,0.015000000000000013,16.925515463917527,0.5763914786978552,0.0001552381885220333,0.5873447570292677,61.582530689419215,0.6167114236959343,0.01773049645390071,0.98,0.30541666666666667,0.0,17.15,0.5873447570292677,0.0,0.5651277239893987,60.47830195735272,0.6067697629355614,0.03,0.9690721649484536,0.32352520045819033,0.030000000000000027,16.701030927835053,0.5654382003664427,0.0003104763770439556,candidate_threshold_optimization
A,0.98,0.5761987405093332,61.029166323385965,0.6117280933157478,0.023771929824561402,0.9745360824742269,0.3144709335624285,0.015000000000000013,16.950515463917526,0.5763914786978552,0.00019273818852205693,0.5872697570292676,61.58003068941921,0.6166864236959343,0.017543859649122806,0.98,0.30541666666666667,0.0,17.2,0.5873447570292677,7.500000000004725e-05,0.5651277239893987,60.47830195735272,0.6067697629355614,0.03,0.9690721649484536,0.32352520045819033,0.030000000000000027,16.701030927835053,0.5654382003664427,0.0003104763770439556,candidate_threshold_optimization
A,0.99,0.5761987405093332,61.029166323385965,0.6117280933157478,0.02350340136054422,0.9745360824742269,0.3144709335624285,0.015000000000000013,16.950515463917526,0.5763914786978552,0.00019273818852205693,0.5872697570292676,61.58003068941921,0.6166864236959343,0.017006802721088437,0.98,0.30541666666666667,0.0,17.2,0.5873447570292677,7.500000000004725e-05,0.5651277239893987,60.47830195735272,0.6067697629355614,0.03,0.9690721649484536,0.32352520045819033,0.030000000000000027,16.701030927835053,0.5654382003664427,0.0003104763770439556,candidate_threshold_optimization
A,1.0,0.5761987405093332,61.029166323385965,0.6117280933157478,0.025,0.9745360824742269,0.3144709335624285,0.015000000000000013,16.950515463917526,0.5763914786978552,0.00019273818852205693,0.5872697570292678,61.58003068941922,0.6166864236959344,0.02,0.98,0.30541666666666667,0.0,17.2,0.5873447570292677,7.499999999993623e-05,0.5651277239893987,60.47830195735272,0.6067697629355614,0.03,0.9690721649484536,0.32352520045819033,0.030000000000000027,16.701030927835053,0.5654382003664427,0.0003104763770439556,candidate_threshold_optimization
B,0.0,0.583744572157953,61.81184083990888,0.619554838480977,0.0,0.7590034364261169,0.3142418384879725,0.015000000000000013,17.240592783505154,0.5903484625854398,0.00660389042748688,0.595795963805752,62.41237358928986,0.6250098526946408,0.0,0.8066666666666666,0.3109722222222222,0.0,16.775,0.6008537879680118,0.005057824162259861,0.5716931805101539,61.21130809052791,0.6140998242673131,0.0,0.711340206185567,0.3175114547537228,0.030000000000000027,17.70618556701031,0.5798431372028678,0.0081499566927139,candidate_threshold_optimization
B,0.01,0.5837576102511339,61.814904385767655,0.6195854739395648,0.0,0.7623367697594502,0.31431128293241695,0.015000000000000013,17.25541237113402,0.5903484625854398,0.006590852334305897,0.5961428178284534,62.43511454711557,0.6252372622728979,0.0,0.8133333333333334,0.3111111111111111,0.0,16.65,0.6008537879680118,0.004710970139558457,0.5713724026738146,61.19469422441974,0.6139336856062315,0.0,0.711340206185567,0.3175114547537228,0.030000000000000027,17.86082474226804,0.5798431372028678,0.008470734529053225,candidate_threshold_optimization
B,0.02,0.5839966031845711,61.82880367911136,0.6197244668730018,0.0,0.7640034364261168,0.31431128293241695,0.015000000000000013,17.15541237113402,0.5903484625854398,0.006351859400868687,0.5966208036953277,62.46291313380298,0.6255152481397721,0.0,0.8166666666666667,0.3111111111111111,0.0,16.45,0.6008537879680118,0.004232984272684148,0.5713724026738146,61.19469422441974,0.6139336856062315,0.0,0.711340206185567,0.3175114547537228,0.030000000000000027,17.86082474226804,0.5798431372028678,0.008470734529053225,candidate_threshold_optimization
B,0.03,0.5841758602573122,61.845185858321315,0.6198882886651013,0.0,0.7707216494845361,0.3139640607101948,0.015000000000000013,17.153865979381443,0.5903484625854398,0.006172602328127663,0.5967828280893234,62.48633779542479,0.62574949475599,0.0,0.8266666666666667,0.3104166666666668,0.0,16.55,0.6008537879680118,0.0040709598786884404,0.5715688924253008,61.20403392121785,0.6140270825742126,0.0,0.7147766323024055,0.3175114547537228,0.030000000000000027,17.757731958762886,0.5798431372028678,0.008274244777566997,candidate_threshold_optimization
B,0.04,0.5841255110982853,61.832418983655735,0.6197606199184456,0.0,0.7655670103092784,0.3139640607101948,0.015000000000000013,17.07654639175258,0.5903484625854398,0.006222951487154571,0.5967828280893234,62.48633779542479,0.62574949475599,0.0,0.8266666666666667,0.3104166666666668,0.0,16.55,0.6008537879680118,0.0040709598786884404,0.571468194107247,61.17850017188668,0.613771745080901,0.0,0.7044673539518901,0.3175114547537228,0.030000000000000027,17.603092783505154,0.5798431372028678,0.008374943095620813,candidate_threshold_optimization
B,0.05,0.5841255110982853,61.832418983655735,0.6197606199184456,0.0,0.7655670103092784,0.3139640607101948,0.015000000000000013,17.07654639175258,0.5903484625854398,0.006222951487154571,0.5967828280893234,62.48633779542479,0.62574949475599,0.0,0.8266666666666667,0.3104166666666668,0.0,16.55,0.6008537879680118,0.0040709598786884404,0.571468194107247,61.17850017188668,0.613771745080901,0.0,0.7044673539518901,0.3175114547537228,0.030000000000000027,17.603092783505154,0.5798431372028678,0.008374943095620813,candidate_threshold_optimization
B,0.06,0.5841966778515651,61.853408797586255,0.6199705180577506,0.0,0.7756701030927835,0.31403350515463924,0.015000000000000013,17.2125,0.5903484625854398,0.006151784733874677,0.5965770439377481,62.50381493582281,0.6259242661599703,0.0,0.84,0.3105555555555557,0.0,16.925,0.6008537879680118,0.0042767440302636794,0.5718163117653822,61.20300265934969,0.614016769955531,0.0,0.711340206185567,0.3175114547537228,0.030000000000000027,17.5,0.5798431372028678,0.008026825437485674,candidate_threshold_optimization
B,0.07,0.5843317774638901,61.85699607840637,0.6200063908659519,0.0,0.7740549828178694,0.31403350515463924,0.015000000000000013,17.11327319587629,0.5903484625854398,0.006016685121549736,0.5968157032413784,62.50268086618584,0.6259129254636007,0.0,0.8333333333333334,0.3105555555555557,0.0,16.675,0.6008537879680118,0.004038084726633362,0.5718478516864016,61.2113112906269,0.6140998562683031,0.0,0.7147766323024055,0.3175114547537228,0.030000000000000027,17.551546391752577,0.5798431372028678,0.007995285516466222,candidate_threshold_optimization
B,0.08,0.5840697560342529,61.84754651276224,0.6199118952095106,0.0,0.7774914089347079,0.31403350515463924,0.015000000000000013,17.280798969072166,0.5903484625854398,0.006278706551186897,0.5967190742798815,62.49301797003615,0.6258162965021037,0.0,0.8333333333333334,0.3105555555555557,0.0,16.675,0.6008537879680118,0.004134713688130343,0.5714204377886244,61.202075055488336,0.6140074939169176,0.0,0.7216494845360825,0.3175114547537228,0.030000000000000027,17.88659793814433,0.5798431372028678,0.00842269941424345,candidate_threshold_optimization
B,0.09,0.5841722689490448,61.8732144709081,0.6201685747909692,0.0,0.7842611683848797,0.31570017182130583,0.015000000000000013,17.368298969072164,0.5903484625854398,0.006176193636394989,0.5966587057252155,62.51781444790288,0.6260642612807711,0.0,0.84,0.3138888888888889,0.0,16.85,0.6008537879680118,0.0041950822427963,0.5716858321728742,61.22861449391333,0.6142728883011673,0.0,0.7285223367697594,0.3175114547537228,0.030000000000000027,17.88659793814433,0.5798431372028678,0.008157305029993678,candidate_threshold_optimization
B,0.1,0.583999860326947,61.869410034815154,0.6201305304300397,0.0,0.7893127147766323,0.31591494845360824,0.015000000000000013,17.494072164948456,0.5903484625854398,0.006348602258492875,0.5964874835926687,62.5206922346482,0.6260930391482242,0.0,0.8466666666666667,0.3138888888888889,0.0,17.05,0.6008537879680118,0.004366304375343133,0.5715122370612251,61.218127834982106,0.6141680217118551,0.0,0.7319587628865979,0.3179410080183276,0.030000000000000027,17.938144329896907,0.5798431372028678,0.008330900141642728,candidate_threshold_optimization
B,0.11,0.5846159336958772,61.91282292726372,0.6205646593545255,0.0,0.8029553264604812,0.3158476517754869,0.015000000000000013,17.314819587628868,0.5903484625854398,0.00573252888956266,0.5966959891096383,62.53293167523404,0.6262154335540827,0.0,0.8533333333333334,0.3136111111111113,0.0,16.975,0.6008537879680118,0.004157798858373529,0.5725358782821159,61.292714179293405,0.6149138851549683,0.0,0.7525773195876289,0.3180841924398625,0.030000000000000027,17.65463917525773,0.5798431372028678,0.007307258920751902,candidate_threshold_optimization
B,0.12,0.5845276610773127,61.90774566540729,0.6205138867359612,0.0,0.8012886597938145,0.3145976517754868,0.015000000000000013,17.402319587628867,0.5903484625854398,0.005820801508127138,0.5965194438725095,62.52277715152118,0.626113888316954,0.0,0.85,0.3111111111111111,0.0,17.15,0.6008537879680118,0.004334344095502263,0.5725358782821159,61.292714179293405,0.6149138851549683,0.0,0.7525773195876289,0.3180841924398625,0.030000000000000027,17.65463917525773,0.5798431372028678,0.007307258920751902,candidate_threshold_optimization
B,0.13,0.5845276610773127,61.90774566540729,0.6205138867359612,0.0,0.8012886597938145,0.3145976517754868,0.015000000000000013,17.402319587628867,0.5903484625854398,0.005820801508127138,0.5965194438725095,62.52277715152118,0.626113888316954,0.0,0.85,0.3111111111111111,0.0,17.15,0.6008537879680118,0.004334344095502263,0.5725358782821159,61.292714179293405,0.6149138851549683,0.0,0.7525773195876289,0.3180841924398625,0.030000000000000027,17.65463917525773,0.5798431372028678,0.007307258920751902,candidate_threshold_optimization
B,0.14,0.5850982170295296,61.93480126062897,0.6207844426881779,0.0,0.8046219931271478,0.3145976517754868,0.015000000000000013,17.102319587628866,0.5903484625854398,0.005250245555910249,0.5976605557769431,62.57688834196453,0.6266550002213875,0.0,0.8566666666666667,0.3111111111111111,0.0,16.55,0.6008537879680118,0.0031932321910687067,0.5725358782821159,61.292714179293405,0.6149138851549683,0.0,0.7525773195876289,0.3180841924398625,0.030000000000000027,17.65463917525773,0.5798431372028678,0.007307258920751902,candidate_threshold_optimization
B,0.15,0.5851767699287154,61.946236161085935,0.6208987916927475,0.0,0.8114948453608248,0.3158147193585338,0.015000000000000013,17.08943298969072,0.5903484625854398,0.005171692656724458,0.5976605557769431,62.57688834196453,0.6266550002213875,0.0,0.8566666666666667,0.3111111111111111,0.0,16.55,0.6008537879680118,0.0031932321910687067,0.5726929840804877,61.315583980207336,0.6151425831641074,0.0,0.7663230240549829,0.32051832760595644,0.030000000000000027,17.628865979381445,0.5798431372028678,0.0071501531223800985,candidate_threshold_optimization
B,0.16,0.5851767699287154,61.946236161085935,0.6208987916927475,0.0,0.8114948453608248,0.3158147193585338,0.015000000000000013,17.08943298969072,0.5903484625854398,0.005171692656724458,0.5976605557769431,62.57688834196453,0.6266550002213875,0.0,0.8566666666666667,0.3111111111111111,0.0,16.55,0.6008537879680118,0.0031932321910687067,0.5726929840804877,61.315583980207336,0.6151425831641074,0.0,0.7663230240549829,0.32051832760595644,0.030000000000000027,17.628865979381445,0.5798431372028678,0.0071501531223800985,candidate_threshold_optimization
B,0.17,0.585670711266277,61.978130294842096,0.621217733030309,0.0,0.8181615120274914,0.3158147193585338,0.015000000000000013,16.914432989690724,0.5903484625854398,0.004677751319162815,0.5986484384520663,62.640676609476856,0.6272928828965108,0.0,0.87,0.3111111111111111,0.0,16.2,0.6008537879680118,0.0022053495159455316,0.5726929840804877,61.315583980207336,0.6151425831641074,0.0,0.7663230240549829,0.32051832760595644,0.030000000000000027,17.628865979381445,0.5798431372028678,0.0071501531223800985,candidate_threshold_optimization
B,0.18,0.585670711266277,61.978130294842096,0.621217733030309,0.0,0.8181615120274914,0.3158147193585338,0.015000000000000013,16.914432989690724,0.5903484625854398,0.004677751319162815,0.5986484384520663,62.640676609476856,0.6272928828965108,0.0,0.87,0.3111111111111111,0.0,16.2,0.6008537879680118,0.0022053495159455316,0.5726929840804877,61.315583980207336,0.6151425831641074,0.0,0.7663230240549829,0.32051832760595644,0.030000000000000027,17.628865979381445,0.5798431372028678,0.0071501531223800985,candidate_threshold_optimization
B,0.19,0.5855464095433953,61.972163467342014,0.6211580647553083,0.0,0.814828178694158,0.3143828751431844,0.015000000000000013,17.036340206185564,0.5903484625854398,0.004802053042044507,0.5977448986592888,62.5953226301991,0.6268393431037332,0.0,0.8633333333333333,0.3111111111111111,0.0,16.65,0.6008537879680118,0.003108889308722995,0.5733479204275018,61.34900430448492,0.6154767864068833,0.0,0.7663230240549829,0.3176546391752577,0.030000000000000027,17.422680412371133,0.5798431372028678,0.0064952167753660195,candidate_threshold_optimization
B,0.2,0.5854905970080206,61.97172110269344,0.6211536411088225,0.0,0.814828178694158,0.3141050973654067,0.015000000000000013,17.098840206185564,0.5903484625854398,0.004857865577419185,0.5976332735885395,62.594437900901944,0.6268304958107617,0.0,0.8633333333333333,0.3105555555555557,0.0,16.775,0.6008537879680118,0.00322051437947235,0.5733479204275018,61.34900430448492,0.6154767864068833,0.0,0.7663230240549829,0.3176546391752577,0.030000000000000027,17.422680412371133,0.5798431372028678,0.0064952167753660195,candidate_threshold_optimization
B,0.21,0.5860799325638255,62.01807733868629,0.621617203468751,0.0,0.8282646048109965,0.3141050973654067,0.015000000000000013,16.97306701030928,0.5903484625854398,0.004268530021614314,0.5985573408264995,62.66684462469795,0.6275545630487217,0.0,0.8833333333333333,0.3105555555555557,0.0,16.575,0.6008537879680118,0.0022964471415123366,0.5736025243011517,61.36931005267463,0.6156798438887805,0.0,0.7731958762886598,0.3176546391752577,0.030000000000000027,17.371134020618555,0.5798431372028678,0.0062406129017161804,candidate_threshold_optimization
B,0.22,0.5861883270621014,62.030491817150775,0.6217413482533959,0.0,0.8334192439862542,0.3141766895761742,0.015000000000000013,16.98595360824742,0.5903484625854398,0.004160135523338382,0.5985573408264995,62.66684462469795,0.6275545630487217,0.0,0.8833333333333333,0.3105555555555557,0.0,16.575,0.6008537879680118,0.0022964471415123366,0.5738193132977034,61.3941390096036,0.6159281334580701,0.0,0.7835051546391752,0.31779782359679265,0.030000000000000027,17.396907216494846,0.5798431372028678,0.006023823905164427,candidate_threshold_optimization
B,0.23,0.5861883270621014,62.030491817150775,0.6217413482533959,0.0,0.8334192439862542,0.3141766895761742,0.015000000000000013,16.98595360824742,0.5903484625854398,0.004160135523338382,0.5985573408264995,62.66684462469795,0.6275545630487217,0.0,0.8833333333333333,0.3105555555555557,0.0,16.575,0.6008537879680118,0.0022964471415123366,0.5738193132977034,61.3941390096036,0.6159281334580701,0.0,0.7835051546391752,0.31779782359679265,0.030000000000000027,17.396907216494846,0.5798431372028678,0.006023823905164427,candidate_threshold_optimization
B,0.24,0.5860321633785732,62.022607407560834,0.6216625041574965,0.0,0.831701030927835,0.3141766895761742,0.015000000000000013,17.063273195876288,0.5903484625854398,0.004316299206866603,0.5985573408264995,62.66684462469795,0.6275545630487217,0.0,0.8833333333333333,0.3105555555555557,0.0,16.575,0.6008537879680118,0.0022964471415123366,0.5735069859306469,61.378370190423716,0.6157704452662712,0.0,0.7800687285223368,0.31779782359679265,0.030000000000000027,17.551546391752577,0.5798431372028678,0.00633615127222098,candidate_threshold_optimization
B,0.25,0.5860321633785732,62.022607407560834,0.6216625041574965,0.0,0.831701030927835,0.3141766895761742,0.015000000000000013,17.063273195876288,0.5903484625854398,0.004316299206866603,0.5985573408264995,62.66684462469795,0.6275545630487217,0.0,0.8833333333333333,0.3105555555555557,0.0,16.575,0.6008537879680118,0.0022964471415123366,0.5735069859306469,61.378370190423716,0.6157704452662712,0.0,0.7800687285223368,0.31779782359679265,0.030000000000000027,17.551546391752577,0.5798431372028678,0.00633615127222098,candidate_threshold_optimization
B,0.26,0.5864553950812605,62.06135096729119,0.6220499397548,0.0,0.8437285223367698,0.31424828178694164,0.015000000000000013,17.024613402061853,0.5903484625854398,0.0038930675041792817,0.5985573408264995,62.66684462469795,0.6275545630487217,0.0,0.8833333333333333,0.3105555555555557,0.0,16.575,0.6008537879680118,0.0022964471415123366,0.5743534493360215,61.45585730988442,0.6165453164608783,0.0,0.8041237113402062,0.3179410080183276,0.030000000000000027,17.47422680412371,0.5798431372028678,0.005489687866846338,candidate_threshold_optimization
B,0.27,0.5865731821274571,62.07312967191085,0.6221677268009966,0.0,0.8470618556701031,0.31424828178694164,0.015000000000000013,17.024613402061853,0.5903484625854398,0.0037752804579826993,0.5987929149188927,62.690402033937275,0.627790137141115,0.0,0.89,0.3105555555555557,0.0,16.575,0.6008537879680118,0.0020608730491190608,0.5743534493360215,61.45585730988442,0.6165453164608783,0.0,0.8041237113402062,0.3179410080183276,0.030000000000000027,17.47422680412371,0.5798431372028678,0.005489687866846338,candidate_threshold_optimization
B,0.28,0.5865731821274571,62.07312967191085,0.6221677268009966,0.0,0.8470618556701031,0.31424828178694164,0.015000000000000013,17.024613402061853,0.5903484625854398,0.0037752804579826993,0.5987929149188927,62.690402033937275,0.627790137141115,0.0,0.89,0.3105555555555557,0.0,16.575,0.6008537879680118,0.0020608730491190608,0.5743534493360215,61.45585730988442,0.6165453164608783,0.0,0.8041237113402062,0.3179410080183276,0.030000000000000027,17.47422680412371,0.5798431372028678,0.005489687866846338,candidate_threshold_optimization
B,0.29,0.5866738265494293,62.07861221261894,0.6222225522080775,0.0,0.8487800687285223,0.3143914662084766,0.015000000000000013,16.97306701030928,0.5903484625854398,0.0036746360360104813,0.5987929149188927,62.690402033937275,0.627790137141115,0.0,0.89,0.3105555555555557,0.0,16.575,0.6008537879680118,0.0020608730491190608,0.5745547381799658,61.46682239130061,0.6166549672750402,0.0,0.8075601374570447,0.31822737686139746,0.030000000000000027,17.371134020618555,0.5798431372028678,0.005288399022902013,candidate_threshold_optimization
B,0.3,0.5866366481257048,62.08544992580205,0.6222909293399087,0.004629629629629629,0.850446735395189,0.31578035509736546,0.015000000000000013,17.023067010309276,0.5903484625854398,0.003711814459735008,0.5987185580714439,62.704077460303495,0.6279268914047772,0.009259259259259259,0.8933333333333333,0.31333333333333346,0.0,16.675,0.6008537879680118,0.0021352298965678917,0.5745547381799658,61.46682239130061,0.6166549672750402,0.0,0.8075601374570447,0.31822737686139746,0.030000000000000027,17.371134020618555,0.5798431372028678,0.005288399022902013,candidate_threshold_optimization
B,0.31,0.5865099219564819,62.07793194805501,0.6222157495624383,0.004629629629629629,0.8487285223367698,0.31578035509736546,0.015000000000000013,17.074613402061857,0.5903484625854398,0.0038385406289579427,0.5987185580714439,62.704077460303495,0.6279268914047772,0.009259259259259259,0.8933333333333333,0.31333333333333346,0.0,16.675,0.6008537879680118,0.0021352298965678917,0.5743012858415198,61.45178643580652,0.6165046077200994,0.0,0.8041237113402062,0.31822737686139746,0.030000000000000027,17.47422680412371,0.5798431372028678,0.005541851361347994,candidate_threshold_optimization
B,0.32,0.5866166182069377,62.08596984343278,0.6222961285162161,0.0045045045045045045,0.8556013745704467,0.3169974226804124,0.015000000000000013,16.999613402061854,0.5903484625854398,0.0037318443785021582,0.5988877318208197,62.705994835241064,0.627946065154153,0.009009009009009009,0.8933333333333333,0.31333333333333346,0.0,16.525,0.6008537879680118,0.001966056147192141,0.5743455045930558,61.4659448516245,0.6166461918782792,0.0,0.8178694158075601,0.3206615120274914,0.030000000000000027,17.47422680412371,0.5798431372028678,0.005497632609812064,candidate_threshold_optimization
B,0.33,0.5867304246649672,62.09196389129759,0.622356068994864,0.0043859649122807015,0.8556529209621992,0.3169974226804124,0.015000000000000013,16.945747422680412,0.5903484625854398,0.003618037920472661,0.5985911109973839,62.6913327528975,0.6277994443307172,0.008771929824561403,0.89,0.31333333333333346,0.0,16.675,0.6008537879680118,0.002262676970627875,0.5748697383325503,61.492595029697675,0.6169126936590108,0.0,0.8213058419243986,0.3206615120274914,0.030000000000000027,17.216494845360824,0.5798431372028678,0.004973398870317558,candidate_threshold_optimization
B,0.34,0.586700334550771,62.10500012615517,0.62248643134344,0.0,0.8606529209621994,0.31714275486827037,0.015000000000000013,17.100386597938147,0.5903484625854398,0.0036481280346688516,0.5990925821527232,62.74092431287587,0.628295359930501,0.0,0.9,0.31319444444444455,0.0,16.675,0.6008537879680118,0.0017612058152886023,0.5743080869488187,61.46907593943447,0.6166775027563789,0.0,0.8213058419243986,0.3210910652920962,0.030000000000000027,17.52577319587629,0.5798431372028678,0.005535050254049101,candidate_threshold_optimization
B,0.35,0.586700334550771,62.10500012615517,0.62248643134344,0.003968253968253968,0.8606529209621994,0.31714275486827037,0.015000000000000013,17.100386597938147,0.5903484625854398,0.0036481280346688516,0.5990925821527232,62.74092431287587,0.628295359930501,0.007936507936507936,0.9,0.31319444444444455,0.0,16.675,0.6008537879680118,0.0017612058152886023,0.5743080869488187,61.46907593943447,0.6166775027563789,0.0,0.8213058419243986,0.3210910652920962,0.030000000000000027,17.52577319587629,0.5798431372028678,0.005535050254049101,candidate_threshold_optimization
B,0.36,0.5868002463409128,62.11979371066764,0.6226343671885646,0.008149473265752336,0.8606529209621994,0.31542454180985113,0.015000000000000013,17.21713917525773,0.5903484625854398,0.003548216244527058,0.5991903541377847,62.74570151138202,0.6283431319155625,0.007751937984496124,0.9,0.31319444444444455,0.0,16.625,0.6008537879680118,0.0016634338302271567,0.574410138544041,61.49388590995326,0.6169256024615668,0.008547008547008548,0.8213058419243986,0.3176546391752577,0.030000000000000027,17.809278350515463,0.5798431372028678,0.005432998658826849,candidate_threshold_optimization
B,0.37,0.5868777137840894,62.133983753954375,0.6227762676214319,0.003787878787878788,0.8640893470790378,0.31542454180985113,0.015000000000000013,17.281572164948454,0.5903484625854398,0.003470748801350454,0.599195862459938,62.746252343597355,0.6283486402377157,0.007575757575757576,0.9,0.31319444444444455,0.0,16.625,0.6008537879680118,0.0016579255080738653,0.5745595651082408,61.521715164311395,0.617203895005148,0.0,0.8281786941580757,0.3176546391752577,0.030000000000000027,17.938144329896907,0.5798431372028678,0.005283572094627043,candidate_threshold_optimization
B,0.38,0.5867883043730777,62.1350428128532,0.6227868582104201,0.0,0.8657560137457045,0.31542454180985113,0.015000000000000013,17.38157216494845,0.5903484625854398,0.003560158212362108,0.5990170436379145,62.748370461395,0.6283698214156923,0.0,0.9033333333333333,0.31319444444444455,0.0,16.825,0.6008537879680118,0.001836744330097284,0.5745595651082408,61.521715164311395,0.617203895005148,0.0,0.8281786941580757,0.3176546391752577,0.030000000000000027,17.938144329896907,0.5798431372028678,0.005283572094627043,candidate_threshold_optimization
B,0.39,0.5870184583742363,62.143453401972494,0.6228709641016131,0.0040650406504065045,0.8674742268041238,0.31563931844215354,0.015000000000000013,17.226932989690724,0.5903484625854398,0.003330004211203552,0.5990170436379145,62.748370461395,0.6283698214156923,0.0,0.9033333333333333,0.31319444444444455,0.0,16.825,0.6008537879680118,0.001836744330097284,0.575019873110558,61.53853634254999,0.617372106787534,0.008130081300813009,0.8316151202749141,0.3180841924398625,0.030000000000000027,17.628865979381445,0.5798431372028678,0.00482326409230982,candidate_threshold_optimization
B,0.4,0.5871186118891761,62.143746531244254,0.6228738953943307,0.0040650406504065045,0.8708075601374571,0.315708762886598,0.015000000000000013,17.126932989690722,0.5903484625854398,0.003229850696263692,0.5992173506677942,62.74895671993852,0.6283756840011275,0.0,0.91,0.31333333333333346,0.0,16.625,0.6008537879680118,0.0016364373002175636,0.575019873110558,61.53853634254999,0.617372106787534,0.008130081300813009,0.8316151202749141,0.3180841924398625,0.030000000000000027,17.628865979381445,0.5798431372028678,0.00482326409230982,candidate_threshold_optimization
B,0.41,0.5873706903513124,62.16881119303635,0.6231245420122516,0.003472222222222222,0.8862714776632303,0.31599513172966787,0.015000000000000013,17.114046391752577,0.5903484625854398,0.0029777722341274293,0.5992173506677942,62.74895671993852,0.6283756840011275,0.0,0.91,0.31333333333333346,0.0,16.625,0.6008537879680118,0.0016364373002175636,0.5755240300348305,61.588665666134176,0.6178734000233758,0.006944444444444444,0.8625429553264605,0.31865693012600227,0.030000000000000027,17.603092783505154,0.5798431372028678,0.004319107168037295,candidate_threshold_optimization
B,0.42,0.5874720230958991,62.173805578606135,0.6231744858679495,0.006805555555555556,0.8879381443298969,0.3143979095074456,0.015000000000000013,17.126546391752576,0.5903484625854398,0.0028764394895407497,0.5994200161569676,62.7589454910781,0.6284755717125232,0.006666666666666667,0.9133333333333333,0.31013888888888896,0.0,16.65,0.6008537879680118,0.0014337718110442044,0.5755240300348305,61.588665666134176,0.6178734000233758,0.006944444444444444,0.8625429553264605,0.31865693012600227,0.030000000000000027,17.603092783505154,0.5798431372028678,0.004319107168037295,candidate_threshold_optimization
B,0.43,0.587449086174628,62.171952894497366,0.6231559590268617,0.00980392156862745,0.8880412371134021,0.3144695017182131,0.015000000000000013,17.128092783505153,0.5903484625854398,0.002899376410811838,0.5992499743958211,62.73194131496345,0.6282055299513766,0.013071895424836602,0.9066666666666666,0.31013888888888896,0.0,16.55,0.6008537879680118,0.0016038135721907487,0.575648197953435,61.611964474031275,0.6181063881023469,0.006535947712418301,0.8694158075601375,0.3188001145475372,0.030000000000000027,17.70618556701031,0.5798431372028678,0.004194939249432816,candidate_threshold_optimization
B,0.44,0.5873716512298011,62.18170940001467,0.6232535240820348,0.009678230266465561,0.8947079037800687,0.3144695017182131,0.015000000000000013,17.303092783505154,0.5903484625854398,0.0029768113556387643,0.5990951045061672,62.751454325998054,0.6284006600617228,0.01282051282051282,0.92,0.31013888888888896,0.0,16.9,0.6008537879680118,0.0017586834618446012,0.575648197953435,61.611964474031275,0.6181063881023469,0.006535947712418301,0.8694158075601375,0.3188001145475372,0.030000000000000027,17.70618556701031,0.5798431372028678,0.004194939249432816,candidate_threshold_optimization
B,0.45,0.5882504820963417,62.249508007860015,0.6239315101604883,0.009317493594223153,0.9065807560137458,0.31542454180985113,0.015000000000000013,17.064046391752576,0.5903484625854398,0.00209798048909815,0.5999274600448596,62.80941210208953,0.6289802378226375,0.012345679012345678,0.93,0.31319444444444455,0.0,16.525,0.6008537879680118,0.0009263279231521704,0.5765735041478238,61.689603913630506,0.6188827824983393,0.006289308176100629,0.8831615120274914,0.3176546391752577,0.030000000000000027,17.603092783505154,0.5798431372028678,0.003269633055044019,candidate_threshold_optimization
B,0.46,0.588255183171922,62.24211442698736,0.6238575743517618,0.008723316912972085,0.9015292096219931,0.31535294959908367,0.015000000000000013,16.98827319587629,0.5903484625854398,0.002093279413517779,0.5998677726171159,62.79344335931515,0.6288205503948937,0.011494252873563218,0.9233333333333333,0.31319444444444455,0.0,16.425,0.6008537879680118,0.0009860153508959302,0.5766425937267283,61.690785494659565,0.6188945983086298,0.005952380952380952,0.8797250859106529,0.3175114547537228,0.030000000000000027,17.551546391752577,0.5798431372028678,0.003200543476139517,candidate_threshold_optimization
B,0.47,0.5884887904949976,62.25115671714141,0.6239479972533024,0.008671103044968743,0.9049656357388316,0.31563931844215354,0.015000000000000013,16.833634020618558,0.5903484625854398,0.0018596720904422437,0.5998677726171159,62.79344335931515,0.6288205503948937,0.011494252873563218,0.9233333333333333,0.31319444444444455,0.0,16.425,0.6008537879680118,0.0009860153508959302,0.5771098083728794,61.70887007496768,0.619075444111711,0.005847953216374269,0.8865979381443299,0.3180841924398625,0.030000000000000027,17.242268041237114,0.5798431372028678,0.002733328829988446,candidate_threshold_optimization
B,0.48,0.5883481725550266,62.24224956231958,0.6238589257050839,0.008620689655172414,0.9032474226804124,0.31563931844215354,0.015000000000000013,16.885180412371135,0.5903484625854398,0.002000290030413243,0.5998677726171159,62.79344335931515,0.6288205503948937,0.011494252873563218,0.9233333333333333,0.31319444444444455,0.0,16.425,0.6008537879680118,0.0009860153508959302,0.5768285724929374,61.69105576532401,0.6188973010152742,0.005747126436781609,0.8831615120274914,0.3180841924398625,0.030000000000000027,17.34536082474227,0.5798431372028678,0.003014564709930445,candidate_threshold_optimization
B,0.49,0.588544698901375,62.25901559901625,0.6240265860720507,0.00847457627118644,0.9083505154639175,0.31563931844215354,0.015000000000000013,16.85631443298969,0.5903484625854398,0.001803763684064874,0.5996580338909129,62.79246948669485,0.6288108116686907,0.011299435028248588,0.9266666666666666,0.31319444444444455,0.0,16.625,0.6008537879680118,0.0011957540770989317,0.5774313639118369,61.72556171133766,0.6192423604754108,0.005649717514124294,0.8900343642611683,0.3180841924398625,0.030000000000000027,17.087628865979383,0.5798431372028678,0.0024117732910309275,candidate_threshold_optimization
B,0.5,0.5889660760788886,62.280414485152505,0.6242405749334132,0.005510018214936248,0.9134536082474227,0.31585409507445594,0.015000000000000013,16.640335051546394,0.5903484625854398,0.001382386506551203,0.6000732431669556,62.81399041429913,0.6290260209447335,0.005555555555555556,0.93,0.31319444444444455,0.0,16.425,0.6008537879680118,0.00078054480105616,0.5778589089908216,61.74683855600589,0.6194551289220931,0.00546448087431694,0.8969072164948454,0.31851374570446733,0.030000000000000027,16.855670103092784,0.5798431372028678,0.0019842282120462462,candidate_threshold_optimization
B,0.51,0.5891550730460294,62.29482105471884,0.6243846406290765,0.005376344086021506,0.9133505154639174,0.31563931844215354,0.015000000000000013,16.603994845360823,0.5903484625854398,0.0011933895394103944,0.6005392034222403,62.845586439827606,0.6293419812000182,0.005376344086021506,0.9366666666666666,0.31319444444444455,0.0,16.275,0.6008537879680118,0.0003145845457714902,0.5777709426698185,61.74405566961006,0.6194273000581347,0.005376344086021506,0.8900343642611683,0.3180841924398625,0.030000000000000027,16.932989690721648,0.5798431372028678,0.0020721945330492986,candidate_threshold_optimization
B,0.52,0.5890233670711968,62.304216322069465,0.6244785933025828,0.007853835978835978,0.9201718213058419,0.31535294959908367,0.015000000000000013,16.84110824742268,0.5903484625854398,0.0013250955142429799,0.5999502441440608,62.83669051200964,0.6292530219218386,0.005291005291005291,0.94,0.31319444444444455,0.0,16.775,0.6008537879680118,0.0009035438239509697,0.5780964899983327,61.77174213212929,0.619704164683327,0.010416666666666666,0.9003436426116839,0.3175114547537228,0.030000000000000027,16.90721649484536,0.5798431372028678,0.0017466472045351011,candidate_threshold_optimization
B,0.53,0.5890233670711968,62.304216322069465,0.6244785933025828,0.007853835978835978,0.9201718213058419,0.31535294959908367,0.015000000000000013,16.84110824742268,0.5903484625854398,0.0013250955142429799,0.5999502441440608,62.83669051200964,0.6292530219218386,0.005291005291005291,0.94,0.31319444444444455,0.0,16.775,0.6008537879680118,0.0009035438239509697,0.5780964899983327,61.77174213212929,0.619704164683327,0.010416666666666666,0.9003436426116839,0.3175114547537228,0.030000000000000027,16.90721649484536,0.5798431372028678,0.0017466472045351011,candidate_threshold_optimization
B,0.54,0.5889685155813063,62.298015250972725,0.6244165825916155,0.010337810337810338,0.9201718213058419,0.3154961340206186,0.015000000000000013,16.828221649484533,0.5903484625854398,0.0013799470041335749,0.5999502441440608,62.83669051200964,0.6292530219218386,0.005291005291005291,0.94,0.31319444444444455,0.0,16.775,0.6008537879680118,0.0009035438239509697,0.5779867870185516,61.75933998993581,0.6195801432613924,0.015384615384615385,0.9003436426116839,0.31779782359679265,0.030000000000000027,16.88144329896907,0.5798431372028678,0.001856350184316291,candidate_threshold_optimization
B,0.55,0.5890521731641463,62.296822017275076,0.6244046502546389,0.0076146076146076155,0.9235567010309278,0.3175007159221077,0.015000000000000013,16.652448453608248,0.5903484625854398,0.0012962894212935616,0.6004248759866322,62.85415369626678,0.62942765376441,0.005128205128205128,0.9433333333333334,0.31319444444444455,0.0,16.475,0.6008537879680118,0.0004289119813796205,0.5776794703416605,61.73949033828337,0.6193816467448677,0.010101010101010102,0.9037800687285223,0.32180698739977087,0.030000000000000027,16.829896907216494,0.5798431372028678,0.0021636668612073917,candidate_threshold_optimization
B,0.56,0.588923460146497,62.286098481833164,0.6242974149002198,0.007539226942212016,0.9235567010309278,0.3177154925544101,0.015000000000000013,16.665335051546393,0.5903484625854398,0.001425002438942835,0.6004248759866322,62.85415369626678,0.62942765376441,0.005128205128205128,0.9433333333333334,0.31319444444444455,0.0,16.475,0.6008537879680118,0.0004289119813796205,0.5774220443063619,61.718043267399544,0.6191671760360297,0.009950248756218905,0.9037800687285223,0.3222365406643757,0.030000000000000027,16.855670103092784,0.5798431372028678,0.0024210928965059386,candidate_threshold_optimization
B,0.57,0.5886948950815136,62.27824197533482,0.6242188498352363,0.0075003769033619785,0.9235567010309278,0.3177154925544101,0.015000000000000013,16.81533505154639,0.5903484625854398,0.001653567503926201,0.5999677458566653,62.8384406832701,0.6292705236344431,0.005050505050505051,0.9433333333333334,0.31319444444444455,0.0,16.775,0.6008537879680118,0.0008860421113464634,0.5774220443063619,61.718043267399544,0.6191671760360297,0.009950248756218905,0.9037800687285223,0.3222365406643757,0.030000000000000027,16.855670103092784,0.5798431372028678,0.0024210928965059386,candidate_threshold_optimization
B,0.58,0.5889974124857997,62.28349371576342,0.6242713672395225,0.009950248756218905,0.9202233676975945,0.3177154925544101,0.015000000000000013,16.56533505154639,0.5903484625854398,0.0013510500996400943,0.6005727806652374,62.848944164127296,0.6293755584430153,0.009950248756218905,0.9366666666666666,0.31319444444444455,0.0,16.275,0.6008537879680118,0.0002810073027743609,0.5774220443063619,61.718043267399544,0.6191671760360297,0.009950248756218905,0.9037800687285223,0.3222365406643757,0.030000000000000027,16.855670103092784,0.5798431372028678,0.0024210928965059386,candidate_threshold_optimization
B,0.59,0.5888900965415411,62.27776212133756,0.6242140512952639,0.009806042252505587,0.9202233676975945,0.3177154925544101,0.015000000000000013,16.615335051546392,0.5903484625854398,0.0014583660438987067,0.6003581487767202,62.83748097527558,0.6292609265544981,0.00966183574879227,0.9366666666666666,0.31319444444444455,0.0,16.375,0.6008537879680118,0.0004956391912915858,0.5774220443063619,61.718043267399544,0.6191671760360297,0.009950248756218905,0.9037800687285223,0.3222365406643757,0.030000000000000027,16.855670103092784,0.5798431372028678,0.0024210928965059386,candidate_threshold_optimization
B,0.6,0.5890310103164157,62.281992387713906,0.6242563539590273,0.009737029140014215,0.9202233676975945,0.3161877147766323,0.015000000000000013,16.577835051546394,0.5903484625854398,0.001317452269024133,0.6006399763264695,62.84594150802827,0.629345531882025,0.009523809523809525,0.9366666666666666,0.31013888888888896,0.0,16.3,0.6008537879680118,0.00021381164154232746,0.5774220443063619,61.718043267399544,0.6191671760360297,0.009950248756218905,0.9037800687285223,0.3222365406643757,0.030000000000000027,16.855670103092784,0.5798431372028678,0.0024210928965059386,candidate_threshold_optimization
B,0.61,0.5890738809408422,62.28627945015657,0.6242992245834539,0.009669960058860626,0.9218900343642611,0.3161877147766323,0.015000000000000013,16.577835051546394,0.5903484625854398,0.0012745816445975944,0.6007257175753226,62.85451563291359,0.6294312731308781,0.009389671361502348,0.94,0.31013888888888896,0.0,16.3,0.6008537879680118,0.00012807039268925013,0.5774220443063619,61.718043267399544,0.6191671760360297,0.009950248756218905,0.9037800687285223,0.3222365406643757,0.030000000000000027,16.855670103092784,0.5798431372028678,0.0024210928965059386,candidate_threshold_optimization
B,0.62,0.5890629281575233,62.29160026575366,0.6243524327394248,0.009531590413943355,0.9235567010309278,0.3174985681557847,0.015000000000000013,16.589561855670105,0.5903484625854398,0.0012855344279165681,0.6005982437834287,62.86204603150198,0.6295065771167621,0.009259259259259259,0.9433333333333334,0.31333333333333346,0.0,16.375,0.6008537879680118,0.0002555441845830675,0.5775276125316178,61.721154500005326,0.6191982883620875,0.00980392156862745,0.9037800687285223,0.32166380297823594,0.030000000000000027,16.804123711340207,0.5798431372028678,0.0023155246712500688,candidate_threshold_optimization
B,0.63,0.5890669773590673,62.28541870251746,0.6242906171070628,0.014153439153439154,0.925274914089347,0.3184292668957619,0.015000000000000013,16.48646907216495,0.5903484625854398,0.001281485226372503,0.6005982437834287,62.86204603150198,0.6295065771167621,0.009259259259259259,0.9433333333333334,0.31333333333333346,0.0,16.375,0.6008537879680118,0.0002555441845830675,0.577535710934706,61.70879137353295,0.6190746570973635,0.01904761904761905,0.9072164948453608,0.32352520045819033,0.030000000000000027,16.5979381443299,0.5798431372028678,0.0023074262681618274,candidate_threshold_optimization
B,0.64,0.5889473192999577,62.280952896606486,0.624245959047953,0.016373124592302675,0.925274914089347,0.3184292668957619,0.015000000000000013,16.561469072164947,0.5903484625854398,0.0014011432854821315,0.6003589276652093,62.853114419680026,0.6294172609985426,0.0136986301369863,0.9433333333333334,0.31333333333333346,0.0,16.525,0.6008537879680118,0.0004948603028025467,0.577535710934706,61.70879137353295,0.6190746570973635,0.01904761904761905,0.9072164948453608,0.32352520045819033,0.030000000000000027,16.5979381443299,0.5798431372028678,0.0023074262681618274,candidate_threshold_optimization
B,0.65,0.5889473192999577,62.280952896606486,0.624245959047953,0.016373124592302675,0.925274914089347,0.3184292668957619,0.015000000000000013,16.561469072164947,0.5903484625854398,0.0014011432854821315,0.6003589276652093,62.853114419680026,0.6294172609985426,0.0136986301369863,0.9433333333333334,0.31333333333333346,0.0,16.525,0.6008537879680118,0.0004948603028025467,0.577535710934706,61.70879137353295,0.6190746570973635,0.01904761904761905,0.9072164948453608,0.32352520045819033,0.030000000000000027,16.5979381443299,0.5798431372028678,0.0023074262681618274,candidate_threshold_optimization
B,0.66,0.5889473192999577,62.280952896606486,0.624245959047953,0.018586404270371084,0.925274914089347,0.3184292668957619,0.015000000000000013,16.561469072164947,0.5903484625854398,0.0014011432854821315,0.6003589276652093,62.853114419680026,0.6294172609985426,0.0136986301369863,0.9433333333333334,0.31333333333333346,0.0,16.525,0.6008537879680118,0.0004948603028025467,0.577535710934706,61.70879137353295,0.6190746570973635,0.023474178403755867,0.9072164948453608,0.32352520045819033,0.030000000000000027,16.5979381443299,0.5798431372028678,0.0023074262681618274,candidate_threshold_optimization
B,0.67,0.5889883585968023,62.286190846909506,0.6242983385509833,0.01833083083083083,0.925274914089347,0.3177849369988546,0.015000000000000013,16.598582474226802,0.5903484625854398,0.0013601039886375066,0.6000457425885158,62.83179591201069,0.6292040759218491,0.013513513513513514,0.9433333333333334,0.31333333333333346,0.0,16.625,0.6008537879680118,0.0008080453794959697,0.5779309746050888,61.74058578180832,0.6193926011801174,0.023148148148148147,0.9072164948453608,0.3222365406643757,0.030000000000000027,16.572164948453608,0.5798431372028678,0.0019121625977790435,candidate_threshold_optimization
B,0.68,0.5891162372516555,62.29496954859185,0.6243861255678067,0.01808219178082192,0.9287113402061855,0.31807130584192445,0.015000000000000013,16.54703608247423,0.5903484625854398,0.0012322253337843092,0.6000457425885158,62.83179591201069,0.6292040759218491,0.013333333333333334,0.9433333333333334,0.31333333333333346,0.0,16.625,0.6008537879680118,0.0008080453794959697,0.5781867319147952,61.75814318517302,0.6195681752137643,0.0228310502283105,0.9140893470790378,0.3228092783505154,0.030000000000000027,16.469072164948454,0.5798431372028678,0.0016564052880726488,candidate_threshold_optimization
B,0.69,0.5896256477012323,62.33087622928836,0.6247451923747718,0.022017543859649123,0.9355841924398626,0.3165678694158076,0.015000000000000013,16.456829896907216,0.5903484625854398,0.0007228148842075566,0.6000457425885158,62.83179591201069,0.6292040759218491,0.013333333333333334,0.9433333333333334,0.31333333333333346,0.0,16.625,0.6008537879680118,0.0008080453794959697,0.5792055528139487,61.829956546566024,0.6202863088276944,0.03070175438596491,0.9278350515463918,0.31980240549828176,0.030000000000000027,16.288659793814432,0.5798431372028678,0.0006375843889191435,candidate_threshold_optimization
B,0.7,0.5896256477012323,62.33087622928836,0.6247451923747718,0.022017543859649123,0.9355841924398626,0.3165678694158076,0.015000000000000013,16.456829896907216,0.5903484625854398,0.0007228148842075566,0.6000457425885158,62.83179591201069,0.6292040759218491,0.013333333333333334,0.9433333333333334,0.31333333333333346,0.0,16.625,0.6008537879680118,0.0008080453794959697,0.5792055528139487,61.829956546566024,0.6202863088276944,0.03070175438596491,0.9278350515463918,0.31980240549828176,0.030000000000000027,16.288659793814432,0.5798431372028678,0.0006375843889191435,candidate_threshold_optimization
B,0.71,0.5898080554295956,62.343819178527895,0.6248746218671671,0.02181818181818182,0.9373024054982818,0.31620990836197027,0.015000000000000013,16.418170103092784,0.5903484625854398,0.0005404071558442469,0.6000457425885158,62.83179591201069,0.6292040759218491,0.013333333333333334,0.9433333333333334,0.31333333333333346,0.0,16.625,0.6008537879680118,0.0008080453794959697,0.5795703682706753,61.8558424450451,0.6205451678124851,0.030303030303030304,0.9312714776632303,0.3190864833906071,0.030000000000000027,16.211340206185568,0.5798431372028678,0.0002727689321925242,candidate_threshold_optimization
B,0.72,0.589707101289898,62.336444268567305,0.6248008727675612,0.021623931623931624,0.9373024054982818,0.3165678694158076,0.015000000000000013,16.431056701030926,0.5903484625854398,0.0006413612955418202,0.6000457425885158,62.83179591201069,0.6292040759218491,0.013333333333333334,0.9433333333333334,0.31333333333333346,0.0,16.625,0.6008537879680118,0.0008080453794959697,0.5793684599912803,61.84109262512393,0.6203976696132734,0.029914529914529916,0.9312714776632303,0.31980240549828176,0.030000000000000027,16.237113402061855,0.5798431372028678,0.0004746772115875597,candidate_threshold_optimization
B,0.73,0.5898026889224328,62.3508641429319,0.624945071511207,0.019286269286269288,0.9423024054982818,0.31497064719358536,0.015000000000000013,16.54355670103093,0.5903484625854398,0.0005457736630070098,0.6002369178535852,62.860635660739874,0.6294924734091408,0.008658008658008658,0.9533333333333334,0.31013888888888896,0.0,16.85,0.6008537879680118,0.0006168701144265709,0.5793684599912803,61.84109262512393,0.6203976696132734,0.029914529914529916,0.9312714776632303,0.31980240549828176,0.030000000000000027,16.237113402061855,0.5798431372028678,0.0004746772115875597,candidate_threshold_optimization
B,0.74,0.5892570253081035,62.32450511254137,0.6246814812073018,0.014617070172625729,0.9474570446735395,0.317190005727377,0.015000000000000013,16.736855670103093,0.5903484625854398,0.0010914372773362935,0.6002369178535852,62.860635660739874,0.6294924734091408,0.008658008658008658,0.9533333333333334,0.31013888888888896,0.0,16.85,0.6008537879680118,0.0006168701144265709,0.5782771327626218,61.78837456434286,0.6198704890054627,0.0205761316872428,0.9415807560137457,0.324241122565865,0.030000000000000027,16.623711340206185,0.5798431372028678,0.001566004440246016,candidate_threshold_optimization
B,0.75,0.5889938388980012,62.31332536042001,0.6245696836860883,0.014454732510288067,0.9457903780068728,0.31878722794959924,0.015000000000000013,16.824355670103092,0.5903484625854398,0.0013546236874386608,0.5997105450333806,62.838276156497166,0.6292688783667139,0.008333333333333333,0.95,0.31333333333333346,0.0,17.025,0.6008537879680118,0.0011432429346311945,0.5782771327626218,61.78837456434286,0.6198704890054627,0.0205761316872428,0.9415807560137457,0.324241122565865,0.030000000000000027,16.623711340206185,0.5798431372028678,0.001566004440246016,candidate_threshold_optimization
B,0.76,0.588789526975118,62.30408259883043,0.6244772560701926,0.01606425702811245,0.9490721649484536,0.317815005727377,0.015000000000000013,16.97512886597938,0.5903484625854398,0.0015589356103218321,0.5994794904747582,62.83239292285716,0.6292100460303138,0.012048192771084338,0.96,0.31138888888888894,0.0,17.275,0.6008537879680118,0.0013742974932535734,0.5780995634754779,61.77577227480371,0.6197444661100713,0.020080321285140562,0.9381443298969072,0.324241122565865,0.030000000000000027,16.675257731958762,0.5798431372028678,0.0017435737273899798,candidate_threshold_optimization
B,0.77,0.5888624001922984,62.30621528137321,0.6244985828956204,0.01792885829030407,0.9473539518900344,0.317815005727377,0.015000000000000013,16.923582474226805,0.5903484625854398,0.0014860623931414185,0.5994794904747582,62.83239292285716,0.6292100460303138,0.012048192771084338,0.96,0.31138888888888894,0.0,17.275,0.6008537879680118,0.0013742974932535734,0.5782453099098387,61.78003763988927,0.6197871197609269,0.023809523809523808,0.9347079037800687,0.324241122565865,0.030000000000000027,16.572164948453608,0.5798431372028678,0.0015978272930291526,candidate_threshold_optimization
B,0.78,0.5890247960688151,62.31245486902487,0.6245609787721369,0.021661998132586367,0.9473539518900344,0.317815005727377,0.015000000000000013,16.823582474226804,0.5903484625854398,0.001323666516624744,0.5998042822277915,62.844872098160465,0.629334837783347,0.015873015873015872,0.96,0.31138888888888894,0.0,17.075,0.6008537879680118,0.0010495057402203356,0.5782453099098387,61.78003763988927,0.6197871197609269,0.027450980392156862,0.9347079037800687,0.324241122565865,0.030000000000000027,16.572164948453608,0.5798431372028678,0.0015978272930291526,candidate_threshold_optimization
B,0.79,0.5893198816377674,62.333860619505444,0.6247750362769426,0.019448244414044687,0.9506872852233677,0.3162177835051547,0.015000000000000013,16.80644329896907,0.5903484625854398,0.0010285809476724417,0.5999840947318714,62.8775755707907,0.6296618725096492,0.011764705882352941,0.9666666666666667,0.30819444444444444,0.0,17.35,0.6008537879680118,0.0008696932361403897,0.5786556685436632,61.790145668220184,0.6198882000442361,0.027131782945736434,0.9347079037800687,0.324241122565865,0.030000000000000027,16.262886597938145,0.5798431372028678,0.0011874686592046046,candidate_threshold_optimization
B,0.8,0.5893198816377674,62.333860619505444,0.6247750362769426,0.019448244414044687,0.9506872852233677,0.3162177835051547,0.015000000000000013,16.80644329896907,0.5903484625854398,0.0010285809476724417,0.5999840947318714,62.8775755707907,0.6296618725096492,0.011764705882352941,0.9666666666666667,0.30819444444444444,0.0,17.35,0.6008537879680118,0.0008696932361403897,0.5786556685436632,61.790145668220184,0.6198882000442361,0.027131782945736434,0.9347079037800687,0.324241122565865,0.030000000000000027,16.262886597938145,0.5798431372028678,0.0011874686592046046,candidate_threshold_optimization
B,0.81,0.5892220964333807,62.32908209906679,0.6247272510725561,0.02131782945736434,0.9490206185567011,0.3162177835051547,0.015000000000000013,16.856443298969072,0.5903484625854398,0.0011263661520590773,0.5997885243230984,62.86801852991339,0.6295663021008762,0.015503875968992248,0.9633333333333334,0.30819444444444444,0.0,17.45,0.6008537879680118,0.001065263644913439,0.5786556685436632,61.790145668220184,0.6198882000442361,0.027131782945736434,0.9347079037800687,0.324241122565865,0.030000000000000027,16.262886597938145,0.5798431372028678,0.0011874686592046046,candidate_threshold_optimization
B,0.82,0.5892340777623188,62.332857551548216,0.6247650055973704,0.02116189967031988,0.9507388316151203,0.3162177835051547,0.015000000000000013,16.88221649484536,0.5903484625854398,0.001114384823120984,0.5997885243230984,62.86801852991339,0.6295663021008762,0.015503875968992248,0.9633333333333334,0.30819444444444444,0.0,17.45,0.6008537879680118,0.001065263644913439,0.5786796312015393,61.797696573183046,0.6199637090938647,0.02681992337164751,0.9381443298969072,0.324241122565865,0.030000000000000027,16.314432989690722,0.5798431372028678,0.0011635060013285292,candidate_threshold_optimization
B,0.83,0.5892340777623188,62.332857551548216,0.6247650055973704,0.02116189967031988,0.9507388316151203,0.3162177835051547,0.015000000000000013,16.88221649484536,0.5903484625854398,0.001114384823120984,0.5997885243230984,62.86801852991339,0.6295663021008762,0.015503875968992248,0.9633333333333334,0.30819444444444444,0.0,17.45,0.6008537879680118,0.001065263644913439,0.5786796312015393,61.797696573183046,0.6199637090938647,0.02681992337164751,0.9381443298969072,0.324241122565865,0.030000000000000027,16.314432989690722,0.5798431372028678,0.0011635060013285292,candidate_threshold_optimization
B,0.84,0.5894653411282315,62.353263384130315,0.6249690639231914,0.020920411006617904,0.9558419243986254,0.3158598224513174,0.015000000000000013,16.869329896907217,0.5903484625854398,0.000883121457208369,0.5998339171065978,62.87255780826334,0.6296116948843756,0.01532567049808429,0.9666666666666667,0.30819444444444444,0.0,17.45,0.6008537879680118,0.001019870861413974,0.5790967651498651,61.8339689599973,0.6203264329620072,0.026515151515151516,0.9450171821305842,0.32352520045819033,0.030000000000000027,16.288659793814432,0.5798431372028678,0.000746372053002764,candidate_threshold_optimization
B,0.85,0.5897417047046781,62.37059046342446,0.6251423347161329,0.020771449481251883,0.9592783505154638,0.3158598224513174,0.015000000000000013,16.766237113402063,0.5903484625854398,0.0006067578807616991,0.5998339171065978,62.87255780826334,0.6296116948843756,0.01532567049808429,0.9666666666666667,0.30819444444444444,0.0,17.45,0.6008537879680118,0.001019870861413974,0.5796494923027584,61.868623118585596,0.6206729745478902,0.026217228464419477,0.9518900343642611,0.32352520045819033,0.030000000000000027,16.082474226804123,0.5798431372028678,0.00019364490010942426,candidate_threshold_optimization
B,0.86,0.58995352259596,62.38177225255265,0.6252541526074147,0.020684371807967315,0.9609450171821305,0.3158598224513174,0.015000000000000013,16.66623711340206,0.5903484625854398,0.00039493998947981446,0.6002575528891615,62.89492138651971,0.6298353306669393,0.015151515151515152,0.97,0.30819444444444444,0.0,17.25,0.6008537879680118,0.0005962350788503157,0.5796494923027584,61.868623118585596,0.6206729745478902,0.026217228464419477,0.9518900343642611,0.32352520045819033,0.030000000000000027,16.082474226804123,0.5798431372028678,0.00019364490010942426,candidate_threshold_optimization
B,0.87,0.590018418608946,62.38826185385126,0.6253190486204008,0.01868686868686869,0.9626632302405498,0.3158598224513174,0.015000000000000013,16.66623711340206,0.5903484625854398,0.0003300439764938323,0.6002575528891615,62.89492138651971,0.6298353306669393,0.015151515151515152,0.97,0.30819444444444444,0.0,17.25,0.6008537879680118,0.0005962350788503157,0.5797792843287305,61.88160232118282,0.6208027665738622,0.022222222222222223,0.9553264604810997,0.32352520045819033,0.030000000000000027,16.082474226804123,0.5798431372028678,6.385287413734897e-05,candidate_threshold_optimization
B,0.88,0.5896949368752624,62.37137759800868,0.625150206061975,0.021610845295055824,0.9626632302405498,0.3158598224513174,0.015000000000000013,16.820876288659793,0.5903484625854398,0.000653525710177405,0.6002575528891615,62.89492138651971,0.6298353306669393,0.015151515151515152,0.97,0.30819444444444444,0.0,17.25,0.6008537879680118,0.0005962350788503157,0.5791323208613635,61.847833809497644,0.6204650814570107,0.028070175438596492,0.9553264604810997,0.32352520045819033,0.030000000000000027,16.391752577319586,0.5798431372028678,0.0007108163415043833,candidate_threshold_optimization
B,0.89,0.5896949368752624,62.37137759800868,0.625150206061975,0.021610845295055824,0.9626632302405498,0.3158598224513174,0.015000000000000013,16.820876288659793,0.5903484625854398,0.000653525710177405,0.6002575528891615,62.89492138651971,0.6298353306669393,0.015151515151515152,0.97,0.30819444444444444,0.0,17.25,0.6008537879680118,0.0005962350788503157,0.5791323208613635,61.847833809497644,0.6204650814570107,0.028070175438596492,0.9553264604810997,0.32352520045819033,0.030000000000000027,16.391752577319586,0.5798431372028678,0.0007108163415043833,candidate_threshold_optimization
B,0.9,0.5896949368752624,62.37137759800868,0.625150206061975,0.021610845295055824,0.9626632302405498,0.3158598224513174,0.015000000000000013,16.820876288659793,0.5903484625854398,0.000653525710177405,0.6002575528891615,62.89492138651971,0.6298353306669393,0.015151515151515152,0.97,0.30819444444444444,0.0,17.25,0.6008537879680118,0.0005962350788503157,0.5791323208613635,61.847833809497644,0.6204650814570107,0.028070175438596492,0.9553264604810997,0.32352520045819033,0.030000000000000027,16.391752577319586,0.5798431372028678,0.0007108163415043833,candidate_threshold_optimization
B,0.91,0.5896949368752624,62.37137759800868,0.625150206061975,0.021610845295055824,0.9626632302405498,0.3158598224513174,0.015000000000000013,16.820876288659793,0.5903484625854398,0.000653525710177405,0.6002575528891615,62.89492138651971,0.6298353306669393,0.015151515151515152,0.97,0.30819444444444444,0.0,17.25,0.6008537879680118,0.0005962350788503157,0.5791323208613635,61.847833809497644,0.6204650814570107,0.028070175438596492,0.9553264604810997,0.32352520045819033,0.030000000000000027,16.391752577319586,0.5798431372028678,0.0007108163415043833,candidate_threshold_optimization
B,0.92,0.5896949368752624,62.37137759800868,0.625150206061975,0.021610845295055824,0.9626632302405498,0.3158598224513174,0.015000000000000013,16.820876288659793,0.5903484625854398,0.000653525710177405,0.6002575528891615,62.89492138651971,0.6298353306669393,0.015151515151515152,0.97,0.30819444444444444,0.0,17.25,0.6008537879680118,0.0005962350788503157,0.5791323208613635,61.847833809497644,0.6204650814570107,0.028070175438596492,0.9553264604810997,0.32352520045819033,0.030000000000000027,16.391752577319586,0.5798431372028678,0.0007108163415043833,candidate_threshold_optimization
B,0.93,0.5897176532444852,62.371149234930954,0.6251479224311978,0.023294346978557506,0.9626632302405498,0.3158598224513174,0.015000000000000013,16.79587628865979,0.5903484625854398,0.0006308093409546078,0.600302985627607,62.89446466036427,0.6298307634053848,0.018518518518518517,0.97,0.30819444444444444,0.0,17.2,0.6008537879680118,0.0005508023404048323,0.5791323208613635,61.847833809497644,0.6204650814570107,0.028070175438596492,0.9553264604810997,0.32352520045819033,0.030000000000000027,16.391752577319586,0.5798431372028678,0.0007108163415043833,candidate_threshold_optimization
B,0.94,0.5897176532444852,62.371149234930954,0.6251479224311978,0.023294346978557506,0.9626632302405498,0.3158598224513174,0.015000000000000013,16.79587628865979,0.5903484625854398,0.0006308093409546078,0.600302985627607,62.89446466036427,0.6298307634053848,0.018518518518518517,0.97,0.30819444444444444,0.0,17.2,0.6008537879680118,0.0005508023404048323,0.5791323208613635,61.847833809497644,0.6204650814570107,0.028070175438596492,0.9553264604810997,0.32352520045819033,0.030000000000000027,16.391752577319586,0.5798431372028678,0.0007108163415043833,candidate_threshold_optimization
B,0.95,0.5903484625854398,62.41872902355104,0.6256237203173987,0.02275413711583924,0.9710996563573884,0.3126095360824742,0.015000000000000013,16.770876288659792,0.5903484625854398,0.0,0.6008537879680118,62.93343378329362,0.6302204546346785,0.01773049645390071,0.98,0.30541666666666667,0.0,17.15,0.6008537879680118,0.0,0.5798431372028678,61.90402426380845,0.6210269860001187,0.027777777777777776,0.9621993127147767,0.31980240549828176,0.030000000000000027,16.391752577319586,0.5798431372028678,0.0,candidate_threshold_optimization
B,0.96,0.5903341055980503,62.431468582544056,0.6257511159073287,0.02417137067592995,0.9728178694158076,0.3126095360824742,0.015000000000000013,16.91262886597938,0.5903484625854398,1.4356987389496645e-05,0.6008537879680118,62.93343378329362,0.6302204546346785,0.01773049645390071,0.98,0.30541666666666667,0.0,17.15,0.6008537879680118,0.0,0.5798144232280888,61.92950338179448,0.6212817771799789,0.030612244897959183,0.9656357388316151,0.31980240549828176,0.030000000000000027,16.675257731958762,0.5798431372028678,2.871397477899329e-05,candidate_threshold_optimization
B,0.97,0.5903368320249682,62.440475474949466,0.625841184831383,0.023865248226950353,0.9745360824742269,0.3144709335624285,0.015000000000000013,16.925515463917527,0.5903484625854398,1.1630560471598272e-05,0.6008537879680118,62.93343378329362,0.6302204546346785,0.01773049645390071,0.98,0.30541666666666667,0.0,17.15,0.6008537879680118,0.0,0.5798198760819246,61.947517166605316,0.6214619150280873,0.03,0.9690721649484536,0.32352520045819033,0.030000000000000027,16.701030927835053,0.5798431372028678,2.3261120943196545e-05,candidate_threshold_optimization
B,0.98,0.5902992180984366,62.439214082296296,0.6258285709048512,0.023771929824561402,0.9745360824742269,0.3144709335624285,0.015000000000000013,16.950515463917526,0.5903484625854398,4.9244487003274884e-05,0.6007785601149483,62.930910997987276,0.630195226781615,0.017543859649122806,0.98,0.30541666666666667,0.0,17.2,0.6008537879680118,7.522785306346425e-05,0.5798198760819246,61.947517166605316,0.6214619150280873,0.03,0.9690721649484536,0.32352520045819033,0.030000000000000027,16.701030927835053,0.5798431372028678,2.3261120943196545e-05,candidate_threshold_optimization
B,0.99,0.5902992180984366,62.439214082296296,0.6258285709048512,0.02350340136054422,0.9745360824742269,0.3144709335624285,0.015000000000000013,16.950515463917526,0.5903484625854398,4.9244487003274884e-05,0.6007785601149483,62.930910997987276,0.630195226781615,0.017006802721088437,0.98,0.30541666666666667,0.0,17.2,0.6008537879680118,7.522785306346425e-05,0.5798198760819246,61.947517166605316,0.6214619150280873,0.03,0.9690721649484536,0.32352520045819033,0.030000000000000027,16.701030927835053,0.5798431372028678,2.3261120943196545e-05,candidate_threshold_optimization
B,1.0,0.5903191275409458,62.44120502654723,0.6258484803473605,0.025,0.9745360824742269,0.3144709335624285,0.015000000000000013,16.950515463917526,0.5903484625854398,2.9335044493983276e-05,0.600818378999967,62.934892886489145,0.6302350456666337,0.02,0.98,0.30541666666666667,0.0,17.2,0.6008537879680118,3.5408968044770006e-05,0.5798198760819246,61.947517166605316,0.6214619150280873,0.03,0.9690721649484536,0.32352520045819033,0.030000000000000027,16.701030927835053,0.5798431372028678,2.3261120943196545e-05,candidate_threshold_optimization
C,0.0,0.5433295771812676,57.77034134224036,0.5791398435042917,0.0,0.7590034364261169,0.3142418384879725,0.015000000000000013,17.240592783505154,0.5506611437101285,0.007331566528860911,0.5582675205623046,58.659529264945135,0.5874814094511934,0.0,0.8066666666666666,0.3109722222222222,0.0,16.775,0.5633528121499217,0.005085291587617169,0.5283916338002308,56.88115341953558,0.57079827755739,0.0,0.711340206185567,0.3175114547537228,0.030000000000000027,17.70618556701031,0.5379694752703352,0.009577841470104431,candidate_threshold_optimization
C,0.01,0.5435555541956294,57.79469878021718,0.57938341788406,0.0,0.7623367697594502,0.31431128293241695,0.015000000000000013,17.25541237113402,0.5506611437101285,0.007105589514499133,0.5588541776609923,58.706250530369445,0.5879486221054367,0.0,0.8133333333333334,0.3111111111111111,0.0,16.65,0.5633528121499217,0.004498634488929398,0.5282569307302665,56.88314703006492,0.5708182136626834,0.0,0.711340206185567,0.3175114547537228,0.030000000000000027,17.86082474226804,0.5379694752703352,0.009712544540068757,candidate_threshold_optimization
C,0.02,0.5437149365566325,57.80063701631748,0.5794428002450631,0.0,0.7640034364261168,0.31431128293241695,0.015000000000000013,17.15541237113402,0.5506611437101285,0.006946207153496031,0.5591729423829984,58.71812700257005,0.5880673868274429,0.0,0.8166666666666667,0.3111111111111111,0.0,16.45,0.5633528121499217,0.004179869766923305,0.5282569307302665,56.88314703006492,0.5708182136626834,0.0,0.711340206185567,0.3175114547537228,0.030000000000000027,17.86082474226804,0.5379694752703352,0.009712544540068757,candidate_threshold_optimization
C,0.03,0.5439487935138698,57.822479183977066,0.5796612219216589,0.0,0.7707216494845361,0.3139640607101948,0.015000000000000013,17.153865979381443,0.5506611437101285,0.0067123501962587095,0.5593286020222815,58.74091518872058,0.5882952686889481,0.0,0.8266666666666667,0.3104166666666668,0.0,16.55,0.5633528121499217,0.004024210127640204,0.528568985005458,56.904043179233554,0.5710271751543697,0.0,0.7147766323024055,0.3175114547537228,0.030000000000000027,17.757731958762886,0.5379694752703352,0.009400490264877215,candidate_threshold_optimization
C,0.04,0.5439294138792651,57.81280926175371,0.5795645226994254,0.0,0.7655670103092784,0.3139640607101948,0.015000000000000013,17.07654639175258,0.5506611437101285,0.006731729830863453,0.5593286020222815,58.74091518872058,0.5882952686889481,0.0,0.8266666666666667,0.3104166666666668,0.0,16.55,0.5633528121499217,0.004024210127640204,0.5285302257362486,56.88470333478685,0.5708337767099027,0.0,0.7044673539518901,0.3175114547537228,0.030000000000000027,17.603092783505154,0.5379694752703352,0.009439249534086591,candidate_threshold_optimization
C,0.05,0.5439294138792651,57.81280926175371,0.5795645226994254,0.0,0.7655670103092784,0.3139640607101948,0.015000000000000013,17.07654639175258,0.5506611437101285,0.006731729830863453,0.5593286020222815,58.74091518872058,0.5882952686889481,0.0,0.8266666666666667,0.3104166666666668,0.0,16.55,0.5633528121499217,0.004024210127640204,0.5285302257362486,56.88470333478685,0.5708337767099027,0.0,0.7044673539518901,0.3175114547537228,0.030000000000000027,17.603092783505154,0.5379694752703352,0.009439249534086591,candidate_threshold_optimization
C,0.06,0.5440609312061706,57.8398341330468,0.5798347714123562,0.0,0.7756701030927835,0.31403350515463924,0.015000000000000013,17.2125,0.5506611437101285,0.006600212503957925,0.559233361470327,58.76944668908071,0.5885805836925492,0.0,0.84,0.3105555555555557,0.0,16.925,0.5633528121499217,0.004119450679594738,0.5288885009420142,56.91022157701289,0.5710889591321631,0.0,0.711340206185567,0.3175114547537228,0.030000000000000027,17.5,0.5379694752703352,0.009080974328321001,candidate_threshold_optimization
C,0.07,0.5441227905017514,57.836097382192506,0.5797974039038132,0.0,0.7740549828178694,0.31403350515463924,0.015000000000000013,17.11327319587629,0.5506611437101285,0.006538353208377146,0.559342049695712,58.75531551161921,0.5884392719179342,0.0,0.8333333333333334,0.3105555555555557,0.0,16.675,0.5633528121499217,0.0040107624542097264,0.5289035313077907,56.91687925276581,0.5711555358896921,0.0,0.7147766323024055,0.3175114547537228,0.030000000000000027,17.551546391752577,0.5379694752703352,0.009065943962544565,candidate_threshold_optimization
C,0.08,0.5439494876658197,57.83551967591893,0.5797916268410774,0.0,0.7774914089347079,0.31403350515463924,0.015000000000000013,17.280798969072166,0.5506611437101285,0.006711656044308789,0.559442704863938,58.76538102844181,0.5885399270861602,0.0,0.8333333333333334,0.3105555555555557,0.0,16.675,0.5633528121499217,0.003910107285983733,0.5284562704677016,56.90565832339606,0.5710433265959948,0.0,0.7216494845360825,0.3175114547537228,0.030000000000000027,17.88659793814433,0.5379694752703352,0.009513204802633624,candidate_threshold_optimization
C,0.09,0.5439800511267687,57.85399268868048,0.5799763569686931,0.0,0.7842611683848797,0.31570017182130583,0.015000000000000013,17.368298969072164,0.5506611437101285,0.0066810925833598045,0.5591428645994957,58.7662303353309,0.5885484201550513,0.0,0.84,0.3138888888888889,0.0,16.85,0.5633528121499217,0.00420994755042603,0.5288172376540416,56.94175504203006,0.5714042937823348,0.0,0.7285223367697594,0.3175114547537228,0.030000000000000027,17.88659793814433,0.5379694752703352,0.00915223761629358,candidate_threshold_optimization
C,0.1,0.54389311139179,57.85873514129945,0.5800237814948828,0.0,0.7893127147766323,0.31591494845360824,0.015000000000000013,17.494072164948456,0.5506611437101285,0.006768032318338557,0.5591170543208986,58.783649307471194,0.5887226098764542,0.0,0.8466666666666667,0.3138888888888889,0.0,17.05,0.5633528121499217,0.004235757829023079,0.5286691684626812,56.9338209751277,0.5713249531133112,0.0,0.7319587628865979,0.3179410080183276,0.030000000000000027,17.938144329896907,0.5379694752703352,0.009300306807654035,candidate_threshold_optimization
C,0.11,0.544633526388483,57.91458219652432,0.5805822520471313,0.0,0.8029553264604812,0.3158476517754869,0.015000000000000013,17.314819587628868,0.5506611437101285,0.006027617321645584,0.5595270527098265,58.81603803525287,0.5890464971542709,0.0,0.8533333333333334,0.3136111111111113,0.0,16.975,0.5633528121499217,0.003825759440095222,0.5297400000671395,57.01312635779578,0.5721180069399918,0.0,0.7525773195876289,0.3180841924398625,0.030000000000000027,17.65463917525773,0.5379694752703352,0.008229475203195724,candidate_threshold_optimization
C,0.12,0.5444917355155339,57.90415310922942,0.5804779611741824,0.0,0.8012886597938145,0.3145976517754868,0.015000000000000013,17.402319587628867,0.5506611437101285,0.006169408194594661,0.5592434709639283,58.79517986066306,0.5888379154083728,0.0,0.85,0.3111111111111111,0.0,17.15,0.5633528121499217,0.004109341185993376,0.5297400000671395,57.01312635779578,0.5721180069399918,0.0,0.7525773195876289,0.3180841924398625,0.030000000000000027,17.65463917525773,0.5379694752703352,0.008229475203195724,candidate_threshold_optimization
C,0.13,0.5444917355155339,57.90415310922942,0.5804779611741824,0.0,0.8012886597938145,0.3145976517754868,0.015000000000000013,17.402319587628867,0.5506611437101285,0.006169408194594661,0.5592434709639283,58.79517986066306,0.5888379154083728,0.0,0.85,0.3111111111111111,0.0,17.15,0.5633528121499217,0.004109341185993376,0.5297400000671395,57.01312635779578,0.5721180069399918,0.0,0.7525773195876289,0.3180841924398625,0.030000000000000027,17.65463917525773,0.5379694752703352,0.008229475203195724,candidate_threshold_optimization
C,0.14,0.5450203230653081,57.92701186420685,0.5807065487239566,0.0,0.8046219931271478,0.3145976517754868,0.015000000000000013,17.102319587628866,0.5506611437101285,0.00564082064482041,0.5603006460634768,58.84089737061791,0.5892950905079213,0.0,0.8566666666666667,0.3111111111111111,0.0,16.55,0.5633528121499217,0.003052166086444874,0.5297400000671395,57.01312635779578,0.5721180069399918,0.0,0.7525773195876289,0.3180841924398625,0.030000000000000027,17.65463917525773,0.5379694752703352,0.008229475203195724,candidate_threshold_optimization
C,0.15,0.5451787119789955,57.94643036611393,0.5809007337430275,0.0,0.8114948453608248,0.3158147193585338,0.015000000000000013,17.08943298969072,0.5506611437101285,0.005482431731133053,0.5603006460634768,58.84089737061791,0.5892950905079213,0.0,0.8566666666666667,0.3111111111111111,0.0,16.55,0.5633528121499217,0.003052166086444874,0.5300567778945141,57.05196336160996,0.5725063769781338,0.0,0.7663230240549829,0.32051832760595644,0.030000000000000027,17.628865979381445,0.5379694752703352,0.00791269737582112,candidate_threshold_optimization
C,0.16,0.5451787119789955,57.94643036611393,0.5809007337430275,0.0,0.8114948453608248,0.3158147193585338,0.015000000000000013,17.08943298969072,0.5506611437101285,0.005482431731133053,0.5603006460634768,58.84089737061791,0.5892950905079213,0.0,0.8566666666666667,0.3111111111111111,0.0,16.55,0.5633528121499217,0.003052166086444874,0.5300567778945141,57.05196336160996,0.5725063769781338,0.0,0.7663230240549829,0.32051832760595644,0.030000000000000027,17.628865979381445,0.5379694752703352,0.00791269737582112,candidate_threshold_optimization
C,0.17,0.5456084605857021,57.9719052267846,0.5811554823497341,0.0,0.8181615120274914,0.3158147193585338,0.015000000000000013,16.914432989690724,0.5506611437101285,0.005052683124426416,0.56116014327689,58.891847091959235,0.5898045877213345,0.0,0.87,0.3111111111111111,0.0,16.2,0.5633528121499217,0.002192668873031711,0.5300567778945141,57.05196336160996,0.5725063769781338,0.0,0.7663230240549829,0.32051832760595644,0.030000000000000027,17.628865979381445,0.5379694752703352,0.00791269737582112,candidate_threshold_optimization
C,0.18,0.5456084605857021,57.9719052267846,0.5811554823497341,0.0,0.8181615120274914,0.3158147193585338,0.015000000000000013,16.914432989690724,0.5506611437101285,0.005052683124426416,0.56116014327689,58.891847091959235,0.5898045877213345,0.0,0.87,0.3111111111111111,0.0,16.2,0.5633528121499217,0.002192668873031711,0.5300567778945141,57.05196336160996,0.5725063769781338,0.0,0.7663230240549829,0.32051832760595644,0.030000000000000027,17.628865979381445,0.5379694752703352,0.00791269737582112,candidate_threshold_optimization
C,0.19,0.545357209696034,57.95324348260587,0.5809688649079469,0.0,0.814828178694158,0.3143828751431844,0.015000000000000013,17.036340206185564,0.5506611437101285,0.005303934014094569,0.5603148722277,58.852319987040225,0.5894093166721445,0.0,0.8633333333333333,0.3111111111111111,0.0,16.65,0.5633528121499217,0.0030379399222216774,0.5303995471643678,57.054166978171516,0.5725284131437492,0.0,0.7663230240549829,0.3176546391752577,0.030000000000000027,17.422680412371133,0.5379694752703352,0.007569928105967461,candidate_threshold_optimization
C,0.2,0.5452940553252089,57.95206693441226,0.5809570994260107,0.0,0.814828178694158,0.3141050973654067,0.015000000000000013,17.098840206185564,0.5506611437101285,0.005367088384919616,0.5601885634860501,58.84996689065299,0.5893857857082723,0.0,0.8633333333333333,0.3105555555555557,0.0,16.775,0.5633528121499217,0.0031642486638716605,0.5303995471643678,57.054166978171516,0.5725284131437492,0.0,0.7663230240549829,0.3176546391752577,0.030000000000000027,17.422680412371133,0.5379694752703352,0.007569928105967461,candidate_threshold_optimization
C,0.21,0.5458812218961596,57.9982062719197,0.5814184928010852,0.0,0.8282646048109965,0.3141050973654067,0.015000000000000013,16.97306701030928,0.5506611437101285,0.004779921813968913,0.5610634934465082,58.91745988669882,0.5900607156687304,0.0,0.8833333333333333,0.3105555555555557,0.0,16.575,0.5633528121499217,0.0022893187034135343,0.530698950345811,57.07895265714057,0.5727762699334399,0.0,0.7731958762886598,0.3176546391752577,0.030000000000000027,17.371134020618555,0.5379694752703352,0.00727052492452418,candidate_threshold_optimization
C,0.22,0.5459975108358239,58.011410194523016,0.5815505320271184,0.0,0.8334192439862542,0.3141766895761742,0.015000000000000013,16.98595360824742,0.5506611437101285,0.004663632874304602,0.5610634934465082,58.91745988669882,0.5900607156687304,0.0,0.8833333333333333,0.3105555555555557,0.0,16.575,0.5633528121499217,0.0022893187034135343,0.5309315282251396,57.10536050234721,0.5730403483855062,0.0,0.7835051546391752,0.31779782359679265,0.030000000000000027,17.396907216494846,0.5379694752703352,0.007037947045195669,candidate_threshold_optimization
C,0.23,0.5459975108358239,58.011410194523016,0.5815505320271184,0.0,0.8334192439862542,0.3141766895761742,0.015000000000000013,16.98595360824742,0.5506611437101285,0.004663632874304602,0.5610634934465082,58.91745988669882,0.5900607156687304,0.0,0.8833333333333333,0.3105555555555557,0.0,16.575,0.5633528121499217,0.0022893187034135343,0.5309315282251396,57.10536050234721,0.5730403483855062,0.0,0.7835051546391752,0.31779782359679265,0.030000000000000027,17.396907216494846,0.5379694752703352,0.007037947045195669,candidate_threshold_optimization
C,0.24,0.5458236746814236,58.001758537845866,0.5814540154603469,0.0,0.831701030927835,0.3141766895761742,0.015000000000000013,17.063273195876288,0.5506611437101285,0.004837469028704966,0.5610634934465082,58.91745988669882,0.5900607156687304,0.0,0.8833333333333333,0.3105555555555557,0.0,16.575,0.5633528121499217,0.0022893187034135343,0.530583855916339,57.08605718899291,0.5728473152519634,0.0,0.7800687285223368,0.31779782359679265,0.030000000000000027,17.551546391752577,0.5379694752703352,0.007385619353996176,candidate_threshold_optimization
C,0.25,0.5458236746814236,58.001758537845866,0.5814540154603469,0.0,0.831701030927835,0.3141766895761742,0.015000000000000013,17.063273195876288,0.5506611437101285,0.004837469028704966,0.5610634934465082,58.91745988669882,0.5900607156687304,0.0,0.8833333333333333,0.3105555555555557,0.0,16.575,0.5633528121499217,0.0022893187034135343,0.530583855916339,57.08605718899291,0.5728473152519634,0.0,0.7800687285223368,0.31779782359679265,0.030000000000000027,17.551546391752577,0.5379694752703352,0.007385619353996176,candidate_threshold_optimization
C,0.26,0.5462911669179547,58.0449281509606,0.5818857115914942,0.0,0.8437285223367698,0.31424828178694164,0.015000000000000013,17.024613402061853,0.5506611437101285,0.00436997679217388,0.5610634934465082,58.91745988669882,0.5900607156687304,0.0,0.8833333333333333,0.3105555555555557,0.0,16.575,0.5633528121499217,0.0022893187034135343,0.5315188403894011,57.17239641522238,0.5737107075142579,0.0,0.8041237113402062,0.3179410080183276,0.030000000000000027,17.47422680412371,0.5379694752703352,0.006450634880934114,candidate_threshold_optimization
C,0.27,0.5462891889605179,58.04473035521692,0.5818837336340574,0.0,0.8470618556701031,0.31424828178694164,0.015000000000000013,17.024613402061853,0.5506611437101285,0.004371954749610607,0.5610595375316346,58.91706429521146,0.5900567597538569,0.0,0.89,0.3105555555555557,0.0,16.575,0.5633528121499217,0.0022932746182871,0.5315188403894011,57.17239641522238,0.5737107075142579,0.0,0.8041237113402062,0.3179410080183276,0.030000000000000027,17.47422680412371,0.5379694752703352,0.006450634880934114,candidate_threshold_optimization
C,0.28,0.5462891889605179,58.04473035521692,0.5818837336340574,0.0,0.8470618556701031,0.31424828178694164,0.015000000000000013,17.024613402061853,0.5506611437101285,0.004371954749610607,0.5610595375316346,58.91706429521146,0.5900567597538569,0.0,0.89,0.3105555555555557,0.0,16.575,0.5633528121499217,0.0022932746182871,0.5315188403894011,57.17239641522238,0.5737107075142579,0.0,0.8041237113402062,0.3179410080183276,0.030000000000000027,17.47422680412371,0.5379694752703352,0.006450634880934114,candidate_threshold_optimization
C,0.29,0.546354985427023,58.04672810037832,0.5819037110856713,0.0,0.8487800687285223,0.3143914662084766,0.015000000000000013,16.97306701030928,0.5506611437101285,0.004306158283105543,0.5610595375316346,58.91706429521146,0.5900567597538569,0.0,0.89,0.3105555555555557,0.0,16.575,0.5633528121499217,0.0022932746182871,0.5316504333224114,57.17639190554517,0.5737506624174857,0.0,0.8075601374570447,0.31822737686139746,0.030000000000000027,17.371134020618555,0.5379694752703352,0.006319041947923876,candidate_threshold_optimization
C,0.3,0.5463793628266396,58.05972139589552,0.5820336440408433,0.004629629629629629,0.850446735395189,0.31578035509736546,0.015000000000000013,17.023067010309276,0.5506611437101285,0.0042817808834889615,0.5611082923308677,58.943050886245885,0.590316625664201,0.009259259259259259,0.8933333333333333,0.31333333333333346,0.0,16.675,0.5633528121499217,0.002244519819054047,0.5316504333224114,57.17639190554517,0.5737506624174857,0.0,0.8075601374570447,0.31822737686139746,0.030000000000000027,17.371134020618555,0.5379694752703352,0.006319041947923876,candidate_threshold_optimization
C,0.31,0.5462530037030853,58.05224012271536,0.5819588313090417,0.004629629629629629,0.8487285223367698,0.31578035509736546,0.015000000000000013,17.074613402061857,0.5506611437101285,0.00440814000704326,0.5611082923308677,58.943050886245885,0.590316625664201,0.009259259259259259,0.8933333333333333,0.31333333333333346,0.0,16.675,0.5633528121499217,0.002244519819054047,0.5313977150753029,57.16142935918484,0.5736010369538824,0.0,0.8041237113402062,0.31822737686139746,0.030000000000000027,17.47422680412371,0.5379694752703352,0.006571760195032361,candidate_threshold_optimization
C,0.32,0.5465173499718154,58.07604301992056,0.5821968602810939,0.0045045045045045045,0.8556013745704467,0.3169974226804124,0.015000000000000013,16.999613402061854,0.5506611437101285,0.004143793738313084,0.5613914446752681,58.95636612068592,0.5904497780086014,0.009009009009009009,0.8933333333333333,0.31333333333333346,0.0,16.525,0.5633528121499217,0.001961367474653586,0.5316432552683628,57.19571991915521,0.5739439425535862,0.0,0.8178694158075601,0.3206615120274914,0.030000000000000027,17.47422680412371,0.5379694752703352,0.006326220001972471,candidate_threshold_optimization
C,0.33,0.5465598196192719,58.07490338672805,0.5821854639491688,0.0043859649122807015,0.8556529209621992,0.3169974226804124,0.015000000000000013,16.945747422680412,0.5506611437101285,0.004101324090856617,0.5610368830330136,58.93590995646046,0.5902452163663469,0.008771929824561403,0.89,0.31333333333333346,0.0,16.675,0.5633528121499217,0.002315929116908144,0.5320827562055302,57.21389681699564,0.5741257115319908,0.0,0.8213058419243986,0.3206615120274914,0.030000000000000027,17.216494845360824,0.5379694752703352,0.005886719064804979,candidate_threshold_optimization
C,0.34,0.5464805348889428,58.083020159972364,0.5822666316816117,0.0,0.8606529209621994,0.31714275486827037,0.015000000000000013,17.100386597938147,0.5506611437101285,0.004180608821185761,0.5613639756384111,58.96806366144468,0.5905667534161889,0.0,0.9,0.31319444444444455,0.0,16.675,0.5633528121499217,0.0019888365115106055,0.5315970941394744,57.19797665850004,0.5739665099470346,0.0,0.8213058419243986,0.3210910652920962,0.030000000000000027,17.52577319587629,0.5379694752703352,0.006372381130860805,candidate_threshold_optimization
C,0.35,0.5464805348889428,58.083020159972364,0.5822666316816117,0.003968253968253968,0.8606529209621994,0.31714275486827037,0.015000000000000013,17.100386597938147,0.5506611437101285,0.004180608821185761,0.5613639756384111,58.96806366144468,0.5905667534161889,0.007936507936507936,0.9,0.31319444444444455,0.0,16.675,0.5633528121499217,0.0019888365115106055,0.5315970941394744,57.19797665850004,0.5739665099470346,0.0,0.8213058419243986,0.3210910652920962,0.030000000000000027,17.52577319587629,0.5379694752703352,0.006372381130860805,candidate_threshold_optimization
C,0.36,0.546543928699812,58.09416194655758,0.5823780495474639,0.008149473265752336,0.8606529209621994,0.31542454180985113,0.015000000000000013,17.21713917525773,0.5506611437101285,0.004117215010316477,0.5614152548206386,58.968191579667426,0.5905680325984164,0.007751937984496124,0.9,0.31319444444444455,0.0,16.625,0.5633528121499217,0.001937557329283135,0.5316726025789855,57.220132313447735,0.5741880664965113,0.008547008547008548,0.8213058419243986,0.3176546391752577,0.030000000000000027,17.809278350515463,0.5379694752703352,0.006296872691349709,candidate_threshold_optimization
C,0.37,0.5465573360235118,58.10194597789661,0.5824558898608543,0.003787878787878788,0.8640893470790378,0.31542454180985113,0.015000000000000013,17.281572164948454,0.5506611437101285,0.004103807686616778,0.5614095169850623,58.967617796109785,0.5905622947628401,0.007575757575757576,0.9,0.31319444444444455,0.0,16.625,0.5633528121499217,0.001943295164859471,0.5317051550619613,57.23627415968344,0.5743494849588685,0.0,0.8281786941580757,0.3176546391752577,0.030000000000000027,17.938144329896907,0.5379694752703352,0.006264320208373975,candidate_threshold_optimization
C,0.38,0.5464463041599823,58.10084279154367,0.5824448579973249,0.0,0.8657560137457045,0.31542454180985113,0.015000000000000013,17.38157216494845,0.5506611437101285,0.004214839550146232,0.5611874532580035,58.9654114234039,0.5905402310357812,0.0,0.9033333333333333,0.31319444444444455,0.0,16.825,0.5633528121499217,0.0021653588919182676,0.5317051550619613,57.23627415968344,0.5743494849588685,0.0,0.8281786941580757,0.3176546391752577,0.030000000000000027,17.938144329896907,0.5379694752703352,0.006264320208373975,candidate_threshold_optimization
C,0.39,0.546699457865077,58.11155335105657,0.5825519635924539,0.0040650406504065045,0.8674742268041238,0.31563931844215354,0.015000000000000013,17.226932989690724,0.5506611437101285,0.003961685845051521,0.5611874532580035,58.9654114234039,0.5905402310357812,0.0,0.9033333333333333,0.31319444444444455,0.0,16.825,0.5633528121499217,0.0021653588919182676,0.5322114624721506,57.25769527870924,0.5745636961491265,0.008130081300813009,0.8316151202749141,0.3180841924398625,0.030000000000000027,17.628865979381445,0.5379694752703352,0.005758012798184664,candidate_threshold_optimization
C,0.4,0.5469870687575769,58.13059221808433,0.5827423522627314,0.0040650406504065045,0.8708075601374571,0.315708762886598,0.015000000000000013,17.126932989690722,0.5506611437101285,0.003674074952551676,0.561762675043003,59.00348915745941,0.5909210083763363,0.0,0.91,0.31333333333333346,0.0,16.625,0.5633528121499217,0.0015901371069186876,0.5322114624721506,57.25769527870924,0.5745636961491265,0.008130081300813009,0.8316151202749141,0.3180841924398625,0.030000000000000027,17.628865979381445,0.5379694752703352,0.005758012798184664,candidate_threshold_optimization
C,0.41,0.5474645800630416,58.17820016420927,0.5832184317239808,0.003472222222222222,0.8862714776632303,0.31599513172966787,0.015000000000000013,17.114046391752577,0.5506611437101285,0.0031965636470869807,0.561762675043003,59.00348915745941,0.5909210083763363,0.0,0.91,0.31333333333333346,0.0,16.625,0.5633528121499217,0.0015901371069186876,0.5331664850830802,57.35291117095913,0.5755158550716254,0.006944444444444444,0.8625429553264605,0.31865693012600227,0.030000000000000027,17.603092783505154,0.5379694752703352,0.004802990187255052,candidate_threshold_optimization
C,0.42,0.5475755982583922,58.184163094855435,0.5832780610304426,0.006805555555555556,0.8879381443298969,0.3143979095074456,0.015000000000000013,17.126546391752576,0.5506611437101285,0.003085545451736338,0.5619847114337042,59.015415018751746,0.5910402669892597,0.006666666666666667,0.9133333333333333,0.31013888888888896,0.0,16.65,0.5633528121499217,0.001368100716217513,0.5331664850830802,57.35291117095913,0.5755158550716254,0.006944444444444444,0.8625429553264605,0.31865693012600227,0.030000000000000027,17.603092783505154,0.5379694752703352,0.004802990187255052,candidate_threshold_optimization
C,0.43,0.5475978235982217,58.186826636856715,0.5833046964504554,0.00980392156862745,0.8880412371134021,0.3144695017182131,0.015000000000000013,17.128092783505153,0.5506611437101285,0.0030633201119067976,0.5620597549348987,59.01291936887119,0.5910153104904542,0.013071895424836602,0.9066666666666666,0.31013888888888896,0.0,16.55,0.5633528121499217,0.0012930572150230413,0.5331358922615447,57.36073390484224,0.5755940824104565,0.006535947712418301,0.8694158075601375,0.3188001145475372,0.030000000000000027,17.70618556701031,0.5379694752703352,0.004833583008790554,candidate_threshold_optimization
C,0.44,0.5475508808324163,58.19963236027618,0.58343275368465,0.009678230266465561,0.8947079037800687,0.3144695017182131,0.015000000000000013,17.303092783505154,0.5506611437101285,0.003110262877712211,0.561965869403288,59.03853081571013,0.5912714249588436,0.01282051282051282,0.92,0.31013888888888896,0.0,16.9,0.5633528121499217,0.001386942746633757,0.5331358922615447,57.36073390484224,0.5755940824104565,0.006535947712418301,0.8694158075601375,0.3188001145475372,0.030000000000000027,17.70618556701031,0.5379694752703352,0.004833583008790554,candidate_threshold_optimization
C,0.45,0.5482552058875634,58.24998038698219,0.58393623395171,0.009317493594223153,0.9065807560137458,0.31542454180985113,0.015000000000000013,17.064046391752576,0.5506611437101285,0.0024059378225651518,0.5627911861674354,59.0957847143471,0.5918439639452132,0.012345679012345678,0.93,0.31319444444444455,0.0,16.525,0.5633528121499217,0.0005616259824863246,0.5337192256076914,57.40417605961727,0.5760285039582068,0.006289308176100629,0.8831615120274914,0.3176546391752577,0.030000000000000027,17.603092783505154,0.5379694752703352,0.004250249662643868,candidate_threshold_optimization
C,0.46,0.5482301427935595,58.239610389151096,0.5838325339733992,0.008723316912972085,0.9015292096219931,0.31535294959908367,0.015000000000000013,16.98827319587629,0.5506611437101285,0.002431000916569004,0.562751277238002,59.081793821403764,0.5917040550157798,0.011494252873563218,0.9233333333333333,0.31319444444444455,0.0,16.425,0.5633528121499217,0.0006015349119197211,0.533709008349117,57.397426956898435,0.5759610129310185,0.005952380952380952,0.8797250859106529,0.3175114547537228,0.030000000000000027,17.551546391752577,0.5379694752703352,0.004260466921218176,candidate_threshold_optimization
C,0.47,0.5485843054312445,58.2607082107661,0.5840435121895492,0.008671103044968743,0.9049656357388316,0.31563931844215354,0.015000000000000013,16.833634020618558,0.5506611437101285,0.0020768382788840523,0.562751277238002,59.081793821403764,0.5917040550157798,0.011494252873563218,0.9233333333333333,0.31319444444444455,0.0,16.425,0.5633528121499217,0.0006015349119197211,0.534417333624487,57.43962260012844,0.5763829693633186,0.005847953216374269,0.8865979381443299,0.3180841924398625,0.030000000000000027,17.242268041237114,0.5379694752703352,0.0035521416458482724,candidate_threshold_optimization
C,0.48,0.5484724169022194,58.25467399703885,0.5839831700522766,0.008620689655172414,0.9032474226804124,0.31563931844215354,0.015000000000000013,16.885180412371135,0.5506611437101285,0.002188726807909158,0.562751277238002,59.081793821403764,0.5917040550157798,0.011494252873563218,0.9233333333333333,0.31319444444444455,0.0,16.425,0.5633528121499217,0.0006015349119197211,0.5341935565664367,57.42755417267394,0.5762622850887735,0.005747126436781609,0.8831615120274914,0.3180841924398625,0.030000000000000027,17.34536082474227,0.5379694752703352,0.0037759187038984843,candidate_threshold_optimization
C,0.49,0.5486584074993438,58.270386458813135,0.5841402946700196,0.00847457627118644,0.9083505154639175,0.31563931844215354,0.015000000000000013,16.85631443298969,0.5506611437101285,0.002002736210784728,0.5625614217444634,59.08280827204989,0.5917141995222412,0.011299435028248588,0.9266666666666666,0.31319444444444455,0.0,16.625,0.5633528121499217,0.000791390405458281,0.5347553932542242,57.45796464557639,0.5765663898177981,0.005649717514124294,0.8900343642611683,0.3180841924398625,0.030000000000000027,17.087628865979383,0.5379694752703352,0.003214082016111064,candidate_threshold_optimization
C,0.5,0.5490776272801354,58.29156960527719,0.5843521261346601,0.005510018214936248,0.9134536082474227,0.31585409507445594,0.015000000000000013,16.640335051546394,0.5506611437101285,0.0015835164299931037,0.5629455787485855,59.101223972462115,0.5918983565263634,0.005555555555555556,0.93,0.31319444444444455,0.0,16.425,0.5633528121499217,0.00040723340133619335,0.5352096758116854,57.48191523809227,0.5768058957429569,0.00546448087431694,0.8969072164948454,0.31851374570446733,0.030000000000000027,16.855670103092784,0.5379694752703352,0.002759799458649792,candidate_threshold_optimization
C,0.51,0.549099211923404,58.28923494245629,0.5843287795064511,0.005376344086021506,0.9133505154639174,0.31563931844215354,0.015000000000000013,16.603994845360823,0.5506611437101285,0.0015619317867244797,0.5633279118159971,59.12445727920328,0.5921306895937749,0.005376344086021506,0.9366666666666666,0.31319444444444455,0.0,16.275,0.5633528121499217,2.4900333924660067e-05,0.534870512030811,57.4540126057093,0.5765268694191272,0.005376344086021506,0.8900343642611683,0.3180841924398625,0.030000000000000027,16.932989690721648,0.5379694752703352,0.0030989632395241884,candidate_threshold_optimization
C,0.52,0.5489657461316793,58.29845422811772,0.5844209723630653,0.007853835978835978,0.9201718213058419,0.31535294959908367,0.015000000000000013,16.84110824742268,0.5506611437101285,0.0016953975784492759,0.5626143277307676,59.10309887068033,0.5919171055085454,0.005291005291005291,0.94,0.31319444444444455,0.0,16.775,0.5633528121499217,0.0007384844191541395,0.5353171645325909,57.49380958555511,0.5769248392175852,0.010416666666666666,0.9003436426116839,0.3175114547537228,0.030000000000000027,16.90721649484536,0.5379694752703352,0.002652310737744301,candidate_threshold_optimization
C,0.53,0.5489657461316793,58.29845422811772,0.5844209723630653,0.007853835978835978,0.9201718213058419,0.31535294959908367,0.015000000000000013,16.84110824742268,0.5506611437101285,0.0016953975784492759,0.5626143277307676,59.10309887068033,0.5919171055085454,0.005291005291005291,0.94,0.31319444444444455,0.0,16.775,0.5633528121499217,0.0007384844191541395,0.5353171645325909,57.49380958555511,0.5769248392175852,0.010416666666666666,0.9003436426116839,0.3175114547537228,0.030000000000000027,16.90721649484536,0.5379694752703352,0.002652310737744301,candidate_threshold_optimization
C,0.54,0.548969156332453,58.298079326087425,0.5844172233427624,0.010337810337810338,0.9201718213058419,0.3154961340206186,0.015000000000000013,16.828221649484533,0.5506611437101285,0.0016919873776755079,0.5626143277307676,59.10309887068033,0.5919171055085454,0.005291005291005291,0.94,0.31319444444444455,0.0,16.775,0.5633528121499217,0.0007384844191541395,0.5353239849341385,57.49305978149452,0.5769173411769793,0.015384615384615385,0.9003436426116839,0.31779782359679265,0.030000000000000027,16.88144329896907,0.5379694752703352,0.002645490336196765,candidate_threshold_optimization
C,0.55,0.5492518858086579,58.316793281726234,0.5846043628991504,0.0076146076146076155,0.9235567010309278,0.3175007159221077,0.015000000000000013,16.652448453608248,0.5506611437101285,0.0014092579014706175,0.563242836228089,59.13594972041247,0.5922456140058668,0.005128205128205128,0.9433333333333334,0.31319444444444455,0.0,16.475,0.5633528121499217,0.00010997592183270566,0.5352609353892268,57.49763684304,0.5769631117924341,0.010101010101010102,0.9037800687285223,0.32180698739977087,0.030000000000000027,16.829896907216494,0.5379694752703352,0.0027085398811084183,candidate_threshold_optimization
C,0.56,0.5492409106681742,58.31784353400087,0.5846148654218969,0.007539226942212016,0.9235567010309278,0.3177154925544101,0.015000000000000013,16.665335051546393,0.5506611437101285,0.0014202330419543774,0.563242836228089,59.13594972041247,0.5922456140058668,0.005128205128205128,0.9433333333333334,0.31319444444444455,0.0,16.475,0.5633528121499217,0.00010997592183270566,0.5352389851082592,57.499737347589274,0.5769841168379269,0.009950248756218905,0.9037800687285223,0.3222365406643757,0.030000000000000027,16.855670103092784,0.5379694752703352,0.002730490162076049,candidate_threshold_optimization
C,0.57,0.5490196242775318,58.310714894936645,0.5845435790312546,0.0075003769033619785,0.9235567010309278,0.3177154925544101,0.015000000000000013,16.81533505154639,0.5506611437101285,0.0016415194325967164,0.5628002634468046,59.121692442284015,0.5921030412245823,0.005050505050505051,0.9433333333333334,0.31319444444444455,0.0,16.775,0.5633528121499217,0.0005525487031171616,0.5352389851082592,57.499737347589274,0.5769841168379269,0.009950248756218905,0.9037800687285223,0.3222365406643757,0.030000000000000027,16.855670103092784,0.5379694752703352,0.002730490162076049,candidate_threshold_optimization
C,0.58,0.5492659603147338,58.31034849865685,0.5845399150684567,0.009950248756218905,0.9202233676975945,0.3177154925544101,0.015000000000000013,16.56533505154639,0.5506611437101285,0.0013951833953946835,0.5632929355212086,59.120959649724426,0.5920957132989865,0.009950248756218905,0.9366666666666666,0.31319444444444455,0.0,16.275,0.5633528121499217,5.987662871309585e-05,0.5352389851082592,57.499737347589274,0.5769841168379269,0.009950248756218905,0.9037800687285223,0.3222365406643757,0.030000000000000027,16.855670103092784,0.5379694752703352,0.002730490162076049,candidate_threshold_optimization
C,0.59,0.54922462275667,58.31121474285046,0.5845485775103928,0.009806042252505587,0.9202233676975945,0.3177154925544101,0.015000000000000013,16.615335051546392,0.5506611437101285,0.0014365209534585865,0.5632102604050808,59.122692138111645,0.5921130381828587,0.00966183574879227,0.9366666666666666,0.31319444444444455,0.0,16.375,0.5633528121499217,0.00014255174484090194,0.5352389851082592,57.499737347589274,0.5769841168379269,0.009950248756218905,0.9037800687285223,0.3222365406643757,0.030000000000000027,16.855670103092784,0.5379694752703352,0.002730490162076049,candidate_threshold_optimization
C,0.6,0.5492269731826995,58.3015886743423,0.5844523168253112,0.009737029140014215,0.9202233676975945,0.3161877147766323,0.015000000000000013,16.577835051546394,0.5506611437101285,0.0014341705274290018,0.5632149612571399,59.10344000109533,0.5919205168126954,0.009523809523809525,0.9366666666666666,0.31013888888888896,0.0,16.3,0.5633528121499217,0.00013785089278184337,0.5352389851082592,57.499737347589274,0.5769841168379269,0.009950248756218905,0.9037800687285223,0.3222365406643757,0.030000000000000027,16.855670103092784,0.5379694752703352,0.002730490162076049,candidate_threshold_optimization
C,0.61,0.5492843996155885,58.307331317631196,0.5845097432582002,0.009669960058860626,0.9218900343642611,0.3161877147766323,0.015000000000000013,16.577835051546394,0.5506611437101285,0.0013767440945400278,0.5633298141229178,59.114925287673124,0.5920353696784734,0.009389671361502348,0.94,0.31013888888888896,0.0,16.3,0.5633528121499217,2.2998027003895416e-05,0.5352389851082592,57.499737347589274,0.5769841168379269,0.009950248756218905,0.9037800687285223,0.3222365406643757,0.030000000000000027,16.855670103092784,0.5379694752703352,0.002730490162076049,candidate_threshold_optimization
C,0.62,0.5492881128724938,58.3141187372507,0.5845776174543953,0.009531590413943355,0.9235567010309278,0.3174985681557847,0.015000000000000013,16.589561855670105,0.5506611437101285,0.0013730308376347367,0.5631315363808835,59.11537529124746,0.5920398697142168,0.009259259259259259,0.9433333333333334,0.31333333333333346,0.0,16.375,0.5633528121499217,0.00022127576903818724,0.5354446893641039,57.512862183253944,0.5771153651945736,0.00980392156862745,0.9037800687285223,0.32166380297823594,0.030000000000000027,16.804123711340207,0.5379694752703352,0.002524785906231286,candidate_threshold_optimization
C,0.63,0.5493893468657514,58.31765565318585,0.5846129866137468,0.014153439153439154,0.925274914089347,0.3184292668957619,0.015000000000000013,16.48646907216495,0.5506611437101285,0.001271796844377171,0.5631315363808835,59.11537529124746,0.5920398697142168,0.009259259259259259,0.9433333333333334,0.31333333333333346,0.0,16.375,0.5633528121499217,0.00022127576903818724,0.5356471573506192,57.51993601512425,0.5771861035132767,0.01904761904761905,0.9072164948453608,0.32352520045819033,0.030000000000000027,16.5979381443299,0.5379694752703352,0.0023223179197160437,candidate_threshold_optimization
C,0.64,0.549284303177324,58.31465128434313,0.5845829429253195,0.016373124592302675,0.925274914089347,0.3184292668957619,0.015000000000000013,16.561469072164947,0.5506611437101285,0.001376840532804513,0.562921449004029,59.109366553562005,0.5919797823373623,0.0136986301369863,0.9433333333333334,0.31333333333333346,0.0,16.525,0.5633528121499217,0.00043136314589276026,0.5356471573506192,57.51993601512425,0.5771861035132767,0.01904761904761905,0.9072164948453608,0.32352520045819033,0.030000000000000027,16.5979381443299,0.5379694752703352,0.0023223179197160437,candidate_threshold_optimization
C,0.65,0.549284303177324,58.31465128434313,0.5845829429253195,0.016373124592302675,0.925274914089347,0.3184292668957619,0.015000000000000013,16.561469072164947,0.5506611437101285,0.001376840532804513,0.562921449004029,59.109366553562005,0.5919797823373623,0.0136986301369863,0.9433333333333334,0.31333333333333346,0.0,16.525,0.5633528121499217,0.00043136314589276026,0.5356471573506192,57.51993601512425,0.5771861035132767,0.01904761904761905,0.9072164948453608,0.32352520045819033,0.030000000000000027,16.5979381443299,0.5379694752703352,0.0023223179197160437,candidate_threshold_optimization
C,0.66,0.549284303177324,58.31465128434313,0.5845829429253195,0.018586404270371084,0.925274914089347,0.3184292668957619,0.015000000000000013,16.561469072164947,0.5506611437101285,0.001376840532804513,0.562921449004029,59.109366553562005,0.5919797823373623,0.0136986301369863,0.9433333333333334,0.31333333333333346,0.0,16.525,0.5633528121499217,0.00043136314589276026,0.5356471573506192,57.51993601512425,0.5771861035132767,0.023474178403755867,0.9072164948453608,0.32352520045819033,0.030000000000000027,16.5979381443299,0.5379694752703352,0.0023223179197160437,candidate_threshold_optimization
C,0.67,0.5493248679750673,58.31984178473601,0.5846348479292482,0.01833083083083083,0.925274914089347,0.3177849369988546,0.015000000000000013,16.598582474226802,0.5506611437101285,0.001336275735061232,0.5629414334589179,59.1213649990509,0.5920997667922512,0.013513513513513514,0.9433333333333334,0.31333333333333346,0.0,16.625,0.5633528121499217,0.0004113786910038275,0.5357083024912168,57.51831857042112,0.5771699290662454,0.023148148148148147,0.9072164948453608,0.3222365406643757,0.030000000000000027,16.572164948453608,0.5379694752703352,0.0022611727791184144,candidate_threshold_optimization
C,0.68,0.5494724154557609,58.33058736900239,0.584742303771912,0.01808219178082192,0.9287113402061855,0.31807130584192445,0.015000000000000013,16.54703608247423,0.5506611437101285,0.0011887282543676658,0.5629414334589179,59.1213649990509,0.5920997667922512,0.013333333333333334,0.9433333333333334,0.31333333333333346,0.0,16.625,0.5633528121499217,0.0004113786910038275,0.5360033974526038,57.539809738953885,0.5773848407515729,0.0228310502283105,0.9140893470790378,0.3228092783505154,0.030000000000000027,16.469072164948454,0.5379694752703352,0.001966077817731393,candidate_threshold_optimization
C,0.69,0.5499229784503501,58.36060930420015,0.5850425231238896,0.022017543859649123,0.9355841924398626,0.3165678694158076,0.015000000000000013,16.456829896907216,0.5506611437101285,0.0007381652597784338,0.5629414334589179,59.1213649990509,0.5920997667922512,0.013333333333333334,0.9433333333333334,0.31333333333333346,0.0,16.625,0.5633528121499217,0.0004113786910038275,0.5369045234417824,57.5998536093494,0.5779852794555281,0.03070175438596491,0.9278350515463918,0.31980240549828176,0.030000000000000027,16.288659793814432,0.5379694752703352,0.0010649518285528181,candidate_threshold_optimization
C,0.7,0.5499229784503501,58.36060930420015,0.5850425231238896,0.022017543859649123,0.9355841924398626,0.3165678694158076,0.015000000000000013,16.456829896907216,0.5506611437101285,0.0007381652597784338,0.5629414334589179,59.1213649990509,0.5920997667922512,0.013333333333333334,0.9433333333333334,0.31333333333333346,0.0,16.625,0.5633528121499217,0.0004113786910038275,0.5369045234417824,57.5998536093494,0.5779852794555281,0.03070175438596491,0.9278350515463918,0.31980240549828176,0.030000000000000027,16.288659793814432,0.5379694752703352,0.0010649518285528181,candidate_threshold_optimization
C,0.71,0.5500699394365132,58.370007579219646,0.5851365058740847,0.02181818181818182,0.9373024054982818,0.31620990836197027,0.015000000000000013,16.418170103092784,0.5506611437101285,0.0005912042736153644,0.5629414334589179,59.1213649990509,0.5920997667922512,0.013333333333333334,0.9433333333333334,0.31333333333333346,0.0,16.625,0.5633528121499217,0.0004113786910038275,0.5371984454141083,57.618650159388395,0.5781732449559182,0.030303030303030304,0.9312714776632303,0.3190864833906071,0.030000000000000027,16.211340206185568,0.5379694752703352,0.0007710298562269013,candidate_threshold_optimization
C,0.72,0.5500183554037374,58.367569679951245,0.5851121268814006,0.021623931623931624,0.9373024054982818,0.3165678694158076,0.015000000000000013,16.431056701030926,0.5506611437101285,0.0006427883063910844,0.5629414334589179,59.1213649990509,0.5920997667922512,0.013333333333333334,0.9433333333333334,0.31333333333333346,0.0,16.625,0.5633528121499217,0.0004113786910038275,0.5370952773485569,57.613774360851586,0.5781244869705501,0.029914529914529916,0.9312714776632303,0.31980240549828176,0.030000000000000027,16.237113402061855,0.5379694752703352,0.0008741979217783413,candidate_threshold_optimization
C,0.73,0.5500332747574754,58.37392272643616,0.5851756573462499,0.019286269286269288,0.9423024054982818,0.31497064719358536,0.015000000000000013,16.54355670103093,0.5506611437101285,0.0006278689526530989,0.5629712721663941,59.13407109202075,0.5922268277219497,0.008658008658008658,0.9533333333333334,0.31013888888888896,0.0,16.85,0.5633528121499217,0.0003815399835276345,0.5370952773485569,57.613774360851586,0.5781244869705501,0.029914529914529916,0.9312714776632303,0.31980240549828176,0.030000000000000027,16.237113402061855,0.5379694752703352,0.0008741979217783413,candidate_threshold_optimization
C,0.74,0.5497871462948398,58.377517211214986,0.585211602194038,0.014617070172625729,0.9474570446735395,0.317190005727377,0.015000000000000013,16.736855670103093,0.5506611437101285,0.0008739974152887076,0.5629712721663941,59.13407109202075,0.5922268277219497,0.008658008658008658,0.9533333333333334,0.31013888888888896,0.0,16.85,0.5633528121499217,0.0003815399835276345,0.5366030204232854,57.620963330409225,0.5781963766661263,0.0205761316872428,0.9415807560137457,0.324241122565865,0.030000000000000027,16.623711340206185,0.5379694752703352,0.0013664548470497806,candidate_threshold_optimization
C,0.75,0.5495384756677346,58.36778903739336,0.5851143204558218,0.014454732510288067,0.9457903780068728,0.31878722794959924,0.015000000000000013,16.824355670103092,0.5506611437101285,0.001122668042393915,0.5624739309121839,59.11461474437749,0.5920322642455171,0.008333333333333333,0.95,0.31333333333333346,0.0,17.025,0.5633528121499217,0.0008788812377378274,0.5366030204232854,57.620963330409225,0.5781963766661263,0.0205761316872428,0.9415807560137457,0.324241122565865,0.030000000000000027,16.623711340206185,0.5379694752703352,0.0013664548470497806,candidate_threshold_optimization
C,0.76,0.549476572665857,58.37278716790433,0.5851643017609315,0.01606425702811245,0.9490721649484536,0.317815005727377,0.015000000000000013,16.97512886597938,0.5506611437101285,0.0011845710442714985,0.5625256057841481,59.13700445379615,0.5922561613397037,0.012048192771084338,0.96,0.31138888888888894,0.0,17.275,0.5633528121499217,0.0008272063657736028,0.5364275395475658,57.6085698820125,0.5780724421821593,0.020080321285140562,0.9381443298969072,0.324241122565865,0.030000000000000027,16.675257731958762,0.5379694752703352,0.0015419357227693942,candidate_threshold_optimization
C,0.77,0.5494548619477888,58.36546145692226,0.5850910446511108,0.01792885829030407,0.9473539518900344,0.317815005727377,0.015000000000000013,16.923582474226805,0.5506611437101285,0.0012062817623397226,0.5625256057841481,59.13700445379615,0.5922561613397037,0.012048192771084338,0.96,0.31138888888888894,0.0,17.275,0.5633528121499217,0.0008272063657736028,0.5363841181114296,57.59391846004838,0.5779259279625178,0.023809523809523808,0.9347079037800687,0.324241122565865,0.030000000000000027,16.572164948453608,0.5379694752703352,0.0015853571589056203,candidate_threshold_optimization
C,0.78,0.5495919495764174,58.36917021978512,0.5851281322797394,0.021661998132586367,0.9473539518900344,0.317815005727377,0.015000000000000013,16.823582474226804,0.5506611437101285,0.0010691941337110933,0.5627997810414054,59.144421979521866,0.5923303365969609,0.015873015873015872,0.96,0.31138888888888894,0.0,17.075,0.5633528121499217,0.0005530311085163442,0.5363841181114296,57.59391846004838,0.5779259279625178,0.027450980392156862,0.9347079037800687,0.324241122565865,0.030000000000000027,16.572164948453608,0.5379694752703352,0.0015853571589056203,candidate_threshold_optimization
C,0.79,0.5496892593958718,58.37079839531589,0.585144414035047,0.019448244414044687,0.9506872852233677,0.3162177835051547,0.015000000000000013,16.80644329896907,0.5506611437101285,0.0009718843142567657,0.5624841642915789,59.127582526761444,0.5921619420693567,0.011764705882352941,0.9666666666666667,0.30819444444444444,0.0,17.35,0.5633528121499217,0.0008686478583428414,0.5368943545001647,57.61401426387034,0.5781268860007375,0.027131782945736434,0.9347079037800687,0.324241122565865,0.030000000000000027,16.262886597938145,0.5379694752703352,0.001075120770170579,candidate_threshold_optimization
C,0.8,0.5496892593958718,58.37079839531589,0.585144414035047,0.019448244414044687,0.9506872852233677,0.3162177835051547,0.015000000000000013,16.80644329896907,0.5506611437101285,0.0009718843142567657,0.5624841642915789,59.127582526761444,0.5921619420693567,0.011764705882352941,0.9666666666666667,0.30819444444444444,0.0,17.35,0.5633528121499217,0.0008686478583428414,0.5368943545001647,57.61401426387034,0.5781268860007375,0.027131782945736434,0.9347079037800687,0.324241122565865,0.030000000000000027,16.262886597938145,0.5379694752703352,0.001075120770170579,candidate_threshold_optimization
C,0.81,0.549535910650441,58.360463520772825,0.5850410652896163,0.02131782945736434,0.9490206185567011,0.3162177835051547,0.015000000000000013,16.856443298969072,0.5506611437101285,0.0011252330596874804,0.5621774668007175,59.10691277767531,0.5919552445784952,0.015503875968992248,0.9633333333333334,0.30819444444444444,0.0,17.45,0.5633528121499217,0.001175345349204271,0.5368943545001647,57.61401426387034,0.5781268860007375,0.027131782945736434,0.9347079037800687,0.324241122565865,0.030000000000000027,16.262886597938145,0.5379694752703352,0.001075120770170579,candidate_threshold_optimization
C,0.82,0.5495473723245499,58.364187007771335,0.5850783001596015,0.02116189967031988,0.9507388316151203,0.3162177835051547,0.015000000000000013,16.88221649484536,0.5506611437101285,0.0011137713855786657,0.5621774668007175,59.10691277767531,0.5919552445784952,0.015503875968992248,0.9633333333333334,0.30819444444444444,0.0,17.45,0.5633528121499217,0.001175345349204271,0.5369172778483824,57.621461237867365,0.5782013557407077,0.02681992337164751,0.9381443298969072,0.324241122565865,0.030000000000000027,16.314432989690722,0.5379694752703352,0.0010521974219528385,candidate_threshold_optimization
C,0.83,0.5495473723245499,58.364187007771335,0.5850783001596015,0.02116189967031988,0.9507388316151203,0.3162177835051547,0.015000000000000013,16.88221649484536,0.5506611437101285,0.0011137713855786657,0.5621774668007175,59.10691277767531,0.5919552445784952,0.015503875968992248,0.9633333333333334,0.30819444444444444,0.0,17.45,0.5633528121499217,0.001175345349204271,0.5369172778483824,57.621461237867365,0.5782013557407077,0.02681992337164751,0.9381443298969072,0.324241122565865,0.030000000000000027,16.314432989690722,0.5379694752703352,0.0010521974219528385,candidate_threshold_optimization
C,0.84,0.5497694675800182,58.383676029309,0.5852731903749782,0.020920411006617904,0.9558419243986254,0.3158598224513174,0.015000000000000013,16.869329896907217,0.5506611437101285,0.0008916761301103193,0.5623343493179056,59.12260102939412,0.5921121270956834,0.01532567049808429,0.9666666666666667,0.30819444444444444,0.0,17.45,0.5633528121499217,0.0010184628320161204,0.5372045858421309,57.64475102922388,0.578434253654273,0.026515151515151516,0.9450171821305842,0.32352520045819033,0.030000000000000027,16.288659793814432,0.5379694752703352,0.0007648894282042962,candidate_threshold_optimization
C,0.85,0.5499983199542093,58.3962519883776,0.5853989499656642,0.020771449481251883,0.9592783505154638,0.3158598224513174,0.015000000000000013,16.766237113402063,0.5506611437101285,0.0006628237559191952,0.5623343493179056,59.12260102939412,0.5921121270956834,0.01532567049808429,0.9666666666666667,0.30819444444444444,0.0,17.45,0.5633528121499217,0.0010184628320161204,0.5376622905905132,57.669902947361074,0.5786857728356449,0.026217228464419477,0.9518900343642611,0.32352520045819033,0.030000000000000027,16.082474226804123,0.5379694752703352,0.0003071846798220479,candidate_threshold_optimization
C,0.86,0.5501860096507907,58.405020958035735,0.5854866396622456,0.020684371807967315,0.9609450171821305,0.3158598224513174,0.015000000000000013,16.66623711340206,0.5506611437101285,0.00047513405933785613,0.5627097287110683,59.140138968710396,0.5922875064888461,0.015151515151515152,0.97,0.30819444444444444,0.0,17.25,0.5633528121499217,0.0006430834388534423,0.5376622905905132,57.669902947361074,0.5786857728356449,0.026217228464419477,0.9518900343642611,0.32352520045819033,0.030000000000000027,16.082474226804123,0.5379694752703352,0.0003071846798220479,candidate_threshold_optimization
C,0.87,0.5502204929705968,58.40846929001635,0.5855211229820516,0.01868686868686869,0.9626632302405498,0.3158598224513174,0.015000000000000013,16.66623711340206,0.5506611437101285,0.00044065073953170053,0.5627097287110683,59.140138968710396,0.5922875064888461,0.015151515151515152,0.97,0.30819444444444444,0.0,17.25,0.5633528121499217,0.0006430834388534423,0.5377312572301254,57.6767996113223,0.5787547394752571,0.022222222222222223,0.9553264604810997,0.32352520045819033,0.030000000000000027,16.082474226804123,0.5379694752703352,0.00023821804020984771,candidate_threshold_optimization
C,0.88,0.5500886064603661,58.41074455651905,0.5855438756470785,0.021610845295055824,0.9626632302405498,0.3158598224513174,0.015000000000000013,16.820876288659793,0.5506611437101285,0.0005725372497624726,0.5627097287110683,59.140138968710396,0.5922875064888461,0.015151515151515152,0.97,0.30819444444444444,0.0,17.25,0.5633528121499217,0.0006430834388534423,0.5374674842096637,57.681350144327695,0.578800244805311,0.028070175438596492,0.9553264604810997,0.32352520045819033,0.030000000000000027,16.391752577319586,0.5379694752703352,0.0005019910606715028,candidate_threshold_optimization
C,0.89,0.5500886064603661,58.41074455651905,0.5855438756470785,0.021610845295055824,0.9626632302405498,0.3158598224513174,0.015000000000000013,16.820876288659793,0.5506611437101285,0.0005725372497624726,0.5627097287110683,59.140138968710396,0.5922875064888461,0.015151515151515152,0.97,0.30819444444444444,0.0,17.25,0.5633528121499217,0.0006430834388534423,0.5374674842096637,57.681350144327695,0.578800244805311,0.028070175438596492,0.9553264604810997,0.32352520045819033,0.030000000000000027,16.391752577319586,0.5379694752703352,0.0005019910606715028,candidate_threshold_optimization
C,0.9,0.5500886064603661,58.41074455651905,0.5855438756470785,0.021610845295055824,0.9626632302405498,0.3158598224513174,0.015000000000000013,16.820876288659793,0.5506611437101285,0.0005725372497624726,0.5627097287110683,59.140138968710396,0.5922875064888461,0.015151515151515152,0.97,0.30819444444444444,0.0,17.25,0.5633528121499217,0.0006430834388534423,0.5374674842096637,57.681350144327695,0.578800244805311,0.028070175438596492,0.9553264604810997,0.32352520045819033,0.030000000000000027,16.391752577319586,0.5379694752703352,0.0005019910606715028,candidate_threshold_optimization
C,0.91,0.5500886064603661,58.41074455651905,0.5855438756470785,0.021610845295055824,0.9626632302405498,0.3158598224513174,0.015000000000000013,16.820876288659793,0.5506611437101285,0.0005725372497624726,0.5627097287110683,59.140138968710396,0.5922875064888461,0.015151515151515152,0.97,0.30819444444444444,0.0,17.25,0.5633528121499217,0.0006430834388534423,0.5374674842096637,57.681350144327695,0.578800244805311,0.028070175438596492,0.9553264604810997,0.32352520045819033,0.030000000000000027,16.391752577319586,0.5379694752703352,0.0005019910606715028,candidate_threshold_optimization
C,0.92,0.5500886064603661,58.41074455651905,0.5855438756470785,0.021610845295055824,0.9626632302405498,0.3158598224513174,0.015000000000000013,16.820876288659793,0.5506611437101285,0.0005725372497624726,0.5627097287110683,59.140138968710396,0.5922875064888461,0.015151515151515152,0.97,0.30819444444444444,0.0,17.25,0.5633528121499217,0.0006430834388534423,0.5374674842096637,57.681350144327695,0.578800244805311,0.028070175438596492,0.9553264604810997,0.32352520045819033,0.030000000000000027,16.391752577319586,0.5379694752703352,0.0005019910606715028,candidate_threshold_optimization
C,0.93,0.5501415060757591,58.41353451805834,0.5855717752624716,0.023294346978557506,0.9626632302405498,0.3158598224513174,0.015000000000000013,16.79587628865979,0.5506611437101285,0.0005196376343694631,0.5628155279418543,59.14571889178899,0.5923433057196321,0.018518518518518517,0.97,0.30819444444444444,0.0,17.2,0.5633528121499217,0.0005372842080674234,0.5374674842096637,57.681350144327695,0.578800244805311,0.028070175438596492,0.9553264604810997,0.32352520045819033,0.030000000000000027,16.391752577319586,0.5379694752703352,0.0005019910606715028,candidate_threshold_optimization
C,0.94,0.5501415060757591,58.41353451805834,0.5855717752624716,0.023294346978557506,0.9626632302405498,0.3158598224513174,0.015000000000000013,16.79587628865979,0.5506611437101285,0.0005196376343694631,0.5628155279418543,59.14571889178899,0.5923433057196321,0.018518518518518517,0.97,0.30819444444444444,0.0,17.2,0.5633528121499217,0.0005372842080674234,0.5374674842096637,57.681350144327695,0.578800244805311,0.028070175438596492,0.9553264604810997,0.32352520045819033,0.030000000000000027,16.391752577319586,0.5379694752703352,0.0005019910606715028,candidate_threshold_optimization
C,0.95,0.5506611437101285,58.4499971360199,0.5859364014420873,0.02275413711583924,0.9710996563573884,0.3126095360824742,0.015000000000000013,16.770876288659792,0.5506611437101285,0.0,0.5633528121499217,59.18333620148461,0.5927194788165884,0.01773049645390071,0.98,0.30541666666666667,0.0,17.15,0.5633528121499217,0.0,0.5379694752703352,57.71665807055519,0.5791533240675861,0.027777777777777776,0.9621993127147767,0.31980240549828176,0.030000000000000027,16.391752577319586,0.5379694752703352,0.0,candidate_threshold_optimization
C,0.96,0.5503910993711688,58.43716795985589,0.5858081096804472,0.02417137067592995,0.9728178694158076,0.3126095360824742,0.015000000000000013,16.91262886597938,0.5506611437101285,0.00027004433895971847,0.5633528121499217,59.18333620148461,0.5927194788165884,0.01773049645390071,0.98,0.30541666666666667,0.0,17.15,0.5633528121499217,0.0,0.5374293865924159,57.690999718227175,0.578896740544306,0.030612244897959183,0.9656357388316151,0.31980240549828176,0.030000000000000027,16.675257731958762,0.5379694752703352,0.0005400886779193259,candidate_threshold_optimization
C,0.97,0.5503419512226799,58.440987394720636,0.5858463040290945,0.023865248226950353,0.9745360824742269,0.3144709335624285,0.015000000000000013,16.925515463917527,0.5506611437101285,0.0003191924874486052,0.5633528121499217,59.18333620148461,0.5927194788165884,0.01773049645390071,0.98,0.30541666666666667,0.0,17.15,0.5633528121499217,0.0,0.537331090295438,57.698638587956665,0.5789731292416007,0.03,0.9690721649484536,0.32352520045819033,0.030000000000000027,16.701030927835053,0.5379694752703352,0.0006383849748972104,candidate_threshold_optimization
C,0.98,0.5503045698961504,58.439749262067686,0.5858339227025651,0.023771929824561402,0.9745360824742269,0.3144709335624285,0.015000000000000013,16.950515463917526,0.5506611437101285,0.0003565738139781338,0.5632780494968627,59.180859936178706,0.5926947161635293,0.017543859649122806,0.98,0.30541666666666667,0.0,17.2,0.5633528121499217,7.476265305905727e-05,0.537331090295438,57.698638587956665,0.5789731292416007,0.03,0.9690721649484536,0.32352520045819033,0.030000000000000027,16.701030927835053,0.5379694752703352,0.0006383849748972104,candidate_threshold_optimization
C,0.99,0.5503045698961504,58.439749262067686,0.5858339227025651,0.02350340136054422,0.9745360824742269,0.3144709335624285,0.015000000000000013,16.950515463917526,0.5506611437101285,0.0003565738139781338,0.5632780494968627,59.180859936178706,0.5926947161635293,0.017006802721088437,0.98,0.30541666666666667,0.0,17.2,0.5633528121499217,7.476265305905727e-05,0.537331090295438,57.698638587956665,0.5789731292416007,0.03,0.9690721649484536,0.32352520045819033,0.030000000000000027,16.701030927835053,0.5379694752703352,0.0006383849748972104,candidate_threshold_optimization
C,1.0,0.5502838308935365,58.4376753618063,0.5858131836999512,0.025,0.9745360824742269,0.3144709335624285,0.015000000000000013,16.950515463917526,0.5506611437101285,0.00037731281659203475,0.563236571491635,59.17671213565594,0.5926532381583016,0.02,0.98,0.30541666666666667,0.0,17.2,0.5633528121499217,0.00011624065828674812,0.537331090295438,57.698638587956665,0.5789731292416007,0.03,0.9690721649484536,0.32352520045819033,0.030000000000000027,16.701030927835053,0.5379694752703352,0.0006383849748972104,candidate_threshold_optimization
D,0.0,0.5173491908525781,55.1723027093714,0.5531594571756022,0.0,0.7590034364261169,0.3142418384879725,0.015000000000000013,17.240592783505154,0.5180928907380307,0.0007436998854525312,0.5329287846854498,56.125655677259644,0.5621426735743387,0.0,0.8066666666666666,0.3109722222222222,0.0,16.775,0.5334982291298942,0.0005694444444444002,0.5017695970197065,54.21894974148316,0.5441762407768657,0.0,0.711340206185567,0.3175114547537228,0.030000000000000027,17.70618556701031,0.5032014412350558,0.001431844215349365,candidate_threshold_optimization
D,0.01,0.5173315934871714,55.1723027093714,0.5531594571756022,0.0,0.7623367697594502,0.31431128293241695,0.015000000000000013,17.25541237113402,0.5180928907380307,0.0007612972508592719,0.5330482291298941,56.125655677259644,0.5621426735743387,0.0,0.8133333333333334,0.3111111111111111,0.0,16.65,0.5334982291298942,0.00045000000000006146,0.5016149578444488,54.21894974148316,0.5441762407768657,0.0,0.711340206185567,0.3175114547537228,0.030000000000000027,17.86082474226804,0.5032014412350558,0.001586483390607074,candidate_threshold_optimization
D,0.02,0.5174315934871715,55.1723027093714,0.5531594571756022,0.0,0.7640034364261168,0.31431128293241695,0.015000000000000013,17.15541237113402,0.5180928907380307,0.0006612972508591719,0.5332482291298942,56.125655677259644,0.5621426735743387,0.0,0.8166666666666667,0.3111111111111111,0.0,16.45,0.5334982291298942,0.00024999999999997247,0.5016149578444488,54.21894974148316,0.5441762407768657,0.0,0.711340206185567,0.3175114547537228,0.030000000000000027,17.86082474226804,0.5032014412350558,0.001586483390607074,candidate_threshold_optimization
D,0.03,0.517447028767813,55.1723027093714,0.5531594571756022,0.0,0.7707216494845361,0.3139640607101948,0.015000000000000013,17.153865979381443,0.5180928907380307,0.0006458619702176538,0.5331760069076721,56.125655677259644,0.5621426735743387,0.0,0.8266666666666667,0.3104166666666668,0.0,16.55,0.5334982291298942,0.0003222222222221127,0.5017180506279539,54.21894974148316,0.5441762407768657,0.0,0.7147766323024055,0.3175114547537228,0.030000000000000027,17.757731958762886,0.5032014412350558,0.0014833906071018976,candidate_threshold_optimization
D,0.04,0.5175243483554419,55.1723027093714,0.5531594571756022,0.0,0.7655670103092784,0.3139640607101948,0.015000000000000013,17.07654639175258,0.5180928907380307,0.0005685423825887437,0.5331760069076721,56.125655677259644,0.5621426735743387,0.0,0.8266666666666667,0.3104166666666668,0.0,16.55,0.5334982291298942,0.0003222222222221127,0.5018726898032116,54.21894974148316,0.5441762407768657,0.0,0.7044673539518901,0.3175114547537228,0.030000000000000027,17.603092783505154,0.5032014412350558,0.0013287514318441884,candidate_threshold_optimization
D,0.05,0.5175243483554419,55.1723027093714,0.5531594571756022,0.0,0.7655670103092784,0.3139640607101948,0.015000000000000013,17.07654639175258,0.5180928907380307,0.0005685423825887437,0.5331760069076721,56.125655677259644,0.5621426735743387,0.0,0.8266666666666667,0.3104166666666668,0.0,16.55,0.5334982291298942,0.0003222222222221127,0.5018726898032116,54.21894974148316,0.5441762407768657,0.0,0.7044673539518901,0.3175114547537228,0.030000000000000027,17.603092783505154,0.5032014412350558,0.0013287514318441884,candidate_threshold_optimization
D,0.06,0.5173856169694167,55.1723027093714,0.5531594571756022,0.0,0.7756701030927835,0.31403350515463924,0.015000000000000013,17.2125,0.5180928907380307,0.000707273768614014,0.5327954513521165,56.125655677259644,0.5621426735743387,0.0,0.84,0.3105555555555557,0.0,16.925,0.5334982291298942,0.0007027777777777189,0.5019757825867168,54.21894974148316,0.5441762407768657,0.0,0.711340206185567,0.3175114547537228,0.030000000000000027,17.5,0.5032014412350558,0.001225658648339012,candidate_threshold_optimization
D,0.07,0.5174848437735403,55.1723027093714,0.5531594571756022,0.0,0.7740549828178694,0.31403350515463924,0.015000000000000013,17.11327319587629,0.5180928907380307,0.0006080469644903497,0.5330454513521165,56.125655677259644,0.5621426735743387,0.0,0.8333333333333334,0.3105555555555557,0.0,16.675,0.5334982291298942,0.0004527777777777464,0.5019242361949642,54.21894974148316,0.5441762407768657,0.0,0.7147766323024055,0.3175114547537228,0.030000000000000027,17.551546391752577,0.5032014412350558,0.0012772050400916557,candidate_threshold_optimization
D,0.08,0.5173173180003445,55.1723027093714,0.5531594571756022,0.0,0.7774914089347079,0.31403350515463924,0.015000000000000013,17.280798969072166,0.5180928907380307,0.0007755727376861365,0.5330454513521165,56.125655677259644,0.5621426735743387,0.0,0.8333333333333334,0.3105555555555557,0.0,16.675,0.5334982291298942,0.0004527777777777464,0.5015891846485725,54.21894974148316,0.5441762407768657,0.0,0.7216494845360825,0.3175114547537228,0.030000000000000027,17.88659793814433,0.5032014412350558,0.0016122565864833405,candidate_threshold_optimization
D,0.09,0.5171631513336779,55.1723027093714,0.5531594571756022,0.0,0.7842611683848797,0.31570017182130583,0.015000000000000013,17.368298969072164,0.5180928907380307,0.000929739404352814,0.5327371180187831,56.125655677259644,0.5621426735743387,0.0,0.84,0.3138888888888889,0.0,16.85,0.5334982291298942,0.0007611111111111013,0.5015891846485725,54.21894974148316,0.5441762407768657,0.0,0.7285223367697594,0.3175114547537228,0.030000000000000027,17.88659793814433,0.5032014412350558,0.0016122565864833405,candidate_threshold_optimization
D,0.1,0.5170287870725094,55.1723027093714,0.5531594571756022,0.0,0.7893127147766323,0.31591494845360824,0.015000000000000013,17.494072164948456,0.5180928907380307,0.0010641036655212321,0.5325371180187831,56.125655677259644,0.5621426735743387,0.0,0.8466666666666667,0.3138888888888889,0.0,17.05,0.5334982291298942,0.0009611111111110793,0.5015204561262356,54.21894974148316,0.5441762407768657,0.0,0.7319587628865979,0.3179410080183276,0.030000000000000027,17.938144329896907,0.5032014412350558,0.0016809851088201988,candidate_threshold_optimization
D,0.11,0.5172107315169538,55.1723027093714,0.5531594571756022,0.0,0.8029553264604812,0.3158476517754869,0.015000000000000013,17.314819587628868,0.5180928907380307,0.000882159221076817,0.5326232291298942,56.125655677259644,0.5621426735743387,0.0,0.8533333333333334,0.3136111111111113,0.0,16.975,0.5334982291298942,0.0008749999999999591,0.5017982339040133,54.21894974148316,0.5441762407768657,0.0,0.7525773195876289,0.3180841924398625,0.030000000000000027,17.65463917525773,0.5032014412350558,0.0014032073310424886,candidate_threshold_optimization
D,0.12,0.5171732315169537,55.1723027093714,0.5531594571756022,0.0,0.8012886597938145,0.3145976517754868,0.015000000000000013,17.402319587628867,0.5180928907380307,0.0009196592210769516,0.5325482291298942,56.125655677259644,0.5621426735743387,0.0,0.85,0.3111111111111111,0.0,17.15,0.5334982291298942,0.0009500000000000064,0.5017982339040133,54.21894974148316,0.5441762407768657,0.0,0.7525773195876289,0.3180841924398625,0.030000000000000027,17.65463917525773,0.5032014412350558,0.0014032073310424886,candidate_threshold_optimization
D,0.13,0.5171732315169537,55.1723027093714,0.5531594571756022,0.0,0.8012886597938145,0.3145976517754868,0.015000000000000013,17.402319587628867,0.5180928907380307,0.0009196592210769516,0.5325482291298942,56.125655677259644,0.5621426735743387,0.0,0.85,0.3111111111111111,0.0,17.15,0.5334982291298942,0.0009500000000000064,0.5017982339040133,54.21894974148316,0.5441762407768657,0.0,0.7525773195876289,0.3180841924398625,0.030000000000000027,17.65463917525773,0.5032014412350558,0.0014032073310424886,candidate_threshold_optimization
D,0.14,0.5174732315169538,55.1723027093714,0.5531594571756022,0.0,0.8046219931271478,0.3145976517754868,0.015000000000000013,17.102319587628866,0.5180928907380307,0.0006196592210768737,0.5331482291298942,56.125655677259644,0.5621426735743387,0.0,0.8566666666666667,0.3111111111111111,0.0,16.55,0.5334982291298942,0.00034999999999996145,0.5017982339040133,54.21894974148316,0.5441762407768657,0.0,0.7525773195876289,0.3180841924398625,0.030000000000000027,17.65463917525773,0.5032014412350558,0.0014032073310424886,candidate_threshold_optimization
D,0.15,0.5174374354115701,55.1723027093714,0.5531594571756022,0.0,0.8114948453608248,0.3158147193585338,0.015000000000000013,17.08943298969072,0.5180928907380307,0.0006554553264606078,0.5331482291298942,56.125655677259644,0.5621426735743387,0.0,0.8566666666666667,0.3111111111111111,0.0,16.55,0.5334982291298942,0.00034999999999996145,0.501726641693246,54.21894974148316,0.5441762407768657,0.0,0.7663230240549829,0.32051832760595644,0.030000000000000027,17.628865979381445,0.5032014412350558,0.0014747995418098458,candidate_threshold_optimization
D,0.16,0.5174374354115701,55.1723027093714,0.5531594571756022,0.0,0.8114948453608248,0.3158147193585338,0.015000000000000013,17.08943298969072,0.5180928907380307,0.0006554553264606078,0.5331482291298942,56.125655677259644,0.5621426735743387,0.0,0.8566666666666667,0.3111111111111111,0.0,16.55,0.5334982291298942,0.00034999999999996145,0.501726641693246,54.21894974148316,0.5441762407768657,0.0,0.7663230240549829,0.32051832760595644,0.030000000000000027,17.628865979381445,0.5032014412350558,0.0014747995418098458,candidate_threshold_optimization
D,0.17,0.5176124354115701,55.1723027093714,0.5531594571756022,0.0,0.8181615120274914,0.3158147193585338,0.015000000000000013,16.914432989690724,0.5180928907380307,0.00048045532646057154,0.5334982291298942,56.125655677259644,0.5621426735743387,0.0,0.87,0.3111111111111111,0.0,16.2,0.5334982291298942,0.0,0.501726641693246,54.21894974148316,0.5441762407768657,0.0,0.7663230240549829,0.32051832760595644,0.030000000000000027,17.628865979381445,0.5032014412350558,0.0014747995418098458,candidate_threshold_optimization
D,0.18,0.5176124354115701,55.1723027093714,0.5531594571756022,0.0,0.8181615120274914,0.3158147193585338,0.015000000000000013,16.914432989690724,0.5180928907380307,0.00048045532646057154,0.5334982291298942,56.125655677259644,0.5621426735743387,0.0,0.87,0.3111111111111111,0.0,16.2,0.5334982291298942,0.0,0.501726641693246,54.21894974148316,0.5441762407768657,0.0,0.7663230240549829,0.32051832760595644,0.030000000000000027,17.628865979381445,0.5032014412350558,0.0014747995418098458,candidate_threshold_optimization
D,0.19,0.5175478019636892,55.1723027093714,0.5531594571756022,0.0,0.814828178694158,0.3143828751431844,0.015000000000000013,17.036340206185564,0.5180928907380307,0.0005450887743414512,0.5330482291298941,56.125655677259644,0.5621426735743387,0.0,0.8633333333333333,0.3111111111111111,0.0,16.65,0.5334982291298942,0.00045000000000006146,0.5020473747974842,54.21894974148316,0.5441762407768657,0.0,0.7663230240549829,0.3176546391752577,0.030000000000000027,17.422680412371133,0.5032014412350558,0.0011540664375716547,candidate_threshold_optimization
D,0.2,0.5174964130748003,55.1723027093714,0.5531594571756022,0.0,0.814828178694158,0.3141050973654067,0.015000000000000013,17.098840206185564,0.5180928907380307,0.0005964776632303437,0.5329454513521165,56.125655677259644,0.5621426735743387,0.0,0.8633333333333333,0.3105555555555557,0.0,16.775,0.5334982291298942,0.0005527777777777354,0.5020473747974842,54.21894974148316,0.5441762407768657,0.0,0.7663230240549829,0.3176546391752577,0.030000000000000027,17.422680412371133,0.5032014412350558,0.0011540664375716547,candidate_threshold_optimization
D,0.21,0.5176221862706767,55.1723027093714,0.5531594571756022,0.0,0.8282646048109965,0.3141050973654067,0.015000000000000013,16.97306701030928,0.5180928907380307,0.0004707044673539773,0.5331454513521164,56.125655677259644,0.5621426735743387,0.0,0.8833333333333333,0.3105555555555557,0.0,16.575,0.5334982291298942,0.00035277777777775743,0.5020989211892368,54.21894974148316,0.5441762407768657,0.0,0.7731958762886598,0.3176546391752577,0.030000000000000027,17.371134020618555,0.5032014412350558,0.001102520045819011,candidate_threshold_optimization
D,0.22,0.5176064359843078,55.1723027093714,0.5531594571756022,0.0,0.8334192439862542,0.3141766895761742,0.015000000000000013,16.98595360824742,0.5180928907380307,0.00048645475372288693,0.5331454513521164,56.125655677259644,0.5621426735743387,0.0,0.8833333333333333,0.3105555555555557,0.0,16.575,0.5334982291298942,0.00035277777777775743,0.502067420616499,54.21894974148316,0.5441762407768657,0.0,0.7835051546391752,0.31779782359679265,0.030000000000000027,17.396907216494846,0.5032014412350558,0.0011340206185568302,candidate_threshold_optimization
D,0.23,0.5176064359843078,55.1723027093714,0.5531594571756022,0.0,0.8334192439862542,0.3141766895761742,0.015000000000000013,16.98595360824742,0.5180928907380307,0.00048645475372288693,0.5331454513521164,56.125655677259644,0.5621426735743387,0.0,0.8833333333333333,0.3105555555555557,0.0,16.575,0.5334982291298942,0.00035277777777775743,0.502067420616499,54.21894974148316,0.5441762407768657,0.0,0.7835051546391752,0.31779782359679265,0.030000000000000027,17.396907216494846,0.5032014412350558,0.0011340206185568302,candidate_threshold_optimization
D,0.24,0.5175291163966789,55.1723027093714,0.5531594571756022,0.0,0.831701030927835,0.3141766895761742,0.015000000000000013,17.063273195876288,0.5180928907380307,0.000563774341351797,0.5331454513521164,56.125655677259644,0.5621426735743387,0.0,0.8833333333333333,0.3105555555555557,0.0,16.575,0.5334982291298942,0.00035277777777775743,0.5019127814412413,54.21894974148316,0.5441762407768657,0.0,0.7800687285223368,0.31779782359679265,0.030000000000000027,17.551546391752577,0.5032014412350558,0.0012886597938145394,candidate_threshold_optimization
D,0.25,0.5175291163966789,55.1723027093714,0.5531594571756022,0.0,0.831701030927835,0.3141766895761742,0.015000000000000013,17.063273195876288,0.5180928907380307,0.000563774341351797,0.5331454513521164,56.125655677259644,0.5621426735743387,0.0,0.8833333333333333,0.3105555555555557,0.0,16.575,0.5334982291298942,0.00035277777777775743,0.5019127814412413,54.21894974148316,0.5441762407768657,0.0,0.7800687285223368,0.31779782359679265,0.030000000000000027,17.551546391752577,0.5032014412350558,0.0012886597938145394,candidate_threshold_optimization
D,0.26,0.5175649125020627,55.1723027093714,0.5531594571756022,0.0,0.8437285223367698,0.31424828178694164,0.015000000000000013,17.024613402061853,0.5180928907380307,0.0005279782359679519,0.5331454513521164,56.125655677259644,0.5621426735743387,0.0,0.8833333333333333,0.3105555555555557,0.0,16.575,0.5334982291298942,0.00035277777777775743,0.5019843736520089,54.21894974148316,0.5441762407768657,0.0,0.8041237113402062,0.3179410080183276,0.030000000000000027,17.47422680412371,0.5032014412350558,0.0012170675830469602,candidate_threshold_optimization
D,0.27,0.5175649125020627,55.1723027093714,0.5531594571756022,0.0,0.8470618556701031,0.31424828178694164,0.015000000000000013,17.024613402061853,0.5180928907380307,0.0005279782359679519,0.5331454513521164,56.125655677259644,0.5621426735743387,0.0,0.89,0.3105555555555557,0.0,16.575,0.5334982291298942,0.00035277777777775743,0.5019843736520089,54.21894974148316,0.5441762407768657,0.0,0.8041237113402062,0.3179410080183276,0.030000000000000027,17.47422680412371,0.5032014412350558,0.0012170675830469602,candidate_threshold_optimization
D,0.28,0.5175649125020627,55.1723027093714,0.5531594571756022,0.0,0.8470618556701031,0.31424828178694164,0.015000000000000013,17.024613402061853,0.5180928907380307,0.0005279782359679519,0.5331454513521164,56.125655677259644,0.5621426735743387,0.0,0.89,0.3105555555555557,0.0,16.575,0.5334982291298942,0.00035277777777775743,0.5019843736520089,54.21894974148316,0.5441762407768657,0.0,0.8041237113402062,0.3179410080183276,0.030000000000000027,17.47422680412371,0.5032014412350558,0.0012170675830469602,candidate_threshold_optimization
D,0.29,0.5176107315169538,55.1723027093714,0.5531594571756022,0.0,0.8487800687285223,0.3143914662084766,0.015000000000000013,16.97306701030928,0.5180928907380307,0.00048215922107686104,0.5331454513521164,56.125655677259644,0.5621426735743387,0.0,0.89,0.3105555555555557,0.0,16.575,0.5334982291298942,0.00035277777777775743,0.5020760116817913,54.21894974148316,0.5441762407768657,0.0,0.8075601374570447,0.31822737686139746,0.030000000000000027,17.371134020618555,0.5032014412350558,0.0011254295532645564,candidate_threshold_optimization
D,0.3,0.5175051759613983,55.1723027093714,0.5531594571756022,0.004629629629629629,0.850446735395189,0.31578035509736546,0.015000000000000013,17.023067010309276,0.5180928907380307,0.000587714776632331,0.5329343402410054,56.125655677259644,0.5621426735743387,0.009259259259259259,0.8933333333333333,0.31333333333333346,0.0,16.675,0.5334982291298942,0.0005638888888888083,0.5020760116817913,54.21894974148316,0.5441762407768657,0.0,0.8075601374570447,0.31822737686139746,0.030000000000000027,17.371134020618555,0.5032014412350558,0.0011254295532645564,candidate_threshold_optimization
D,0.31,0.5174536295696457,55.1723027093714,0.5531594571756022,0.004629629629629629,0.8487285223367698,0.31578035509736546,0.015000000000000013,17.074613402061857,0.5180928907380307,0.0006392611683849747,0.5329343402410054,56.125655677259644,0.5621426735743387,0.009259259259259259,0.8933333333333333,0.31333333333333346,0.0,16.675,0.5334982291298942,0.0005638888888888083,0.5019729188982861,54.21894974148316,0.5441762407768657,0.0,0.8041237113402062,0.31822737686139746,0.030000000000000027,17.47422680412371,0.5032014412350558,0.0012285223367697329,candidate_threshold_optimization
D,0.32,0.5174799468663238,55.1723027093714,0.5531594571756022,0.0045045045045045045,0.8556013745704467,0.3169974226804124,0.015000000000000013,16.999613402061854,0.5180928907380307,0.0006129438717068503,0.5330843402410054,56.125655677259644,0.5621426735743387,0.009009009009009009,0.8933333333333333,0.31333333333333346,0.0,16.525,0.5334982291298942,0.0004138888888888248,0.5018755534916423,54.21894974148316,0.5441762407768657,0.0,0.8178694158075601,0.3206615120274914,0.030000000000000027,17.47422680412371,0.5032014412350558,0.0013258877434135785,candidate_threshold_optimization
D,0.33,0.5175338128457052,55.1723027093714,0.5531594571756022,0.0043859649122807015,0.8556529209621992,0.3169974226804124,0.015000000000000013,16.945747422680412,0.5180928907380307,0.0005590778923254547,0.5329343402410054,56.125655677259644,0.5621426735743387,0.008771929824561403,0.89,0.31333333333333346,0.0,16.675,0.5334982291298942,0.0005638888888888083,0.5021332854504051,54.21894974148316,0.5441762407768657,0.0,0.8213058419243986,0.3206615120274914,0.030000000000000027,17.216494845360824,0.5032014412350558,0.0010681557846506928,candidate_threshold_optimization
D,0.34,0.5173733603829331,55.1723027093714,0.5531594571756022,0.0,0.8606529209621994,0.31714275486827037,0.015000000000000013,17.100386597938147,0.5180928907380307,0.0007195303550975307,0.5329398957965609,56.125655677259644,0.5621426735743387,0.0,0.9,0.31319444444444455,0.0,16.675,0.5334982291298942,0.0005583333333333274,0.5018068249693055,54.21894974148316,0.5441762407768657,0.0,0.8213058419243986,0.3210910652920962,0.030000000000000027,17.52577319587629,0.5032014412350558,0.0013946162657503258,candidate_threshold_optimization
D,0.35,0.5173733603829331,55.1723027093714,0.5531594571756022,0.003968253968253968,0.8606529209621994,0.31714275486827037,0.015000000000000013,17.100386597938147,0.5180928907380307,0.0007195303550975307,0.5329398957965609,56.125655677259644,0.5621426735743387,0.007936507936507936,0.9,0.31319444444444455,0.0,16.675,0.5334982291298942,0.0005583333333333274,0.5018068249693055,54.21894974148316,0.5441762407768657,0.0,0.8213058419243986,0.3210910652920962,0.030000000000000027,17.52577319587629,0.5032014412350558,0.0013946162657503258,candidate_threshold_optimization
D,0.36,0.5173253363279504,55.1723027093714,0.5531594571756022,0.008149473265752336,0.8606529209621994,0.31542454180985113,0.015000000000000013,17.21713917525773,0.5180928907380307,0.0007675544100802512,0.5329898957965609,56.125655677259644,0.5621426735743387,0.007751937984496124,0.9,0.31319444444444455,0.0,16.625,0.5334982291298942,0.0005083333333333329,0.5016607768593399,54.21894974148316,0.5441762407768657,0.008547008547008548,0.8213058419243986,0.3176546391752577,0.030000000000000027,17.809278350515463,0.5032014412350558,0.0015406643757159832,candidate_threshold_optimization
D,0.37,0.5172609033382596,55.1723027093714,0.5531594571756022,0.003787878787878788,0.8640893470790378,0.31542454180985113,0.015000000000000013,17.281572164948454,0.5180928907380307,0.0008319873997710836,0.5329898957965609,56.125655677259644,0.5621426735743387,0.007575757575757576,0.9,0.31319444444444455,0.0,16.625,0.5334982291298942,0.0005083333333333329,0.5015319108799584,54.21894974148316,0.5441762407768657,0.0,0.8281786941580757,0.3176546391752577,0.030000000000000027,17.938144329896907,0.5032014412350558,0.001669530355097426,candidate_threshold_optimization
D,0.38,0.5171609033382596,55.1723027093714,0.5531594571756022,0.0,0.8657560137457045,0.31542454180985113,0.015000000000000013,17.38157216494845,0.5180928907380307,0.0009319873997710726,0.5327898957965609,56.125655677259644,0.5621426735743387,0.0,0.9033333333333333,0.31319444444444455,0.0,16.825,0.5334982291298942,0.0007083333333333108,0.5015319108799584,54.21894974148316,0.5441762407768657,0.0,0.8281786941580757,0.3176546391752577,0.030000000000000027,17.938144329896907,0.5032014412350558,0.001669530355097426,candidate_threshold_optimization
D,0.39,0.5173069514482254,55.1723027093714,0.5531594571756022,0.0040650406504065045,0.8674742268041238,0.31563931844215354,0.015000000000000013,17.226932989690724,0.5180928907380307,0.0007859392898053041,0.5327898957965609,56.125655677259644,0.5621426735743387,0.0,0.9033333333333333,0.31319444444444455,0.0,16.825,0.5334982291298942,0.0007083333333333108,0.5018240070998897,54.21894974148316,0.5441762407768657,0.008130081300813009,0.8316151202749141,0.3180841924398625,0.030000000000000027,17.628865979381445,0.5032014412350558,0.0013774341351661112,candidate_threshold_optimization
D,0.4,0.5174041736704476,55.1723027093714,0.5531594571756022,0.0040650406504065045,0.8708075601374571,0.315708762886598,0.015000000000000013,17.126932989690722,0.5180928907380307,0.0006887170675831111,0.5329843402410054,56.125655677259644,0.5621426735743387,0.0,0.91,0.31333333333333346,0.0,16.625,0.5334982291298942,0.0005138888888888138,0.5018240070998897,54.21894974148316,0.5441762407768657,0.008130081300813009,0.8316151202749141,0.3180841924398625,0.030000000000000027,17.628865979381445,0.5032014412350558,0.0013774341351661112,candidate_threshold_optimization
D,0.41,0.517405605514663,55.1723027093714,0.5531594571756022,0.003472222222222222,0.8862714776632303,0.31599513172966787,0.015000000000000013,17.114046391752577,0.5180928907380307,0.0006872852233676952,0.5329843402410054,56.125655677259644,0.5621426735743387,0.0,0.91,0.31333333333333346,0.0,16.625,0.5334982291298942,0.0005138888888888138,0.5018268707883204,54.21894974148316,0.5441762407768657,0.006944444444444444,0.8625429553264605,0.31865693012600227,0.030000000000000027,17.603092783505154,0.5032014412350558,0.0013745704467353903,candidate_threshold_optimization
D,0.42,0.5174569944035518,55.1723027093714,0.5531594571756022,0.006805555555555556,0.8879381443298969,0.3143979095074456,0.015000000000000013,17.126546391752576,0.5180928907380307,0.0006358963344789137,0.5330871180187831,56.125655677259644,0.5621426735743387,0.006666666666666667,0.9133333333333333,0.31013888888888896,0.0,16.65,0.5334982291298942,0.00041111111111113985,0.5018268707883204,54.21894974148316,0.5441762407768657,0.006944444444444444,0.8625429553264605,0.31865693012600227,0.030000000000000027,17.603092783505154,0.5032014412350558,0.0013745704467353903,candidate_threshold_optimization
D,0.43,0.5174525843233685,55.1723027093714,0.5531594571756022,0.00980392156862745,0.8880412371134021,0.3144695017182131,0.015000000000000013,17.128092783505153,0.5180928907380307,0.0006403064146621729,0.5331871180187832,56.125655677259644,0.5621426735743387,0.013071895424836602,0.9066666666666666,0.31013888888888896,0.0,16.55,0.5334982291298942,0.00031111111111103984,0.5017180506279538,54.21894974148316,0.5441762407768657,0.006535947712418301,0.8694158075601375,0.3188001145475372,0.030000000000000027,17.70618556701031,0.5032014412350558,0.0014833906071020087,candidate_threshold_optimization
D,0.44,0.5172775843233685,55.1723027093714,0.5531594571756022,0.009678230266465561,0.8947079037800687,0.3144695017182131,0.015000000000000013,17.303092783505154,0.5180928907380307,0.0008153064146622091,0.5328371180187831,56.125655677259644,0.5621426735743387,0.01282051282051282,0.92,0.31013888888888896,0.0,16.9,0.5334982291298942,0.0006611111111111123,0.5017180506279538,54.21894974148316,0.5441762407768657,0.006535947712418301,0.8694158075601375,0.3188001145475372,0.030000000000000027,17.70618556701031,0.5032014412350558,0.0014833906071020087,candidate_threshold_optimization
D,0.45,0.5174784291114556,55.1723027093714,0.5531594571756022,0.009317493594223153,0.9065807560137458,0.31542454180985113,0.015000000000000013,17.064046391752576,0.5180928907380307,0.0006144616265750802,0.5330898957965609,56.125655677259644,0.5621426735743387,0.012345679012345678,0.93,0.31319444444444455,0.0,16.525,0.5334982291298942,0.0004083333333333439,0.5018669624263502,54.21894974148316,0.5441762407768657,0.006289308176100629,0.8831615120274914,0.3176546391752577,0.030000000000000027,17.603092783505154,0.5032014412350558,0.0013344788087056303,candidate_threshold_optimization
D,0.46,0.5175570659957625,55.1723027093714,0.5531594571756022,0.008723316912972085,0.9015292096219931,0.31535294959908367,0.015000000000000013,16.98827319587629,0.5180928907380307,0.0005358247422682094,0.5331898957965608,56.125655677259644,0.5621426735743387,0.011494252873563218,0.9233333333333333,0.31319444444444455,0.0,16.425,0.5334982291298942,0.0003083333333333549,0.5019242361949642,54.21894974148316,0.5441762407768657,0.005952380952380952,0.8797250859106529,0.3175114547537228,0.030000000000000027,17.551546391752577,0.5032014412350558,0.0012772050400916557,candidate_threshold_optimization
D,0.47,0.5177002504172974,55.1723027093714,0.5531594571756022,0.008671103044968743,0.9049656357388316,0.31563931844215354,0.015000000000000013,16.833634020618558,0.5180928907380307,0.00039264032073327293,0.5331898957965608,56.125655677259644,0.5621426735743387,0.011494252873563218,0.9233333333333333,0.31319444444444455,0.0,16.425,0.5334982291298942,0.0003083333333333549,0.502210605038034,54.21894974148316,0.5441762407768657,0.005847953216374269,0.8865979381443299,0.3180841924398625,0.030000000000000027,17.242268041237114,0.5032014412350558,0.0009908361970217827,candidate_threshold_optimization
D,0.48,0.5176487040255449,55.1723027093714,0.5531594571756022,0.008620689655172414,0.9032474226804124,0.31563931844215354,0.015000000000000013,16.885180412371135,0.5180928907380307,0.00044418671248580566,0.5331898957965608,56.125655677259644,0.5621426735743387,0.011494252873563218,0.9233333333333333,0.31319444444444455,0.0,16.425,0.5334982291298942,0.0003083333333333549,0.5021075122545289,54.21894974148316,0.5441762407768657,0.005747126436781609,0.8831615120274914,0.3180841924398625,0.030000000000000027,17.34536082474227,0.5032014412350558,0.0010939289805269592,candidate_threshold_optimization
D,0.49,0.5176775700049263,55.1723027093714,0.5531594571756022,0.00847457627118644,0.9083505154639175,0.31563931844215354,0.015000000000000013,16.85631443298969,0.5180928907380307,0.0004153207331043518,0.5329898957965609,56.125655677259644,0.5621426735743387,0.011299435028248588,0.9266666666666666,0.31319444444444455,0.0,16.625,0.5334982291298942,0.0005083333333333329,0.5023652442132918,54.21894974148316,0.5441762407768657,0.005649717514124294,0.8900343642611683,0.3180841924398625,0.030000000000000027,17.087628865979383,0.5032014412350558,0.0008361970217640735,candidate_threshold_optimization
D,0.5,0.5178849583210775,55.1723027093714,0.5531594571756022,0.005510018214936248,0.9134536082474227,0.31585409507445594,0.015000000000000013,16.640335051546394,0.5180928907380307,0.00020793241695316045,0.5331898957965608,56.125655677259644,0.5621426735743387,0.005555555555555556,0.93,0.31319444444444455,0.0,16.425,0.5334982291298942,0.0003083333333333549,0.5025800208455942,54.21894974148316,0.5441762407768657,0.00546448087431694,0.8969072164948454,0.31851374570446733,0.030000000000000027,16.855670103092784,0.5032014412350558,0.0006214203894616688,candidate_threshold_optimization
D,0.51,0.5179298895925551,55.1723027093714,0.5531594571756022,0.005376344086021506,0.9133505154639174,0.31563931844215354,0.015000000000000013,16.603994845360823,0.5180928907380307,0.00016300114547551647,0.5333398957965608,56.125655677259644,0.5621426735743387,0.005376344086021506,0.9366666666666666,0.31319444444444455,0.0,16.275,0.5334982291298942,0.0001583333333333714,0.5025198833885495,54.21894974148316,0.5441762407768657,0.005376344086021506,0.8900343642611683,0.3180841924398625,0.030000000000000027,16.932989690721648,0.5032014412350558,0.0006815578465063643,candidate_threshold_optimization
D,0.52,0.5177042309442161,55.1723027093714,0.5531594571756022,0.007853835978835978,0.9201718213058419,0.31535294959908367,0.015000000000000013,16.84110824742268,0.5180928907380307,0.00038865979381452753,0.5328398957965609,56.125655677259644,0.5621426735743387,0.005291005291005291,0.94,0.31319444444444455,0.0,16.775,0.5334982291298942,0.0006583333333333163,0.5025685660918714,54.21894974148316,0.5441762407768657,0.010416666666666666,0.9003436426116839,0.3175114547537228,0.030000000000000027,16.90721649484536,0.5032014412350558,0.0006328751431844415,candidate_threshold_optimization
D,0.53,0.5177042309442161,55.1723027093714,0.5531594571756022,0.007853835978835978,0.9201718213058419,0.31535294959908367,0.015000000000000013,16.84110824742268,0.5180928907380307,0.00038865979381452753,0.5328398957965609,56.125655677259644,0.5621426735743387,0.005291005291005291,0.94,0.31319444444444455,0.0,16.775,0.5334982291298942,0.0006583333333333163,0.5025685660918714,54.21894974148316,0.5441762407768657,0.010416666666666666,0.9003436426116839,0.3175114547537228,0.030000000000000027,16.90721649484536,0.5032014412350558,0.0006328751431844415,candidate_threshold_optimization
D,0.54,0.5177113901652928,55.1723027093714,0.5531594571756022,0.010337810337810338,0.9201718213058419,0.3154961340206186,0.015000000000000013,16.828221649484533,0.5180928907380307,0.00038150057273789173,0.5328398957965609,56.125655677259644,0.5621426735743387,0.005291005291005291,0.94,0.31319444444444455,0.0,16.775,0.5334982291298942,0.0006583333333333163,0.5025828845340248,54.21894974148316,0.5441762407768657,0.015384615384615385,0.9003436426116839,0.31779782359679265,0.030000000000000027,16.88144329896907,0.5032014412350558,0.0006185567010310589,candidate_threshold_optimization
D,0.55,0.5178069800851096,55.1723027093714,0.5531594571756022,0.0076146076146076155,0.9235567010309278,0.3175007159221077,0.015000000000000013,16.652448453608248,0.5180928907380307,0.0002859106529210509,0.5331398957965608,56.125655677259644,0.5621426735743387,0.005128205128205128,0.9433333333333334,0.31319444444444455,0.0,16.475,0.5334982291298942,0.0003583333333333494,0.5024740643736584,54.21894974148316,0.5441762407768657,0.010101010101010102,0.9037800687285223,0.32180698739977087,0.030000000000000027,16.829896907216494,0.5032014412350558,0.0007273768613974552,candidate_threshold_optimization
D,0.56,0.5177855024218794,55.1723027093714,0.5531594571756022,0.007539226942212016,0.9235567010309278,0.3177154925544101,0.015000000000000013,16.665335051546393,0.5180928907380307,0.00030738831615129136,0.5331398957965608,56.125655677259644,0.5621426735743387,0.005128205128205128,0.9433333333333334,0.31319444444444455,0.0,16.475,0.5334982291298942,0.0003583333333333494,0.5024311090471979,54.21894974148316,0.5441762407768657,0.009950248756218905,0.9037800687285223,0.3222365406643757,0.030000000000000027,16.855670103092784,0.5032014412350558,0.0007703321878579361,candidate_threshold_optimization
D,0.57,0.5176355024218794,55.1723027093714,0.5531594571756022,0.0075003769033619785,0.9235567010309278,0.3177154925544101,0.015000000000000013,16.81533505154639,0.5180928907380307,0.00045738831615127484,0.5328398957965609,56.125655677259644,0.5621426735743387,0.005050505050505051,0.9433333333333334,0.31319444444444455,0.0,16.775,0.5334982291298942,0.0006583333333333163,0.5024311090471979,54.21894974148316,0.5441762407768657,0.009950248756218905,0.9037800687285223,0.3222365406643757,0.030000000000000027,16.855670103092784,0.5032014412350558,0.0007703321878579361,candidate_threshold_optimization
D,0.58,0.5178855024218794,55.1723027093714,0.5531594571756022,0.009950248756218905,0.9202233676975945,0.3177154925544101,0.015000000000000013,16.56533505154639,0.5180928907380307,0.00020738831615130238,0.5333398957965608,56.125655677259644,0.5621426735743387,0.009950248756218905,0.9366666666666666,0.31319444444444455,0.0,16.275,0.5334982291298942,0.0001583333333333714,0.5024311090471979,54.21894974148316,0.5441762407768657,0.009950248756218905,0.9037800687285223,0.3222365406643757,0.030000000000000027,16.855670103092784,0.5032014412350558,0.0007703321878579361,candidate_threshold_optimization
D,0.59,0.5178355024218794,55.1723027093714,0.5531594571756022,0.009806042252505587,0.9202233676975945,0.3177154925544101,0.015000000000000013,16.615335051546392,0.5180928907380307,0.00025738831615129687,0.5332398957965608,56.125655677259644,0.5621426735743387,0.00966183574879227,0.9366666666666666,0.31319444444444455,0.0,16.375,0.5334982291298942,0.0002583333333333604,0.5024311090471979,54.21894974148316,0.5441762407768657,0.009950248756218905,0.9037800687285223,0.3222365406643757,0.030000000000000027,16.855670103092784,0.5032014412350558,0.0007703321878579361,candidate_threshold_optimization
D,0.6,0.5179341135329905,55.1723027093714,0.5531594571756022,0.009737029140014215,0.9202233676975945,0.3161877147766323,0.015000000000000013,16.577835051546394,0.5180928907380307,0.00015877720504020587,0.5334371180187831,56.125655677259644,0.5621426735743387,0.009523809523809525,0.9366666666666666,0.31013888888888896,0.0,16.3,0.5334982291298942,6.111111111106737e-05,0.5024311090471979,54.21894974148316,0.5441762407768657,0.009950248756218905,0.9037800687285223,0.3222365406643757,0.030000000000000027,16.855670103092784,0.5032014412350558,0.0007703321878579361,candidate_threshold_optimization
D,0.61,0.5179341135329905,55.1723027093714,0.5531594571756022,0.009669960058860626,0.9218900343642611,0.3161877147766323,0.015000000000000013,16.577835051546394,0.5180928907380307,0.00015877720504020587,0.5334371180187831,56.125655677259644,0.5621426735743387,0.009389671361502348,0.94,0.31013888888888896,0.0,16.3,0.5334982291298942,6.111111111106737e-05,0.5024311090471979,54.21894974148316,0.5441762407768657,0.009950248756218905,0.9037800687285223,0.3222365406643757,0.030000000000000027,16.855670103092784,0.5032014412350558,0.0007703321878579361,candidate_threshold_optimization
D,0.62,0.5178699525937007,55.1723027093714,0.5531594571756022,0.009531590413943355,0.9235567010309278,0.3174985681557847,0.015000000000000013,16.589561855670105,0.5180928907380307,0.00022293814432994274,0.5332343402410054,56.125655677259644,0.5621426735743387,0.009259259259259259,0.9433333333333334,0.31333333333333346,0.0,16.375,0.5334982291298942,0.0002638888888888413,0.502505564946396,54.21894974148316,0.5441762407768657,0.00980392156862745,0.9037800687285223,0.32166380297823594,0.030000000000000027,16.804123711340207,0.5032014412350558,0.000695876288659858,candidate_threshold_optimization
D,0.63,0.5179358174276067,55.1723027093714,0.5531594571756022,0.014153439153439154,0.925274914089347,0.3184292668957619,0.015000000000000013,16.48646907216495,0.5180928907380307,0.00015707331042391637,0.5332343402410054,56.125655677259644,0.5621426735743387,0.009259259259259259,0.9433333333333334,0.31333333333333346,0.0,16.375,0.5334982291298942,0.0002638888888888413,0.5026372946142081,54.21894974148316,0.5441762407768657,0.01904761904761905,0.9072164948453608,0.32352520045819033,0.030000000000000027,16.5979381443299,0.5032014412350558,0.0005641466208476942,candidate_threshold_optimization
D,0.64,0.5178608174276067,55.1723027093714,0.5531594571756022,0.016373124592302675,0.925274914089347,0.3184292668957619,0.015000000000000013,16.561469072164947,0.5180928907380307,0.00023207331042396362,0.5330843402410054,56.125655677259644,0.5621426735743387,0.0136986301369863,0.9433333333333334,0.31333333333333346,0.0,16.525,0.5334982291298942,0.0004138888888888248,0.5026372946142081,54.21894974148316,0.5441762407768657,0.01904761904761905,0.9072164948453608,0.32352520045819033,0.030000000000000027,16.5979381443299,0.5032014412350558,0.0005641466208476942,candidate_threshold_optimization
D,0.65,0.5178608174276067,55.1723027093714,0.5531594571756022,0.016373124592302675,0.925274914089347,0.3184292668957619,0.015000000000000013,16.561469072164947,0.5180928907380307,0.00023207331042396362,0.5330843402410054,56.125655677259644,0.5621426735743387,0.0136986301369863,0.9433333333333334,0.31333333333333346,0.0,16.525,0.5334982291298942,0.0004138888888888248,0.5026372946142081,54.21894974148316,0.5441762407768657,0.01904761904761905,0.9072164948453608,0.32352520045819033,0.030000000000000027,16.5979381443299,0.5032014412350558,0.0005641466208476942,candidate_threshold_optimization
D,0.66,0.5178608174276067,55.1723027093714,0.5531594571756022,0.018586404270371084,0.925274914089347,0.3184292668957619,0.015000000000000013,16.561469072164947,0.5180928907380307,0.00023207331042396362,0.5330843402410054,56.125655677259644,0.5621426735743387,0.0136986301369863,0.9433333333333334,0.31333333333333346,0.0,16.525,0.5334982291298942,0.0004138888888888248,0.5026372946142081,54.21894974148316,0.5441762407768657,0.023474178403755867,0.9072164948453608,0.32352520045819033,0.030000000000000027,16.5979381443299,0.5032014412350558,0.0005641466208476942,candidate_threshold_optimization
D,0.67,0.5178494772214213,55.1723027093714,0.5531594571756022,0.01833083083083083,0.925274914089347,0.3177849369988546,0.015000000000000013,16.598582474226802,0.5180928907380307,0.00024341351660939203,0.5329843402410054,56.125655677259644,0.5621426735743387,0.013513513513513514,0.9433333333333334,0.31333333333333346,0.0,16.625,0.5334982291298942,0.0005138888888888138,0.502714614201837,54.21894974148316,0.5441762407768657,0.023148148148148147,0.9072164948453608,0.3222365406643757,0.030000000000000027,16.572164948453608,0.5032014412350558,0.00048682703321878407,candidate_threshold_optimization
D,0.68,0.5178895688594509,55.1723027093714,0.5531594571756022,0.01808219178082192,0.9287113402061855,0.31807130584192445,0.015000000000000013,16.54703608247423,0.5180928907380307,0.00020332187857974304,0.5329843402410054,56.125655677259644,0.5621426735743387,0.013333333333333334,0.9433333333333334,0.31333333333333346,0.0,16.625,0.5334982291298942,0.0005138888888888138,0.5027947974778966,54.21894974148316,0.5441762407768657,0.0228310502283105,0.9140893470790378,0.3228092783505154,0.030000000000000027,16.469072164948454,0.5032014412350558,0.00040664375715926404,candidate_threshold_optimization
D,0.69,0.5180399125020627,55.1723027093714,0.5531594571756022,0.022017543859649123,0.9355841924398626,0.3165678694158076,0.015000000000000013,16.456829896907216,0.5180928907380307,5.2978235967948706e-05,0.5329843402410054,56.125655677259644,0.5621426735743387,0.013333333333333334,0.9433333333333334,0.31333333333333346,0.0,16.625,0.5334982291298942,0.0005138888888888138,0.5030954847631199,54.21894974148316,0.5441762407768657,0.03070175438596491,0.9278350515463918,0.31980240549828176,0.030000000000000027,16.288659793814432,0.5032014412350558,0.00010595647193589741,candidate_threshold_optimization
D,0.7,0.5180399125020627,55.1723027093714,0.5531594571756022,0.022017543859649123,0.9355841924398626,0.3165678694158076,0.015000000000000013,16.456829896907216,0.5180928907380307,5.2978235967948706e-05,0.5329843402410054,56.125655677259644,0.5621426735743387,0.013333333333333334,0.9433333333333334,0.31333333333333346,0.0,16.625,0.5334982291298942,0.0005138888888888138,0.5030954847631199,54.21894974148316,0.5441762407768657,0.03070175438596491,0.9278350515463918,0.31980240549828176,0.030000000000000027,16.288659793814432,0.5032014412350558,0.00010595647193589741,candidate_threshold_optimization
D,0.71,0.5180928907380307,55.1723027093714,0.5531594571756022,0.02181818181818182,0.9373024054982818,0.31620990836197027,0.015000000000000013,16.418170103092784,0.5180928907380307,0.0,0.5329843402410054,56.125655677259644,0.5621426735743387,0.013333333333333334,0.9433333333333334,0.31333333333333346,0.0,16.625,0.5334982291298942,0.0005138888888888138,0.5032014412350558,54.21894974148316,0.5441762407768657,0.030303030303030304,0.9312714776632303,0.3190864833906071,0.030000000000000027,16.211340206185568,0.5032014412350558,0.0,candidate_threshold_optimization
D,0.72,0.5180656856979389,55.1723027093714,0.5531594571756022,0.021623931623931624,0.9373024054982818,0.3165678694158076,0.015000000000000013,16.431056701030926,0.5180928907380307,2.7205040091793364e-05,0.5329843402410054,56.125655677259644,0.5621426735743387,0.013333333333333334,0.9433333333333334,0.31333333333333346,0.0,16.625,0.5334982291298942,0.0005138888888888138,0.5031470311548725,54.21894974148316,0.5441762407768657,0.029914529914529916,0.9312714776632303,0.31980240549828176,0.030000000000000027,16.237113402061855,0.5032014412350558,5.4410080183364684e-05,candidate_threshold_optimization
D,0.73,0.5180170745868278,55.1723027093714,0.5531594571756022,0.019286269286269288,0.9423024054982818,0.31497064719358536,0.015000000000000013,16.54355670103093,0.5180928907380307,7.581615120288987e-05,0.5328871180187831,56.125655677259644,0.5621426735743387,0.008658008658008658,0.9533333333333334,0.31013888888888896,0.0,16.85,0.5334982291298942,0.0006111111111111178,0.5031470311548725,54.21894974148316,0.5441762407768657,0.029914529914529916,0.9312714776632303,0.31980240549828176,0.030000000000000027,16.237113402061855,0.5032014412350558,5.4410080183364684e-05,candidate_threshold_optimization
D,0.74,0.5177350012764039,55.1723027093714,0.5531594571756022,0.014617070172625729,0.9474570446735395,0.317190005727377,0.015000000000000013,16.736855670103093,0.5180928907380307,0.00035788946162673696,0.5328871180187831,56.125655677259644,0.5621426735743387,0.008658008658008658,0.9533333333333334,0.31013888888888896,0.0,16.85,0.5334982291298942,0.0006111111111111178,0.5025828845340248,54.21894974148316,0.5441762407768657,0.0205761316872428,0.9415807560137457,0.324241122565865,0.030000000000000027,16.623711340206185,0.5032014412350558,0.0006185567010310589,candidate_threshold_optimization
D,0.75,0.517583612387515,55.1723027093714,0.5531594571756022,0.014454732510288067,0.9457903780068728,0.31878722794959924,0.015000000000000013,16.824355670103092,0.5180928907380307,0.0005092783505156184,0.5325843402410054,56.125655677259644,0.5621426735743387,0.008333333333333333,0.95,0.31333333333333346,0.0,17.025,0.5334982291298942,0.0009138888888887697,0.5025828845340248,54.21894974148316,0.5441762407768657,0.0205761316872428,0.9415807560137457,0.324241122565865,0.030000000000000027,16.623711340206185,0.5032014412350558,0.0006185567010310589,candidate_threshold_optimization
D,0.76,0.5174717280805277,55.1723027093714,0.5531594571756022,0.01606425702811245,0.9490721649484536,0.317815005727377,0.015000000000000013,16.97512886597938,0.5180928907380307,0.0006211626575030049,0.5324121180187831,56.125655677259644,0.5621426735743387,0.012048192771084338,0.96,0.31138888888888894,0.0,17.275,0.5334982291298942,0.001086111111111121,0.5025313381422722,54.21894974148316,0.5441762407768657,0.020080321285140562,0.9381443298969072,0.324241122565865,0.030000000000000027,16.675257731958762,0.5032014412350558,0.0006701030927835916,candidate_threshold_optimization
D,0.77,0.5175232744722802,55.1723027093714,0.5531594571756022,0.01792885829030407,0.9473539518900344,0.317815005727377,0.015000000000000013,16.923582474226805,0.5180928907380307,0.0005696162657504722,0.5324121180187831,56.125655677259644,0.5621426735743387,0.012048192771084338,0.96,0.31138888888888894,0.0,17.275,0.5334982291298942,0.001086111111111121,0.5026344309257774,54.21894974148316,0.5441762407768657,0.023809523809523808,0.9347079037800687,0.324241122565865,0.030000000000000027,16.572164948453608,0.5032014412350558,0.0005670103092784151,candidate_threshold_optimization
D,0.78,0.5176232744722803,55.1723027093714,0.5531594571756022,0.021661998132586367,0.9473539518900344,0.317815005727377,0.015000000000000013,16.823582474226804,0.5180928907380307,0.0004696162657503722,0.5326121180187832,56.125655677259644,0.5621426735743387,0.015873015873015872,0.96,0.31138888888888894,0.0,17.075,0.5334982291298942,0.000886111111111032,0.5026344309257774,54.21894974148316,0.5441762407768657,0.027450980392156862,0.9347079037800687,0.324241122565865,0.030000000000000027,16.572164948453608,0.5032014412350558,0.0005670103092784151,candidate_threshold_optimization
D,0.79,0.5177043025364269,55.1723027093714,0.5531594571756022,0.019448244414044687,0.9506872852233677,0.3162177835051547,0.015000000000000013,16.80644329896907,0.5180928907380307,0.00038858820160381224,0.5324648957965609,56.125655677259644,0.5621426735743387,0.011764705882352941,0.9666666666666667,0.30819444444444444,0.0,17.35,0.5334982291298942,0.0010333333333333306,0.5029437092762928,54.21894974148316,0.5441762407768657,0.027131782945736434,0.9347079037800687,0.324241122565865,0.030000000000000027,16.262886597938145,0.5032014412350558,0.0002577319587629967,candidate_threshold_optimization
D,0.8,0.5177043025364269,55.1723027093714,0.5531594571756022,0.019448244414044687,0.9506872852233677,0.3162177835051547,0.015000000000000013,16.80644329896907,0.5180928907380307,0.00038858820160381224,0.5324648957965609,56.125655677259644,0.5621426735743387,0.011764705882352941,0.9666666666666667,0.30819444444444444,0.0,17.35,0.5334982291298942,0.0010333333333333306,0.5029437092762928,54.21894974148316,0.5441762407768657,0.027131782945736434,0.9347079037800687,0.324241122565865,0.030000000000000027,16.262886597938145,0.5032014412350558,0.0002577319587629967,candidate_threshold_optimization
D,0.81,0.5176543025364269,55.1723027093714,0.5531594571756022,0.02131782945736434,0.9490206185567011,0.3162177835051547,0.015000000000000013,16.856443298969072,0.5180928907380307,0.00043858820160380674,0.5323648957965609,56.125655677259644,0.5621426735743387,0.015503875968992248,0.9633333333333334,0.30819444444444444,0.0,17.45,0.5334982291298942,0.0011333333333333195,0.5029437092762928,54.21894974148316,0.5441762407768657,0.027131782945736434,0.9347079037800687,0.324241122565865,0.030000000000000027,16.262886597938145,0.5032014412350558,0.0002577319587629967,candidate_threshold_optimization
D,0.82,0.5176285293405506,55.1723027093714,0.5531594571756022,0.02116189967031988,0.9507388316151203,0.3162177835051547,0.015000000000000013,16.88221649484536,0.5180928907380307,0.0004643613974800731,0.5323648957965609,56.125655677259644,0.5621426735743387,0.015503875968992248,0.9633333333333334,0.30819444444444444,0.0,17.45,0.5334982291298942,0.0011333333333333195,0.5028921628845403,54.21894974148316,0.5441762407768657,0.02681992337164751,0.9381443298969072,0.324241122565865,0.030000000000000027,16.314432989690722,0.5032014412350558,0.00030927835051552943,candidate_threshold_optimization
D,0.83,0.5176285293405506,55.1723027093714,0.5531594571756022,0.02116189967031988,0.9507388316151203,0.3162177835051547,0.015000000000000013,16.88221649484536,0.5180928907380307,0.0004643613974800731,0.5323648957965609,56.125655677259644,0.5621426735743387,0.015503875968992248,0.9633333333333334,0.30819444444444444,0.0,17.45,0.5334982291298942,0.0011333333333333195,0.5028921628845403,54.21894974148316,0.5441762407768657,0.02681992337164751,0.9381443298969072,0.324241122565865,0.030000000000000027,16.314432989690722,0.5032014412350558,0.00030927835051552943,candidate_threshold_optimization
D,0.84,0.5176557343806423,55.1723027093714,0.5531594571756022,0.020920411006617904,0.9558419243986254,0.3158598224513174,0.015000000000000013,16.869329896907217,0.5180928907380307,0.00043715635738839076,0.5323648957965609,56.125655677259644,0.5621426735743387,0.01532567049808429,0.9666666666666667,0.30819444444444444,0.0,17.45,0.5334982291298942,0.0011333333333333195,0.5029465729647236,54.21894974148316,0.5441762407768657,0.026515151515151516,0.9450171821305842,0.32352520045819033,0.030000000000000027,16.288659793814432,0.5032014412350558,0.00025486827033227577,candidate_threshold_optimization
D,0.85,0.5177588271641473,55.1723027093714,0.5531594571756022,0.020771449481251883,0.9592783505154638,0.3158598224513174,0.015000000000000013,16.766237113402063,0.5180928907380307,0.0003340635738833253,0.5323648957965609,56.125655677259644,0.5621426735743387,0.01532567049808429,0.9666666666666667,0.30819444444444444,0.0,17.45,0.5334982291298942,0.0011333333333333195,0.5031527585317339,54.21894974148316,0.5441762407768657,0.026217228464419477,0.9518900343642611,0.32352520045819033,0.030000000000000027,16.082474226804123,0.5032014412350558,4.8682703321922816e-05,candidate_threshold_optimization
D,0.86,0.5178588271641473,55.1723027093714,0.5531594571756022,0.020684371807967315,0.9609450171821305,0.3158598224513174,0.015000000000000013,16.66623711340206,0.5180928907380307,0.00023406357388333632,0.5325648957965609,56.125655677259644,0.5621426735743387,0.015151515151515152,0.97,0.30819444444444444,0.0,17.25,0.5334982291298942,0.0009333333333333416,0.5031527585317339,54.21894974148316,0.5441762407768657,0.026217228464419477,0.9518900343642611,0.32352520045819033,0.030000000000000027,16.082474226804123,0.5032014412350558,4.8682703321922816e-05,candidate_threshold_optimization
D,0.87,0.5178588271641473,55.1723027093714,0.5531594571756022,0.01868686868686869,0.9626632302405498,0.3158598224513174,0.015000000000000013,16.66623711340206,0.5180928907380307,0.00023406357388333632,0.5325648957965609,56.125655677259644,0.5621426735743387,0.015151515151515152,0.97,0.30819444444444444,0.0,17.25,0.5334982291298942,0.0009333333333333416,0.5031527585317339,54.21894974148316,0.5441762407768657,0.022222222222222223,0.9553264604810997,0.32352520045819033,0.030000000000000027,16.082474226804123,0.5032014412350558,4.8682703321922816e-05,candidate_threshold_optimization
D,0.88,0.5177041879888896,55.1723027093714,0.5531594571756022,0.021610845295055824,0.9626632302405498,0.3158598224513174,0.015000000000000013,16.820876288659793,0.5180928907380307,0.0003887027491410455,0.5325648957965609,56.125655677259644,0.5621426735743387,0.015151515151515152,0.97,0.30819444444444444,0.0,17.25,0.5334982291298942,0.0009333333333333416,0.5028434801812184,54.21894974148316,0.5441762407768657,0.028070175438596492,0.9553264604810997,0.32352520045819033,0.030000000000000027,16.391752577319586,0.5032014412350558,0.00035796105383745225,candidate_threshold_optimization
D,0.89,0.5177041879888896,55.1723027093714,0.5531594571756022,0.021610845295055824,0.9626632302405498,0.3158598224513174,0.015000000000000013,16.820876288659793,0.5180928907380307,0.0003887027491410455,0.5325648957965609,56.125655677259644,0.5621426735743387,0.015151515151515152,0.97,0.30819444444444444,0.0,17.25,0.5334982291298942,0.0009333333333333416,0.5028434801812184,54.21894974148316,0.5441762407768657,0.028070175438596492,0.9553264604810997,0.32352520045819033,0.030000000000000027,16.391752577319586,0.5032014412350558,0.00035796105383745225,candidate_threshold_optimization
D,0.9,0.5177041879888896,55.1723027093714,0.5531594571756022,0.021610845295055824,0.9626632302405498,0.3158598224513174,0.015000000000000013,16.820876288659793,0.5180928907380307,0.0003887027491410455,0.5325648957965609,56.125655677259644,0.5621426735743387,0.015151515151515152,0.97,0.30819444444444444,0.0,17.25,0.5334982291298942,0.0009333333333333416,0.5028434801812184,54.21894974148316,0.5441762407768657,0.028070175438596492,0.9553264604810997,0.32352520045819033,0.030000000000000027,16.391752577319586,0.5032014412350558,0.00035796105383745225,candidate_threshold_optimization
D,0.91,0.5177041879888896,55.1723027093714,0.5531594571756022,0.021610845295055824,0.9626632302405498,0.3158598224513174,0.015000000000000013,16.820876288659793,0.5180928907380307,0.0003887027491410455,0.5325648957965609,56.125655677259644,0.5621426735743387,0.015151515151515152,0.97,0.30819444444444444,0.0,17.25,0.5334982291298942,0.0009333333333333416,0.5028434801812184,54.21894974148316,0.5441762407768657,0.028070175438596492,0.9553264604810997,0.32352520045819033,0.030000000000000027,16.391752577319586,0.5032014412350558,0.00035796105383745225,candidate_threshold_optimization
D,0.92,0.5177041879888896,55.1723027093714,0.5531594571756022,0.021610845295055824,0.9626632302405498,0.3158598224513174,0.015000000000000013,16.820876288659793,0.5180928907380307,0.0003887027491410455,0.5325648957965609,56.125655677259644,0.5621426735743387,0.015151515151515152,0.97,0.30819444444444444,0.0,17.25,0.5334982291298942,0.0009333333333333416,0.5028434801812184,54.21894974148316,0.5441762407768657,0.028070175438596492,0.9553264604810997,0.32352520045819033,0.030000000000000027,16.391752577319586,0.5032014412350558,0.00035796105383745225,candidate_threshold_optimization
D,0.93,0.5177291879888897,55.1723027093714,0.5531594571756022,0.023294346978557506,0.9626632302405498,0.3158598224513174,0.015000000000000013,16.79587628865979,0.5180928907380307,0.00036370274914099276,0.5326148957965608,56.125655677259644,0.5621426735743387,0.018518518518518517,0.97,0.30819444444444444,0.0,17.2,0.5334982291298942,0.0008833333333333471,0.5028434801812184,54.21894974148316,0.5441762407768657,0.028070175438596492,0.9553264604810997,0.32352520045819033,0.030000000000000027,16.391752577319586,0.5032014412350558,0.00035796105383745225,candidate_threshold_optimization
D,0.94,0.5177291879888897,55.1723027093714,0.5531594571756022,0.023294346978557506,0.9626632302405498,0.3158598224513174,0.015000000000000013,16.79587628865979,0.5180928907380307,0.00036370274914099276,0.5326148957965608,56.125655677259644,0.5621426735743387,0.018518518518518517,0.97,0.30819444444444444,0.0,17.2,0.5334982291298942,0.0008833333333333471,0.5028434801812184,54.21894974148316,0.5441762407768657,0.028070175438596492,0.9553264604810997,0.32352520045819033,0.030000000000000027,16.391752577319586,0.5032014412350558,0.00035796105383745225,candidate_threshold_optimization
D,0.95,0.5178841994436434,55.1723027093714,0.5531594571756022,0.02275413711583924,0.9710996563573884,0.3126095360824742,0.015000000000000013,16.770876288659792,0.5180928907380307,0.0002086912943872754,0.532776006907672,56.125655677259644,0.5621426735743387,0.01773049645390071,0.98,0.30541666666666667,0.0,17.15,0.5334982291298942,0.0007222222222221797,0.5029923919796148,54.21894974148316,0.5441762407768657,0.027777777777777776,0.9621993127147767,0.31980240549828176,0.030000000000000027,16.391752577319586,0.5032014412350558,0.0002090492554410739,candidate_threshold_optimization
D,0.96,0.5177424468663239,55.1723027093714,0.5531594571756022,0.02417137067592995,0.9728178694158076,0.3126095360824742,0.015000000000000013,16.91262886597938,0.5180928907380307,0.0003504438717067959,0.532776006907672,56.125655677259644,0.5621426735743387,0.01773049645390071,0.98,0.30541666666666667,0.0,17.15,0.5334982291298942,0.0007222222222221797,0.5027088868249756,54.21894974148316,0.5441762407768657,0.030612244897959183,0.9656357388316151,0.31980240549828176,0.030000000000000027,16.675257731958762,0.5032014412350558,0.0004925544100802259,candidate_threshold_optimization
D,0.97,0.5176551043691875,55.1723027093714,0.5531594571756022,0.023865248226950353,0.9745360824742269,0.3144709335624285,0.015000000000000013,16.925515463917527,0.5180928907380307,0.0004377863688431738,0.532776006907672,56.125655677259644,0.5621426735743387,0.01773049645390071,0.98,0.30541666666666667,0.0,17.15,0.5334982291298942,0.0007222222222221797,0.502534201830703,54.21894974148316,0.5441762407768657,0.03,0.9690721649484536,0.32352520045819033,0.030000000000000027,16.701030927835053,0.5032014412350558,0.0006672394043528707,candidate_threshold_optimization
D,0.98,0.5176301043691875,55.1723027093714,0.5531594571756022,0.023771929824561402,0.9745360824742269,0.3144709335624285,0.015000000000000013,16.950515463917526,0.5180928907380307,0.0004627863688431155,0.532726006907672,56.125655677259644,0.5621426735743387,0.017543859649122806,0.98,0.30541666666666667,0.0,17.2,0.5334982291298942,0.0007722222222221742,0.502534201830703,54.21894974148316,0.5441762407768657,0.03,0.9690721649484536,0.32352520045819033,0.030000000000000027,16.701030927835053,0.5032014412350558,0.0006672394043528707,candidate_threshold_optimization
D,0.99,0.5176301043691875,55.1723027093714,0.5531594571756022,0.02350340136054422,0.9745360824742269,0.3144709335624285,0.015000000000000013,16.950515463917526,0.5180928907380307,0.0004627863688431155,0.532726006907672,56.125655677259644,0.5621426735743387,0.017006802721088437,0.98,0.30541666666666667,0.0,17.2,0.5334982291298942,0.0007722222222221742,0.502534201830703,54.21894974148316,0.5441762407768657,0.03,0.9690721649484536,0.32352520045819033,0.030000000000000027,16.701030927835053,0.5032014412350558,0.0006672394043528707,candidate_threshold_optimization
D,1.0,0.5176301043691875,55.1723027093714,0.5531594571756022,0.025,0.9745360824742269,0.3144709335624285,0.015000000000000013,16.950515463917526,0.5180928907380307,0.0004627863688431155,0.532726006907672,56.125655677259644,0.5621426735743387,0.02,0.98,0.30541666666666667,0.0,17.2,0.5334982291298942,0.0007722222222221742,0.502534201830703,54.21894974148316,0.5441762407768657,0.03,0.9690721649484536,0.32352520045819033,0.030000000000000027,16.701030927835053,0.5032014412350558,0.0006672394043528707,candidate_threshold_optimization
E,0.0,0.5427531092265737,57.71269454677096,0.5785633755495978,0.0,0.7590034364261169,0.3142418384879725,0.015000000000000013,17.240592783505154,0.5438981756080217,0.0011450663814479567,0.5543160478971492,58.26438199842959,0.583529936786038,0.0,0.8066666666666666,0.3109722222222222,0.0,16.775,0.5553275894412435,0.0010115415440943298,0.5311901705559983,57.16100709511234,0.5735968143131575,0.0,0.711340206185567,0.3175114547537228,0.030000000000000027,17.70618556701031,0.5331140676178425,0.0019238970618442597,candidate_threshold_optimization
E,0.01,0.5427720257621818,57.71634593687243,0.5785998894506125,0.0,0.7623367697594502,0.31431128293241695,0.015000000000000013,17.25541237113402,0.5438981756080217,0.0011261498458399188,0.5545835201436229,58.27918477863253,0.5836779645880674,0.0,0.8133333333333334,0.3111111111111111,0.0,16.65,0.5553275894412435,0.0007440692976206087,0.5309605313807406,57.15350709511233,0.5735218143131575,0.0,0.711340206185567,0.3175114547537228,0.030000000000000027,17.86082474226804,0.5331140676178425,0.002153536237101905,candidate_threshold_optimization
E,0.02,0.5429220257621818,57.72134593687243,0.5786498894506125,0.0,0.7640034364261168,0.31431128293241695,0.015000000000000013,17.15541237113402,0.5438981756080217,0.0009761498458398243,0.5548835201436231,58.28918477863253,0.5837779645880675,0.0,0.8166666666666667,0.3111111111111111,0.0,16.45,0.5553275894412435,0.0004440692976204197,0.5309605313807406,57.15350709511233,0.5735218143131575,0.0,0.711340206185567,0.3175114547537228,0.030000000000000027,17.86082474226804,0.5331140676178425,0.002153536237101905,candidate_threshold_optimization
E,0.03,0.5429276632158732,57.72036615417741,0.5786400916236623,0.0,0.7707216494845361,0.3139640607101948,0.015000000000000013,17.153865979381443,0.5438981756080217,0.0009705123921485148,0.5547417022675006,58.2822252132425,0.5837083689341672,0.0,0.8266666666666667,0.3104166666666668,0.0,16.55,0.5553275894412435,0.0005858871737428606,0.5311136241642457,57.158507095112334,0.5735718143131574,0.0,0.7147766323024055,0.3175114547537228,0.030000000000000027,17.757731958762886,0.5331140676178425,0.002000443453596845,candidate_threshold_optimization
E,0.04,0.5430424828035021,57.72411615417741,0.5786775916236624,0.0,0.7655670103092784,0.3139640607101948,0.015000000000000013,17.07654639175258,0.5438981756080217,0.0008556928045195811,0.5547417022675006,58.2822252132425,0.5837083689341672,0.0,0.8266666666666667,0.3104166666666668,0.0,16.55,0.5553275894412435,0.0005858871737428606,0.5313432633395035,57.16600709511233,0.5736468143131576,0.0,0.7044673539518901,0.3175114547537228,0.030000000000000027,17.603092783505154,0.5331140676178425,0.0017708042783389777,candidate_threshold_optimization
E,0.05,0.5430424828035021,57.72411615417741,0.5786775916236624,0.0,0.7655670103092784,0.3139640607101948,0.015000000000000013,17.07654639175258,0.5438981756080217,0.0008556928045195811,0.5547417022675006,58.2822252132425,0.5837083689341672,0.0,0.8266666666666667,0.3104166666666668,0.0,16.55,0.5553275894412435,0.0005858871737428606,0.5313432633395035,57.16600709511233,0.5736468143131576,0.0,0.7044673539518901,0.3175114547537228,0.030000000000000027,17.603092783505154,0.5331140676178425,0.0017708042783389777,candidate_threshold_optimization
E,0.06,0.5428435242803742,57.71809344046715,0.5786173644865596,0.0,0.7756701030927835,0.31403350515463924,0.015000000000000013,17.2125,0.5438981756080217,0.0010546513276474823,0.5541906924377397,58.265179785821964,0.5835379146599619,0.0,0.84,0.3105555555555557,0.0,16.925,0.5553275894412435,0.001136897003503834,0.5314963561230086,57.17100709511234,0.5736968143131574,0.0,0.711340206185567,0.3175114547537228,0.030000000000000027,17.5,0.5331140676178425,0.0016177114948339177,candidate_threshold_optimization
E,0.07,0.5429927510844978,57.723093440467146,0.5786673644865596,0.0,0.7740549828178694,0.31403350515463924,0.015000000000000013,17.11327319587629,0.5438981756080217,0.0009054245235238234,0.5545656924377396,58.27767978582196,0.5836629146599618,0.0,0.8333333333333334,0.3105555555555557,0.0,16.675,0.5553275894412435,0.0007618970035039307,0.531419809731256,57.16850709511233,0.5736718143131575,0.0,0.7147766323024055,0.3175114547537228,0.030000000000000027,17.551546391752577,0.5331140676178425,0.0016942578865865032,candidate_threshold_optimization
E,0.08,0.5426715029210145,57.7077212014384,0.5785136420962722,0.0,0.7774914089347079,0.31403350515463924,0.015000000000000013,17.280798969072166,0.5438981756080217,0.0012266726870071576,0.5545656924377396,58.27767978582196,0.5836629146599618,0.0,0.8333333333333334,0.3105555555555557,0.0,16.675,0.5553275894412435,0.0007618970035039307,0.5307773134042895,57.13776261705485,0.5733643695325826,0.0,0.7216494845360825,0.3175114547537228,0.030000000000000027,17.88659793814433,0.5331140676178425,0.0023367542135530606,candidate_threshold_optimization
E,0.09,0.5425412792365834,57.71011549966195,0.5785375850785077,0.0,0.7842611683848797,0.31570017182130583,0.015000000000000013,17.368298969072164,0.5438981756080217,0.0013568963714383209,0.554188729634103,58.27081683879163,0.5835942851896586,0.0,0.84,0.3138888888888889,0.0,16.85,0.5553275894412435,0.0011388598071404576,0.5308938288390638,57.14941416053227,0.5734808849673569,0.0,0.7285223367697594,0.3175114547537228,0.030000000000000027,17.88659793814433,0.5331140676178425,0.002220238778778749,candidate_threshold_optimization
E,0.1,0.5422575186491698,57.69517586703745,0.5783881887522626,0.0,0.7893127147766323,0.31591494845360824,0.015000000000000013,17.494072164948456,0.5438981756080217,0.0016406569588518494,0.5538887296341031,58.26081683879164,0.5834942851896586,0.0,0.8466666666666667,0.3138888888888889,0.0,17.05,0.5553275894412435,0.0014388598071404246,0.5306263076642367,57.129534895283264,0.5732820923148667,0.0,0.7319587628865979,0.3179410080183276,0.030000000000000027,17.938144329896907,0.5331140676178425,0.0024877599536058392,candidate_threshold_optimization
E,0.11,0.5425347833079956,57.70470788847557,0.578483508966644,0.0,0.8029553264604812,0.3158476517754869,0.015000000000000013,17.314819587628868,0.5438981756080217,0.0013633923000260229,0.5539952950194196,58.26286226621217,0.583514739463864,0.0,0.8533333333333334,0.3136111111111113,0.0,16.975,0.5553275894412435,0.0013322944218239208,0.5310742715965716,57.146553510738975,0.5734522784694239,0.0,0.7525773195876289,0.3180841924398625,0.030000000000000027,17.65463917525773,0.5331140676178425,0.002039796021270912,candidate_threshold_optimization
E,0.12,0.5424709415958919,57.70207371726522,0.5784571672545404,0.0,0.8012886597938145,0.3145976517754868,0.015000000000000013,17.402319587628867,0.5438981756080217,0.001427234012129741,0.5538676115952124,58.25759392379146,0.5834620560396568,0.0,0.85,0.3111111111111111,0.0,17.15,0.5553275894412435,0.0014599778460311352,0.5310742715965716,57.146553510738975,0.5734522784694239,0.0,0.7525773195876289,0.3180841924398625,0.030000000000000027,17.65463917525773,0.5331140676178425,0.002039796021270912,candidate_threshold_optimization
E,0.13,0.5424709415958919,57.70207371726522,0.5784571672545404,0.0,0.8012886597938145,0.3145976517754868,0.015000000000000013,17.402319587628867,0.5438981756080217,0.001427234012129741,0.5538676115952124,58.25759392379146,0.5834620560396568,0.0,0.85,0.3111111111111111,0.0,17.15,0.5553275894412435,0.0014599778460311352,0.5310742715965716,57.146553510738975,0.5734522784694239,0.0,0.7525773195876289,0.3180841924398625,0.030000000000000027,17.65463917525773,0.5331140676178425,0.002039796021270912,candidate_threshold_optimization
E,0.14,0.542920941595892,57.71707371726522,0.5786071672545404,0.0,0.8046219931271478,0.3145976517754868,0.015000000000000013,17.102319587628866,0.5438981756080217,0.0009772340121296796,0.5547676115952125,58.28759392379146,0.5837620560396569,0.0,0.8566666666666667,0.3111111111111111,0.0,16.55,0.5553275894412435,0.0005599778460310123,0.5310742715965716,57.146553510738975,0.5734522784694239,0.0,0.7525773195876289,0.3180841924398625,0.030000000000000027,17.65463917525773,0.5331140676178425,0.002039796021270912,candidate_threshold_optimization
E,0.15,0.5428365698602449,57.712216154238874,0.5785585916242769,0.0,0.8114948453608248,0.3158147193585338,0.015000000000000013,17.08943298969072,0.5438981756080217,0.001061605747776806,0.5547676115952125,58.28759392379146,0.5837620560396569,0.0,0.8566666666666667,0.3111111111111111,0.0,16.55,0.5553275894412435,0.0005599778460310123,0.5309055281252772,57.136838384686286,0.5733551272088969,0.0,0.7663230240549829,0.32051832760595644,0.030000000000000027,17.628865979381445,0.5331140676178425,0.0022085394925652757,candidate_threshold_optimization
E,0.16,0.5428365698602449,57.712216154238874,0.5785585916242769,0.0,0.8114948453608248,0.3158147193585338,0.015000000000000013,17.08943298969072,0.5438981756080217,0.001061605747776806,0.5547676115952125,58.28759392379146,0.5837620560396569,0.0,0.8566666666666667,0.3111111111111111,0.0,16.55,0.5553275894412435,0.0005599778460310123,0.5309055281252772,57.136838384686286,0.5733551272088969,0.0,0.7663230240549829,0.32051832760595644,0.030000000000000027,17.628865979381445,0.5331140676178425,0.0022085394925652757,candidate_threshold_optimization
E,0.17,0.5430990698602448,57.72096615423887,0.5786460916242768,0.0,0.8181615120274914,0.3158147193585338,0.015000000000000013,16.914432989690724,0.5438981756080217,0.0007991057477768626,0.5552926115952124,58.30509392379146,0.5839370560396568,0.0,0.87,0.3111111111111111,0.0,16.2,0.5553275894412435,3.497784603112564e-05,0.5309055281252772,57.136838384686286,0.5733551272088969,0.0,0.7663230240549829,0.32051832760595644,0.030000000000000027,17.628865979381445,0.5331140676178425,0.0022085394925652757,candidate_threshold_optimization
E,0.18,0.5430990698602448,57.72096615423887,0.5786460916242768,0.0,0.8181615120274914,0.3158147193585338,0.015000000000000013,16.914432989690724,0.5438981756080217,0.0007991057477768626,0.5552926115952124,58.30509392379146,0.5839370560396568,0.0,0.87,0.3111111111111111,0.0,16.2,0.5553275894412435,3.497784603112564e-05,0.5309055281252772,57.136838384686286,0.5733551272088969,0.0,0.7663230240549829,0.32051832760595644,0.030000000000000027,17.628865979381445,0.5331140676178425,0.0022085394925652757,candidate_threshold_optimization
E,0.19,0.543014150441971,57.71893755719958,0.578625805653884,0.0,0.814828178694158,0.3143828751431844,0.015000000000000013,17.036340206185564,0.5438981756080217,0.0008840251660506837,0.5546176115952124,58.28259392379147,0.5837120560396568,0.0,0.8633333333333333,0.3111111111111111,0.0,16.65,0.5553275894412435,0.0007099778460311068,0.5314106892887297,57.155281190607695,0.5735395552681112,0.0,0.7663230240549829,0.3176546391752577,0.030000000000000027,17.422680412371133,0.5331140676178425,0.0017033783291128257,candidate_threshold_optimization
E,0.2,0.542955634197244,57.71822482161576,0.5786186782980458,0.0,0.814828178694158,0.3141050973654067,0.015000000000000013,17.098840206185564,0.5438981756080217,0.0009425414107776531,0.5545005791057583,58.28116845262383,0.5836978013279805,0.0,0.8633333333333333,0.3105555555555557,0.0,16.775,0.5553275894412435,0.0008270103354851566,0.5314106892887297,57.155281190607695,0.5735395552681112,0.0,0.7663230240549829,0.3176546391752577,0.030000000000000027,17.422680412371133,0.5331140676178425,0.0017033783291128257,candidate_threshold_optimization
E,0.21,0.5431439073931204,57.72447482161577,0.5786811782980459,0.0,0.8282646048109965,0.3141050973654067,0.015000000000000013,16.97306701030928,0.5438981756080217,0.0007542682149013213,0.5548005791057583,58.29116845262383,0.5837978013279805,0.0,0.8833333333333333,0.3105555555555557,0.0,16.575,0.5553275894412435,0.0005270103354851896,0.5314872356804824,57.15778119060771,0.5735645552681112,0.0,0.7731958762886598,0.3176546391752577,0.030000000000000027,17.371134020618555,0.5331140676178425,0.0016268319373601292,candidate_threshold_optimization
E,0.22,0.5431055640294729,57.7222155138879,0.5786585852207673,0.0,0.8334192439862542,0.3141766895761742,0.015000000000000013,16.98595360824742,0.5438981756080217,0.0007926115785488186,0.5548005791057583,58.29116845262383,0.5837978013279805,0.0,0.8833333333333333,0.3105555555555557,0.0,16.575,0.5553275894412435,0.0005270103354851896,0.5314105489531873,57.153262575151984,0.573519369113554,0.0,0.7835051546391752,0.31779782359679265,0.030000000000000027,17.396907216494846,0.5331140676178425,0.0017035186646552347,candidate_threshold_optimization
E,0.23,0.5431055640294729,57.7222155138879,0.5786585852207673,0.0,0.8334192439862542,0.3141766895761742,0.015000000000000013,16.98595360824742,0.5438981756080217,0.0007926115785488186,0.5548005791057583,58.29116845262383,0.5837978013279805,0.0,0.8833333333333333,0.3105555555555557,0.0,16.575,0.5553275894412435,0.0005270103354851896,0.5314105489531873,57.153262575151984,0.573519369113554,0.0,0.7835051546391752,0.31779782359679265,0.030000000000000027,17.396907216494846,0.5331140676178425,0.0017035186646552347,candidate_threshold_optimization
E,0.24,0.542990744441844,57.71846551388791,0.5786210852207674,0.0,0.831701030927835,0.3141766895761742,0.015000000000000013,17.063273195876288,0.5438981756080217,0.0009074311661776413,0.5548005791057583,58.29116845262383,0.5837978013279805,0.0,0.8833333333333333,0.3105555555555557,0.0,16.575,0.5553275894412435,0.0005270103354851896,0.5311809097779298,57.14576257515199,0.5734443691135541,0.0,0.7800687285223368,0.31779782359679265,0.030000000000000027,17.551546391752577,0.5331140676178425,0.0019331578399127691,candidate_threshold_optimization
E,0.25,0.542990744441844,57.71846551388791,0.5786210852207674,0.0,0.831701030927835,0.3141766895761742,0.015000000000000013,17.063273195876288,0.5438981756080217,0.0009074311661776413,0.5548005791057583,58.29116845262383,0.5837978013279805,0.0,0.8833333333333333,0.3105555555555557,0.0,16.575,0.5553275894412435,0.0005270103354851896,0.5311809097779298,57.14576257515199,0.5734443691135541,0.0,0.7800687285223368,0.31779782359679265,0.030000000000000027,17.551546391752577,0.5331140676178425,0.0019331578399127691,candidate_threshold_optimization
E,0.26,0.5430872051873363,57.724531977898764,0.5786817498608758,0.0,0.8437285223367698,0.31424828178694164,0.015000000000000013,17.024613402061853,0.5438981756080217,0.0008109704206853419,0.5548005791057583,58.29116845262383,0.5837978013279805,0.0,0.8833333333333333,0.3105555555555557,0.0,16.575,0.5553275894412435,0.0005270103354851896,0.5313738312689144,57.157895503173705,0.5735656983937711,0.0,0.8041237113402062,0.3179410080183276,0.030000000000000027,17.47422680412371,0.5331140676178425,0.0017402363489281703,candidate_threshold_optimization
E,0.27,0.543044761853327,57.72028764449783,0.5786393065268665,0.0,0.8470618556701031,0.31424828178694164,0.015000000000000013,17.024613402061853,0.5438981756080217,0.0008534137546947207,0.5547156924377397,58.282679785821955,0.5837129146599619,0.0,0.89,0.3105555555555557,0.0,16.575,0.5553275894412435,0.0006118970035038362,0.5313738312689144,57.157895503173705,0.5735656983937711,0.0,0.8041237113402062,0.3179410080183276,0.030000000000000027,17.47422680412371,0.5331140676178425,0.0017402363489281703,candidate_threshold_optimization
E,0.28,0.543044761853327,57.72028764449783,0.5786393065268665,0.0,0.8470618556701031,0.31424828178694164,0.015000000000000013,17.024613402061853,0.5438981756080217,0.0008534137546947207,0.5547156924377397,58.282679785821955,0.5837129146599619,0.0,0.89,0.3105555555555557,0.0,16.575,0.5553275894412435,0.0006118970035038362,0.5313738312689144,57.157895503173705,0.5735656983937711,0.0,0.8041237113402062,0.3179410080183276,0.030000000000000027,17.47422680412371,0.5331140676178425,0.0017402363489281703,candidate_threshold_optimization
E,0.29,0.5430769073639163,57.718920294067644,0.5786256330225648,0.0,0.8487800687285223,0.3143914662084766,0.015000000000000013,16.97306701030928,0.5438981756080217,0.0008212682441053332,0.5547156924377397,58.282679785821955,0.5837129146599619,0.0,0.89,0.3105555555555557,0.0,16.575,0.5553275894412435,0.0006118970035038362,0.5314381222900931,57.15516080231333,0.5735383513851675,0.0,0.8075601374570447,0.31822737686139746,0.030000000000000027,17.371134020618555,0.5331140676178425,0.0016759453277493952,candidate_threshold_optimization
E,0.3,0.543022702944147,57.72405540764626,0.5786769841583508,0.004629629629629629,0.850446735395189,0.31578035509736546,0.015000000000000013,17.023067010309276,0.5438981756080217,0.0008754726638746657,0.5546072835982008,58.29295001297918,0.583815616931534,0.009259259259259259,0.8933333333333333,0.31333333333333346,0.0,16.675,0.5553275894412435,0.0007203058430427234,0.5314381222900931,57.15516080231333,0.5735383513851675,0.0,0.8075601374570447,0.31822737686139746,0.030000000000000027,17.371134020618555,0.5331140676178425,0.0016759453277493952,candidate_threshold_optimization
E,0.31,0.5429461565523943,57.721555407646264,0.5786519841583508,0.004629629629629629,0.8487285223367698,0.31578035509736546,0.015000000000000013,17.074613402061857,0.5438981756080217,0.0009520190556273622,0.5546072835982008,58.29295001297918,0.583815616931534,0.009259259259259259,0.8933333333333333,0.31333333333333346,0.0,16.675,0.5553275894412435,0.0007203058430427234,0.531285029506588,57.150160802313344,0.5734883513851675,0.0,0.8041237113402062,0.31822737686139746,0.030000000000000027,17.47422680412371,0.5331140676178425,0.0018290381112545662,candidate_threshold_optimization
E,0.32,0.5429269999507665,57.71700801781567,0.5786065102600448,0.0045045045045045045,0.8556013745704467,0.3169974226804124,0.015000000000000013,16.999613402061854,0.5438981756080217,0.00097117565725513,0.5548322835982008,58.30045001297919,0.5838906169315341,0.009009009009009009,0.8933333333333333,0.31333333333333346,0.0,16.525,0.5553275894412435,0.0004953058430426927,0.5310217163033323,57.13356602265216,0.5733224035885557,0.0,0.8178694158075601,0.3206615120274914,0.030000000000000027,17.47422680412371,0.5331140676178425,0.0020923513145102435,candidate_threshold_optimization
E,0.33,0.543005865930148,57.71950801781567,0.5786315102600449,0.0043859649122807015,0.8556529209621992,0.3169974226804124,0.015000000000000013,16.945747422680412,0.5438981756080217,0.0008923096778736817,0.5546072835982008,58.29295001297918,0.583815616931534,0.008771929824561403,0.89,0.31333333333333346,0.0,16.675,0.5553275894412435,0.0007203058430427234,0.5314044482620952,57.146066022652164,0.5734474035885557,0.0,0.8213058419243986,0.3206615120274914,0.030000000000000027,17.216494845360824,0.5331140676178425,0.001709619355747316,candidate_threshold_optimization
E,0.34,0.5428028814788839,57.71525481896646,0.5785889782715528,0.0,0.8606529209621994,0.31714275486827037,0.015000000000000013,17.100386597938147,0.5438981756080217,0.0010952941291377805,0.5547275894412435,58.3044250417279,0.5839303672190213,0.0,0.9,0.31319444444444455,0.0,16.675,0.5553275894412435,0.0006000000000000449,0.5308781735165242,57.12608459620502,0.5732475893240844,0.0,0.8213058419243986,0.3210910652920962,0.030000000000000027,17.52577319587629,0.5331140676178425,0.002235894101318303,candidate_threshold_optimization
E,0.35,0.5428028814788839,57.71525481896646,0.5785889782715528,0.003968253968253968,0.8606529209621994,0.31714275486827037,0.015000000000000013,17.100386597938147,0.5438981756080217,0.0010952941291377805,0.5547275894412435,58.3044250417279,0.5839303672190213,0.007936507936507936,0.9,0.31319444444444455,0.0,16.675,0.5553275894412435,0.0006000000000000449,0.5308781735165242,57.12608459620502,0.5732475893240844,0.0,0.8213058419243986,0.3210910652920962,0.030000000000000027,17.52577319587629,0.5331140676178425,0.002235894101318303,candidate_threshold_optimization
E,0.36,0.542892062786202,57.72897535519655,0.5787261836338538,0.008149473265752336,0.8606529209621994,0.31542454180985113,0.015000000000000013,17.21713917525773,0.5438981756080217,0.0010061128218197268,0.5548025894412435,58.30692504172791,0.5839553672190213,0.007751937984496124,0.9,0.31319444444444455,0.0,16.625,0.5553275894412435,0.0005249999999999977,0.5309815361311603,57.15102566866519,0.5734970000486861,0.008547008547008548,0.8213058419243986,0.3176546391752577,0.030000000000000027,17.809278350515463,0.5331140676178425,0.002132531486682243,candidate_threshold_optimization
E,0.37,0.5428397584104037,57.73018821658579,0.5787383122477461,0.003787878787878788,0.8640893470790378,0.31542454180985113,0.015000000000000013,17.281572164948454,0.5438981756080217,0.0010584171976180112,0.5548025894412435,58.306925041727894,0.5839553672190213,0.007575757575757576,0.9,0.31319444444444455,0.0,16.625,0.5553275894412435,0.0005249999999999977,0.5308769273795637,57.15345139144369,0.573521257276471,0.0,0.8281786941580757,0.3176546391752577,0.030000000000000027,17.938144329896907,0.5331140676178425,0.002237140238278812,candidate_threshold_optimization
E,0.38,0.5426897584104036,57.7251882165858,0.5786883122477462,0.0,0.8657560137457045,0.31542454180985113,0.015000000000000013,17.38157216494845,0.5438981756080217,0.0012084171976181057,0.5545025894412435,58.29692504172791,0.5838553672190213,0.0,0.9033333333333333,0.31319444444444455,0.0,16.825,0.5553275894412435,0.0008249999999999647,0.5308769273795637,57.15345139144369,0.573521257276471,0.0,0.8281786941580757,0.3176546391752577,0.030000000000000027,17.938144329896907,0.5331140676178425,0.002237140238278812,candidate_threshold_optimization
E,0.39,0.5428800395071331,57.729611515262185,0.57873254523451,0.0040650406504065045,0.8674742268041238,0.31563931844215354,0.015000000000000013,17.226932989690724,0.5438981756080217,0.0010181361008885226,0.5545025894412435,58.29692504172791,0.5838553672190213,0.0,0.9033333333333333,0.31319444444444455,0.0,16.825,0.5553275894412435,0.0008249999999999647,0.5312574895730229,57.16229798879646,0.5736097232499988,0.008130081300813009,0.8316151202749141,0.3180841924398625,0.030000000000000027,17.628865979381445,0.5331140676178425,0.0018565780448196456,candidate_threshold_optimization
E,0.4,0.5429698865856118,57.72887400088783,0.5787251700907665,0.0040650406504065045,0.8708075601374571,0.315708762886598,0.015000000000000013,17.126932989690722,0.5438981756080217,0.0009282890224098228,0.5546822835982009,58.29545001297919,0.5838406169315342,0.0,0.91,0.31333333333333346,0.0,16.625,0.5553275894412435,0.0006453058430425651,0.5312574895730229,57.16229798879646,0.5736097232499988,0.008130081300813009,0.8316151202749141,0.3180841924398625,0.030000000000000027,17.628865979381445,0.5331140676178425,0.0018565780448196456,candidate_threshold_optimization
E,0.41,0.5428787249335202,57.71961465125712,0.5786325765944594,0.003472222222222222,0.8862714776632303,0.31599513172966787,0.015000000000000013,17.114046391752577,0.5438981756080217,0.0010194506745014875,0.5546822835982009,58.29545001297919,0.5838406169315342,0.0,0.91,0.31333333333333346,0.0,16.625,0.5553275894412435,0.0006453058430425651,0.5310751662688394,57.14377928953505,0.5734245362573847,0.006944444444444444,0.8625429553264605,0.31865693012600227,0.030000000000000027,17.603092783505154,0.5331140676178425,0.002038901349003086,candidate_threshold_optimization
E,0.42,0.5429352216978534,57.72012543880155,0.5786376844699037,0.006805555555555556,0.8879381443298969,0.3143979095074456,0.015000000000000013,17.126546391752576,0.5438981756080217,0.0009629539101683182,0.5547952771268672,58.29647158806806,0.5838508326824228,0.006666666666666667,0.9133333333333333,0.31013888888888896,0.0,16.65,0.5553275894412435,0.0005323123143763375,0.5310751662688394,57.14377928953505,0.5734245362573847,0.006944444444444444,0.8625429553264605,0.31865693012600227,0.030000000000000027,17.603092783505154,0.5331140676178425,0.002038901349003086,candidate_threshold_optimization
E,0.43,0.5429345430942922,57.72049858646377,0.5786414159465258,0.00980392156862745,0.8880412371134021,0.3144695017182131,0.015000000000000013,17.128092783505153,0.5438981756080217,0.0009636325137294399,0.5549452771268673,58.301471588068054,0.5839008326824228,0.013071895424836602,0.9066666666666666,0.31013888888888896,0.0,16.55,0.5553275894412435,0.000382312314376243,0.5309238090617172,57.139525584859484,0.573381999210629,0.006535947712418301,0.8694158075601375,0.3188001145475372,0.030000000000000027,17.70618556701031,0.5331140676178425,0.002190258556125313,candidate_threshold_optimization
E,0.44,0.5426720430942922,57.71174858646377,0.5785539159465258,0.009678230266465561,0.8947079037800687,0.3144695017182131,0.015000000000000013,17.303092783505154,0.5438981756080217,0.0012261325137294943,0.5544202771268671,58.28397158806806,0.5837258326824227,0.01282051282051282,0.92,0.31013888888888896,0.0,16.9,0.5553275894412435,0.0009073123143763517,0.5309238090617172,57.139525584859484,0.573381999210629,0.006535947712418301,0.8694158075601375,0.3188001145475372,0.030000000000000027,17.70618556701031,0.5331140676178425,0.002190258556125313,candidate_threshold_optimization
E,0.45,0.543120155569707,57.736475355196546,0.5788011836338537,0.009317493594223153,0.9065807560137458,0.31542454180985113,0.015000000000000013,17.064046391752576,0.5438981756080217,0.0007780200383146196,0.5549525894412434,58.31192504172791,0.5840053672190212,0.012345679012345678,0.93,0.31319444444444455,0.0,16.525,0.5553275894412435,0.00037500000000012523,0.5312877216981707,57.16102566866519,0.5735970000486862,0.006289308176100629,0.8831615120274914,0.3176546391752577,0.030000000000000027,17.603092783505154,0.5331140676178425,0.0018263459196717902,candidate_threshold_optimization
E,0.46,0.5432611995862497,57.742716068420116,0.5788635907660893,0.008723316912972085,0.9015292096219931,0.31535294959908367,0.015000000000000013,16.98827319587629,0.5438981756080217,0.0006369760217719289,0.5551025894412434,58.3169250417279,0.5840553672190212,0.011494252873563218,0.9233333333333333,0.31319444444444455,0.0,16.425,0.5553275894412435,0.00022500000000014175,0.531419809731256,57.16850709511233,0.5736718143131575,0.005952380952380952,0.8797250859106529,0.3175114547537228,0.030000000000000027,17.551546391752577,0.5331140676178425,0.0016942578865865032,candidate_threshold_optimization
E,0.47,0.543452873803305,57.747565047972145,0.5789120805616097,0.008671103044968743,0.9049656357388316,0.31563931844215354,0.015000000000000013,16.833634020618558,0.5438981756080217,0.00044530180471669123,0.5551025894412434,58.3169250417279,0.5840553672190212,0.011494252873563218,0.9233333333333333,0.31319444444444455,0.0,16.425,0.5553275894412435,0.00022500000000014175,0.5318031581653666,57.17820505421639,0.5737687939041982,0.005847953216374269,0.8865979381443299,0.3180841924398625,0.030000000000000027,17.242268041237114,0.5331140676178425,0.0013109094524759168,candidate_threshold_optimization
E,0.48,0.5433763274115524,57.74506504797215,0.5788870805616096,0.008620689655172414,0.9032474226804124,0.31563931844215354,0.015000000000000013,16.885180412371135,0.5438981756080217,0.0005218481964692767,0.5551025894412434,58.3169250417279,0.5840553672190212,0.011494252873563218,0.9233333333333333,0.31319444444444455,0.0,16.425,0.5553275894412435,0.00022500000000014175,0.5316500653818613,57.1732050542164,0.5737187939041981,0.005747126436781609,0.8831615120274914,0.3180841924398625,0.030000000000000027,17.34536082474227,0.5331140676178425,0.0014640022359811988,candidate_threshold_optimization
E,0.49,0.5434176933909338,57.74631504797215,0.5788995805616097,0.00847457627118644,0.9083505154639175,0.31563931844215354,0.015000000000000013,16.85631443298969,0.5438981756080217,0.000480482217087852,0.5548025894412435,58.30692504172791,0.5839553672190213,0.011299435028248588,0.9266666666666666,0.31319444444444455,0.0,16.625,0.5553275894412435,0.0005249999999999977,0.5320327973406243,57.1857050542164,0.5738437939041982,0.005649717514124294,0.8900343642611683,0.3180841924398625,0.030000000000000027,17.087628865979383,0.5331140676178425,0.0010812702772182714,candidate_threshold_optimization
E,0.5,0.5436863500209486,57.75244187935851,0.5789608488754732,0.005510018214936248,0.9134536082474227,0.31585409507445594,0.015000000000000013,16.640335051546394,0.5438981756080217,0.00021182558707311117,0.5551025894412434,58.316925041727906,0.5840553672190212,0.005555555555555556,0.93,0.31319444444444455,0.0,16.425,0.5553275894412435,0.00022500000000014175,0.5322701106006537,57.18795871698911,0.5738663305319252,0.00546448087431694,0.8969072164948454,0.31851374570446733,0.030000000000000027,16.855670103092784,0.5331140676178425,0.0008439570171888677,candidate_threshold_optimization
E,0.51,0.5437950129785627,57.75881504797215,0.5790245805616097,0.005376344086021506,0.9133505154639174,0.31563931844215354,0.015000000000000013,16.603994845360823,0.5438981756080217,0.00010316262945897492,0.5553275894412435,58.3244250417279,0.5841303672190213,0.005376344086021506,0.9366666666666666,0.31319444444444455,0.0,16.275,0.5553275894412435,0.0,0.5322624365158819,57.1932050542164,0.5739187939041981,0.005376344086021506,0.8900343642611683,0.3180841924398625,0.030000000000000027,16.932989690721648,0.5331140676178425,0.000851631101960626,candidate_threshold_optimization
E,0.52,0.543462899861803,57.74816960113009,0.578918126093189,0.007853835978835978,0.9201718213058419,0.31535294959908367,0.015000000000000013,16.84110824742268,0.5438981756080217,0.0004352757462187107,0.5545775894412435,58.2994250417279,0.5838803672190213,0.005291005291005291,0.94,0.31319444444444455,0.0,16.775,0.5553275894412435,0.0007500000000000284,0.5323482102823626,57.196914160532266,0.5739558849673568,0.010416666666666666,0.9003436426116839,0.3175114547537228,0.030000000000000027,16.90721649484536,0.5331140676178425,0.000765857335479958,candidate_threshold_optimization
E,0.53,0.543462899861803,57.74816960113009,0.578918126093189,0.007853835978835978,0.9201718213058419,0.31535294959908367,0.015000000000000013,16.84110824742268,0.5438981756080217,0.0004352757462187107,0.5545775894412435,58.2994250417279,0.5838803672190213,0.005291005291005291,0.94,0.31319444444444455,0.0,16.775,0.5553275894412435,0.0007500000000000284,0.5323482102823626,57.196914160532266,0.5739558849673568,0.010416666666666666,0.9003436426116839,0.3175114547537228,0.030000000000000027,16.90721649484536,0.5331140676178425,0.000765857335479958,candidate_threshold_optimization
E,0.54,0.5434350588733654,57.74466958017866,0.5788831258836749,0.010337810337810338,0.9201718213058419,0.3154961340206186,0.015000000000000013,16.828221649484533,0.5438981756080217,0.0004631167346562659,0.5545775894412435,58.2994250417279,0.5838803672190213,0.005291005291005291,0.94,0.31319444444444455,0.0,16.775,0.5553275894412435,0.0007500000000000284,0.5322925283054875,57.18991411862942,0.5738858845483283,0.015384615384615385,0.9003436426116839,0.31779782359679265,0.030000000000000027,16.88144329896907,0.5331140676178425,0.0008215393123550685,candidate_threshold_optimization
E,0.55,0.5435123059519404,57.74283529605448,0.5788647830424329,0.0076146076146076155,0.9235567010309278,0.3175007159221077,0.015000000000000013,16.652448453608248,0.5438981756080217,0.00038586965608122803,0.5550275894412434,58.3144250417279,0.5840303672190212,0.005128205128205128,0.9433333333333334,0.31319444444444455,0.0,16.475,0.5553275894412435,0.000300000000000078,0.5319970224626374,57.17124555038106,0.5736991988658446,0.010101010101010102,0.9037800687285223,0.32180698739977087,0.030000000000000027,16.829896907216494,0.5331140676178425,0.0011170451552051652,candidate_threshold_optimization
E,0.56,0.5434395966025737,57.73771212744083,0.5788135513562964,0.007539226942212016,0.9235567010309278,0.3177154925544101,0.015000000000000013,16.665335051546393,0.5438981756080217,0.0004585790054479899,0.5550275894412434,58.3144250417279,0.5840303672190212,0.005128205128205128,0.9433333333333334,0.31319444444444455,0.0,16.475,0.5553275894412435,0.000300000000000078,0.531851603763904,57.16099921315375,0.5735967354935717,0.009950248756218905,0.9037800687285223,0.3222365406643757,0.030000000000000027,16.855670103092784,0.5331140676178425,0.001262463853938578,candidate_threshold_optimization
E,0.57,0.5432145966025737,57.73021212744082,0.5787385513562965,0.0075003769033619785,0.9235567010309278,0.3177154925544101,0.015000000000000013,16.81533505154639,0.5438981756080217,0.0006835790054480206,0.5545775894412435,58.2994250417279,0.5838803672190213,0.005050505050505051,0.9433333333333334,0.31319444444444455,0.0,16.775,0.5553275894412435,0.0007500000000000284,0.531851603763904,57.16099921315375,0.5735967354935717,0.009950248756218905,0.9037800687285223,0.3222365406643757,0.030000000000000027,16.855670103092784,0.5331140676178425,0.001262463853938578,candidate_threshold_optimization
E,0.58,0.5435895966025737,57.74271212744083,0.5788635513562965,0.009950248756218905,0.9202233676975945,0.3177154925544101,0.015000000000000013,16.56533505154639,0.5438981756080217,0.0003085790054480064,0.5553275894412434,58.32442504172791,0.5841303672190212,0.009950248756218905,0.9366666666666666,0.31319444444444455,0.0,16.275,0.5553275894412435,1.1102230246251565e-16,0.531851603763904,57.16099921315375,0.5735967354935717,0.009950248756218905,0.9037800687285223,0.3222365406643757,0.030000000000000027,16.855670103092784,0.5331140676178425,0.001262463853938578,candidate_threshold_optimization
E,0.59,0.5435145966025736,57.74021212744083,0.5788385513562965,0.009806042252505587,0.9202233676975945,0.3177154925544101,0.015000000000000013,16.615335051546392,0.5438981756080217,0.0003835790054480537,0.5551775894412434,58.319425041727904,0.5840803672190212,0.00966183574879227,0.9366666666666666,0.31319444444444455,0.0,16.375,0.5553275894412435,0.0001500000000000945,0.531851603763904,57.16099921315375,0.5735967354935717,0.009950248756218905,0.9037800687285223,0.3222365406643757,0.030000000000000027,16.855670103092784,0.5331140676178425,0.001262463853938578,candidate_threshold_optimization
E,0.6,0.5435859404453856,57.73748540061091,0.5788112840879973,0.009737029140014215,0.9202233676975945,0.3161877147766323,0.015000000000000013,16.577835051546394,0.5438981756080217,0.00031223516263612083,0.5553202771268673,58.31397158806806,0.5840258326824228,0.009523809523809525,0.9366666666666666,0.31013888888888896,0.0,16.3,0.5553275894412435,7.312314376228812e-06,0.531851603763904,57.16099921315375,0.5735967354935717,0.009950248756218905,0.9037800687285223,0.3222365406643757,0.030000000000000027,16.855670103092784,0.5331140676178425,0.001262463853938578,candidate_threshold_optimization
E,0.61,0.5435859404453856,57.73748540061091,0.5788112840879972,0.009669960058860626,0.9218900343642611,0.3161877147766323,0.015000000000000013,16.577835051546394,0.5438981756080217,0.00031223516263612083,0.5553202771268672,58.31397158806806,0.5840258326824227,0.009389671361502348,0.94,0.31013888888888896,0.0,16.3,0.5553275894412435,7.312314376339835e-06,0.531851603763904,57.16099921315375,0.5735967354935717,0.009950248756218905,0.9037800687285223,0.3222365406643757,0.030000000000000027,16.855670103092784,0.5331140676178425,0.001262463853938578,candidate_threshold_optimization
E,0.62,0.5435328102395092,57.73858847395226,0.5788223148214107,0.009531590413943355,0.9235567010309278,0.3174985681557847,0.015000000000000013,16.589561855670105,0.5438981756080217,0.0003653653685125047,0.5550572835982007,58.30795001297919,0.583965616931534,0.009259259259259259,0.9433333333333334,0.31333333333333346,0.0,16.375,0.5553275894412435,0.00027030584304277294,0.5320083368808177,57.169226934925334,0.5736790127112874,0.00980392156862745,0.9037800687285223,0.32166380297823594,0.030000000000000027,16.804123711340207,0.5331140676178425,0.0011057307370248015,candidate_threshold_optimization
E,0.63,0.5435300730922845,57.73172827583918,0.57875371284028,0.014153439153439154,0.925274914089347,0.3184292668957619,0.015000000000000013,16.48646907216495,0.5438981756080217,0.00036810251573715647,0.5550572835982007,58.30795001297919,0.583965616931534,0.009259259259259259,0.9433333333333334,0.31333333333333346,0.0,16.375,0.5553275894412435,0.00027030584304277294,0.5320028625863683,57.15550653869917,0.5735418087490258,0.01904761904761905,0.9072164948453608,0.32352520045819033,0.030000000000000027,16.5979381443299,0.5331140676178425,0.0011112050314742161,candidate_threshold_optimization
E,0.64,0.5434175730922846,57.72797827583918,0.57871621284028,0.016373124592302675,0.925274914089347,0.3184292668957619,0.015000000000000013,16.561469072164947,0.5438981756080217,0.0004806025157371163,0.5548322835982008,58.30045001297919,0.5838906169315341,0.0136986301369863,0.9433333333333334,0.31333333333333346,0.0,16.525,0.5553275894412435,0.0004953058430426927,0.5320028625863683,57.15550653869917,0.5735418087490258,0.01904761904761905,0.9072164948453608,0.32352520045819033,0.030000000000000027,16.5979381443299,0.5331140676178425,0.0011112050314742161,candidate_threshold_optimization
E,0.65,0.5434175730922846,57.72797827583918,0.57871621284028,0.016373124592302675,0.925274914089347,0.3184292668957619,0.015000000000000013,16.561469072164947,0.5438981756080217,0.0004806025157371163,0.5548322835982008,58.30045001297919,0.5838906169315341,0.0136986301369863,0.9433333333333334,0.31333333333333346,0.0,16.525,0.5553275894412435,0.0004953058430426927,0.5320028625863683,57.15550653869917,0.5735418087490258,0.01904761904761905,0.9072164948453608,0.32352520045819033,0.030000000000000027,16.5979381443299,0.5331140676178425,0.0011112050314742161,candidate_threshold_optimization
E,0.66,0.5434175730922846,57.72797827583918,0.57871621284028,0.018586404270371084,0.925274914089347,0.3184292668957619,0.015000000000000013,16.561469072164947,0.5438981756080217,0.0004806025157371163,0.5548322835982008,58.30045001297919,0.5838906169315341,0.0136986301369863,0.9433333333333334,0.31333333333333346,0.0,16.525,0.5553275894412435,0.0004953058430426927,0.5320028625863683,57.15550653869917,0.5735418087490258,0.023474178403755867,0.9072164948453608,0.32352520045819033,0.030000000000000027,16.5979381443299,0.5331140676178425,0.0011112050314742161,candidate_threshold_optimization
E,0.67,0.5434611031810934,57.73346530533861,0.5787710831352744,0.01833083083083083,0.925274914089347,0.3177849369988546,0.015000000000000013,16.598582474226802,0.5438981756080217,0.0004370724269282533,0.5546822835982009,58.29545001297919,0.5838406169315342,0.013513513513513514,0.9433333333333334,0.31333333333333346,0.0,16.625,0.5553275894412435,0.0006453058430425651,0.532239922763986,57.17148059769804,0.5737015493390146,0.023148148148148147,0.9072164948453608,0.3222365406643757,0.030000000000000027,16.572164948453608,0.5331140676178425,0.0008741448538565066,candidate_threshold_optimization
E,0.68,0.5434975562102653,57.73310144445283,0.5787674445264165,0.01808219178082192,0.9287113402061855,0.31807130584192445,0.015000000000000013,16.54703608247423,0.5438981756080217,0.00040061939775637434,0.5546822835982009,58.29545001297919,0.5838406169315342,0.013333333333333334,0.9433333333333334,0.31333333333333346,0.0,16.625,0.5553275894412435,0.0006453058430425651,0.5323128288223297,57.17075287592647,0.5736942721212988,0.0228310502283105,0.9140893470790378,0.3228092783505154,0.030000000000000027,16.469072164948454,0.5331140676178425,0.0008012387955128597,candidate_threshold_optimization
E,0.69,0.5437814656859172,57.74645802775686,0.5789010103594567,0.022017543859649123,0.9355841924398626,0.3165678694158076,0.015000000000000013,16.456829896907216,0.5438981756080217,0.00011670992210444098,0.5546822835982009,58.29545001297919,0.5838406169315342,0.013333333333333334,0.9433333333333334,0.31333333333333346,0.0,16.625,0.5553275894412435,0.0006453058430425651,0.5328806477736336,57.19746604253453,0.5739614037873794,0.03070175438596491,0.9278350515463918,0.31980240549828176,0.030000000000000027,16.288659793814432,0.5331140676178425,0.00023341984420888195,candidate_threshold_optimization
E,0.7,0.5437814656859172,57.74645802775686,0.5789010103594567,0.022017543859649123,0.9355841924398626,0.3165678694158076,0.015000000000000013,16.456829896907216,0.5438981756080217,0.00011670992210444098,0.5546822835982009,58.29545001297919,0.5838406169315342,0.013333333333333334,0.9433333333333334,0.31333333333333346,0.0,16.625,0.5553275894412435,0.0006453058430425651,0.5328806477736336,57.19746604253453,0.5739614037873794,0.03070175438596491,0.9278350515463918,0.31980240549828176,0.030000000000000027,16.288659793814432,0.5331140676178425,0.00023341984420888195,candidate_threshold_optimization
E,0.71,0.5438981756080217,57.7528311963705,0.5789647420455932,0.02181818181818182,0.9373024054982818,0.31620990836197027,0.015000000000000013,16.418170103092784,0.5438981756080217,0.0,0.5546822835982009,58.29545001297919,0.5838406169315342,0.013333333333333334,0.9433333333333334,0.31333333333333346,0.0,16.625,0.5553275894412435,0.0006453058430425651,0.5331140676178425,57.21021237976181,0.5740888671596523,0.030303030303030304,0.9312714776632303,0.3190864833906071,0.030000000000000027,16.211340206185568,0.5331140676178425,0.0,candidate_threshold_optimization
E,0.72,0.5438197388817936,57.74770802775686,0.5789135103594568,0.021623931623931624,0.9373024054982818,0.3165678694158076,0.015000000000000013,16.431056701030926,0.5438981756080217,7.843672622809272e-05,0.5546822835982009,58.29545001297919,0.5838406169315342,0.013333333333333334,0.9433333333333334,0.31333333333333346,0.0,16.625,0.5553275894412435,0.0006453058430425651,0.5329571941653863,57.199966042534534,0.5739864037873794,0.029914529914529916,0.9312714776632303,0.31980240549828176,0.030000000000000027,16.237113402061855,0.5331140676178425,0.00015687345245618545,candidate_threshold_optimization
E,0.73,0.5437262356461268,57.74321881530129,0.5788686182349011,0.019286269286269288,0.9423024054982818,0.31497064719358536,0.015000000000000013,16.54355670103093,0.5438981756080217,0.0001719399618949069,0.5544952771268672,58.28647158806805,0.5837508326824228,0.008658008658008658,0.9533333333333334,0.31013888888888896,0.0,16.85,0.5553275894412435,0.0008323123143763045,0.5329571941653863,57.199966042534534,0.5739864037873794,0.029914529914529916,0.9312714776632303,0.31980240549828176,0.030000000000000027,16.237113402061855,0.5331140676178425,0.00015687345245618545,candidate_threshold_optimization
E,0.74,0.5431706331303896,57.71586589476997,0.5785950890295879,0.014617070172625729,0.9474570446735395,0.317190005727377,0.015000000000000013,16.736855670103093,0.5438981756080217,0.0007275424776320705,0.5544952771268672,58.28647158806805,0.5837508326824228,0.008658008658008658,0.9533333333333334,0.31013888888888896,0.0,16.85,0.5553275894412435,0.0008323123143763045,0.5318459891339121,57.145260201471885,0.573439345376753,0.0205761316872428,0.9415807560137457,0.324241122565865,0.030000000000000027,16.623711340206185,0.5331140676178425,0.0012680784839304016,candidate_threshold_optimization
E,0.75,0.5429641363660564,57.71035510722554,0.5785399811541436,0.014454732510288067,0.9457903780068728,0.31878722794959924,0.015000000000000013,16.824355670103092,0.5438981756080217,0.0009340392419652233,0.5540822835982009,58.27545001297919,0.5836406169315341,0.008333333333333333,0.95,0.31333333333333346,0.0,17.025,0.5553275894412435,0.00124530584304261,0.5318459891339121,57.145260201471885,0.573439345376753,0.0205761316872428,0.9415807560137457,0.324241122565865,0.030000000000000027,16.623711340206185,0.5331140676178425,0.0012680784839304016,candidate_threshold_optimization
E,0.76,0.5427277444760277,57.69790434892141,0.5784154735711022,0.01606425702811245,0.9490721649484536,0.317815005727377,0.015000000000000013,16.97512886597938,0.5438981756080217,0.0011704311319939986,0.5536860462098959,58.25304849637093,0.5834166017654515,0.012048192771084338,0.96,0.31138888888888894,0.0,17.275,0.5553275894412435,0.0016415432313475753,0.5317694427421595,57.14276020147189,0.573414345376753,0.020080321285140562,0.9381443298969072,0.324241122565865,0.030000000000000027,16.675257731958762,0.5331140676178425,0.001344624875682987,candidate_threshold_optimization
E,0.77,0.5428042908677804,57.70040434892141,0.5784404735711022,0.01792885829030407,0.9473539518900344,0.317815005727377,0.015000000000000013,16.923582474226805,0.5438981756080217,0.0010938847402413021,0.5536860462098959,58.25304849637093,0.5834166017654515,0.012048192771084338,0.96,0.31138888888888894,0.0,17.275,0.5553275894412435,0.0016415432313475753,0.5319225355256647,57.14776020147189,0.573464345376753,0.023809523809523808,0.9347079037800687,0.324241122565865,0.030000000000000027,16.572164948453608,0.5331140676178425,0.001191532092177816,candidate_threshold_optimization
E,0.78,0.5429542908677802,57.705404348921405,0.5784904735711022,0.021661998132586367,0.9473539518900344,0.317815005727377,0.015000000000000013,16.823582474226804,0.5438981756080217,0.0009438847402414297,0.5539860462098959,58.26304849637093,0.5835166017654514,0.015873015873015872,0.96,0.31138888888888894,0.0,17.075,0.5553275894412435,0.0013415432313476083,0.5319225355256647,57.14776020147189,0.573464345376753,0.027450980392156862,0.9347079037800687,0.324241122565865,0.030000000000000027,16.572164948453608,0.5331140676178425,0.001191532092177816,candidate_threshold_optimization
E,0.79,0.5430529268073713,57.707165136465846,0.5785080814465466,0.019448244414044687,0.9506872852233677,0.3162177835051547,0.015000000000000013,16.80644329896907,0.5438981756080217,0.0008452488006504,0.5537240397385624,58.2515700714598,0.5834018175163402,0.011764705882352941,0.9666666666666667,0.30819444444444444,0.0,17.35,0.5553275894412435,0.001603549702681062,0.5323818138761801,57.16276020147188,0.5736143453767529,0.027131782945736434,0.9347079037800687,0.324241122565865,0.030000000000000027,16.262886597938145,0.5331140676178425,0.0007322537416624142,candidate_threshold_optimization
E,0.8,0.5430529268073713,57.707165136465846,0.5785080814465466,0.019448244414044687,0.9506872852233677,0.3162177835051547,0.015000000000000013,16.80644329896907,0.5438981756080217,0.0008452488006504,0.5537240397385624,58.2515700714598,0.5834018175163402,0.011764705882352941,0.9666666666666667,0.30819444444444444,0.0,17.35,0.5553275894412435,0.001603549702681062,0.5323818138761801,57.16276020147188,0.5736143453767529,0.027131782945736434,0.9347079037800687,0.324241122565865,0.030000000000000027,16.262886597938145,0.5331140676178425,0.0007322537416624142,candidate_threshold_optimization
E,0.81,0.5429779268073712,57.704665136465835,0.5784830814465465,0.02131782945736434,0.9490206185567011,0.3162177835051547,0.015000000000000013,16.856443298969072,0.5438981756080217,0.0009202488006504472,0.5535740397385623,58.24657007145979,0.5833518175163401,0.015503875968992248,0.9633333333333334,0.30819444444444444,0.0,17.45,0.5553275894412435,0.0017535497026811564,0.5323818138761801,57.16276020147188,0.5736143453767529,0.027131782945736434,0.9347079037800687,0.324241122565865,0.030000000000000027,16.262886597938145,0.5331140676178425,0.0007322537416624142,candidate_threshold_optimization
E,0.82,0.542939653611495,57.703415136465836,0.5784705814465465,0.02116189967031988,0.9507388316151203,0.3162177835051547,0.015000000000000013,16.88221649484536,0.5438981756080217,0.0009585219965266845,0.5535740397385623,58.24657007145979,0.5833518175163401,0.015503875968992248,0.9633333333333334,0.30819444444444444,0.0,17.45,0.5553275894412435,0.0017535497026811564,0.5323052674844276,57.16026020147188,0.573589345376753,0.02681992337164751,0.9381443298969072,0.324241122565865,0.030000000000000027,16.314432989690722,0.5331140676178425,0.0008088001334148887,candidate_threshold_optimization
E,0.83,0.542939653611495,57.703415136465836,0.5784705814465465,0.02116189967031988,0.9507388316151203,0.3162177835051547,0.015000000000000013,16.88221649484536,0.5438981756080217,0.0009585219965266845,0.5535740397385623,58.24657007145979,0.5833518175163401,0.015503875968992248,0.9633333333333334,0.30819444444444444,0.0,17.45,0.5553275894412435,0.0017535497026811564,0.5323052674844276,57.16026020147188,0.573589345376753,0.02681992337164751,0.9381443298969072,0.324241122565865,0.030000000000000027,16.314432989690722,0.5331140676178425,0.0008088001334148887,candidate_threshold_optimization
E,0.84,0.5430180903377231,57.708538305079486,0.578521813132683,0.020920411006617904,0.9558419243986254,0.3158598224513174,0.015000000000000013,16.869329896907217,0.5438981756080217,0.0008800852702985917,0.5535740397385623,58.24657007145979,0.5833518175163401,0.01532567049808429,0.9666666666666667,0.30819444444444444,0.0,17.45,0.5553275894412435,0.0017535497026811564,0.5324621409368838,57.17050653869917,0.5736918087490259,0.026515151515151516,0.9450171821305842,0.32352520045819033,0.030000000000000027,16.288659793814432,0.5331140676178425,0.0006519266809587032,candidate_threshold_optimization
E,0.85,0.5431711831212283,57.71353830507949,0.578571813132683,0.020771449481251883,0.9592783505154638,0.3158598224513174,0.015000000000000013,16.766237113402063,0.5438981756080217,0.0007269924867934208,0.5535740397385623,58.24657007145979,0.5833518175163401,0.01532567049808429,0.9666666666666667,0.30819444444444444,0.0,17.45,0.5553275894412435,0.0017535497026811564,0.5327683265038942,57.180506538699184,0.5737918087490259,0.026217228464419477,0.9518900343642611,0.32352520045819033,0.030000000000000027,16.082474226804123,0.5331140676178425,0.00034574111394836127,candidate_threshold_optimization
E,0.86,0.5433211831212282,57.71853830507949,0.578621813132683,0.020684371807967315,0.9609450171821305,0.3158598224513174,0.015000000000000013,16.66623711340206,0.5438981756080217,0.0005769924867934373,0.5538740397385623,58.2565700714598,0.5834518175163401,0.015151515151515152,0.97,0.30819444444444444,0.0,17.25,0.5553275894412435,0.0014535497026811894,0.5327683265038942,57.180506538699184,0.5737918087490259,0.026217228464419477,0.9518900343642611,0.32352520045819033,0.030000000000000027,16.082474226804123,0.5331140676178425,0.00034574111394836127,candidate_threshold_optimization
E,0.87,0.5433211831212282,57.718538305079484,0.578621813132683,0.01868686868686869,0.9626632302405498,0.3158598224513174,0.015000000000000013,16.66623711340206,0.5438981756080217,0.0005769924867934373,0.5538740397385623,58.2565700714598,0.5834518175163401,0.015151515151515152,0.97,0.30819444444444444,0.0,17.25,0.5553275894412435,0.0014535497026811894,0.5327683265038942,57.18050653869917,0.5737918087490259,0.022222222222222223,0.9553264604810997,0.32352520045819033,0.030000000000000027,16.082474226804123,0.5331140676178425,0.00034574111394836127,candidate_threshold_optimization
E,0.88,0.5430915439459705,57.711038305079484,0.578546813132683,0.021610845295055824,0.9626632302405498,0.3158598224513174,0.015000000000000013,16.820876288659793,0.5438981756080217,0.0008066316620511937,0.5538740397385623,58.2565700714598,0.5834518175163401,0.015151515151515152,0.97,0.30819444444444444,0.0,17.25,0.5553275894412435,0.0014535497026811894,0.5323090481533786,57.16550653869918,0.5736418087490259,0.028070175438596492,0.9553264604810997,0.32352520045819033,0.030000000000000027,16.391752577319586,0.5331140676178425,0.0008050194644638742,candidate_threshold_optimization
E,0.89,0.5430915439459705,57.711038305079484,0.578546813132683,0.021610845295055824,0.9626632302405498,0.3158598224513174,0.015000000000000013,16.820876288659793,0.5438981756080217,0.0008066316620511937,0.5538740397385623,58.2565700714598,0.5834518175163401,0.015151515151515152,0.97,0.30819444444444444,0.0,17.25,0.5553275894412435,0.0014535497026811894,0.5323090481533786,57.16550653869918,0.5736418087490259,0.028070175438596492,0.9553264604810997,0.32352520045819033,0.030000000000000027,16.391752577319586,0.5331140676178425,0.0008050194644638742,candidate_threshold_optimization
E,0.9,0.5430915439459705,57.711038305079484,0.578546813132683,0.021610845295055824,0.9626632302405498,0.3158598224513174,0.015000000000000013,16.820876288659793,0.5438981756080217,0.0008066316620511937,0.5538740397385623,58.2565700714598,0.5834518175163401,0.015151515151515152,0.97,0.30819444444444444,0.0,17.25,0.5553275894412435,0.0014535497026811894,0.5323090481533786,57.16550653869918,0.5736418087490259,0.028070175438596492,0.9553264604810997,0.32352520045819033,0.030000000000000027,16.391752577319586,0.5331140676178425,0.0008050194644638742,candidate_threshold_optimization
E,0.91,0.5430915439459705,57.711038305079484,0.578546813132683,0.021610845295055824,0.9626632302405498,0.3158598224513174,0.015000000000000013,16.820876288659793,0.5438981756080217,0.0008066316620511937,0.5538740397385623,58.2565700714598,0.5834518175163401,0.015151515151515152,0.97,0.30819444444444444,0.0,17.25,0.5553275894412435,0.0014535497026811894,0.5323090481533786,57.16550653869918,0.5736418087490259,0.028070175438596492,0.9553264604810997,0.32352520045819033,0.030000000000000027,16.391752577319586,0.5331140676178425,0.0008050194644638742,candidate_threshold_optimization
E,0.92,0.5430915439459705,57.711038305079484,0.578546813132683,0.021610845295055824,0.9626632302405498,0.3158598224513174,0.015000000000000013,16.820876288659793,0.5438981756080217,0.0008066316620511937,0.5538740397385623,58.2565700714598,0.5834518175163401,0.015151515151515152,0.97,0.30819444444444444,0.0,17.25,0.5553275894412435,0.0014535497026811894,0.5323090481533786,57.16550653869918,0.5736418087490259,0.028070175438596492,0.9553264604810997,0.32352520045819033,0.030000000000000027,16.391752577319586,0.5331140676178425,0.0008050194644638742,candidate_threshold_optimization
E,0.93,0.5431290439459705,57.71228830507948,0.578559313132683,0.023294346978557506,0.9626632302405498,0.3158598224513174,0.015000000000000013,16.79587628865979,0.5438981756080217,0.0007691316620511701,0.5539490397385624,58.259070071459796,0.5834768175163402,0.018518518518518517,0.97,0.30819444444444444,0.0,17.2,0.5553275894412435,0.0013785497026811422,0.5323090481533786,57.16550653869918,0.5736418087490259,0.028070175438596492,0.9553264604810997,0.32352520045819033,0.030000000000000027,16.391752577319586,0.5331140676178425,0.0008050194644638742,candidate_threshold_optimization
E,0.94,0.5431290439459705,57.71228830507948,0.578559313132683,0.023294346978557506,0.9626632302405498,0.3158598224513174,0.015000000000000013,16.79587628865979,0.5438981756080217,0.0007691316620511701,0.5539490397385624,58.259070071459796,0.5834768175163402,0.018518518518518517,0.97,0.30819444444444444,0.0,17.2,0.5553275894412435,0.0013785497026811422,0.5323090481533786,57.16550653869918,0.5736418087490259,0.028070175438596492,0.9553264604810997,0.32352520045819033,0.030000000000000027,16.391752577319586,0.5331140676178425,0.0008050194644638742,candidate_threshold_optimization
E,0.95,0.543461503225165,57.73003308752355,0.5787367609571237,0.02275413711583924,0.9710996563573884,0.3126095360824742,0.015000000000000013,16.770876288659792,0.5438981756080217,0.0004366723828567176,0.5541954514602014,58.267600132512584,0.5835621181268681,0.01773049645390071,0.98,0.30541666666666667,0.0,17.15,0.5553275894412435,0.0011321379810420584,0.5327275549901285,57.19246604253452,0.5739114037873794,0.027777777777777776,0.9621993127147767,0.31980240549828176,0.030000000000000027,16.391752577319586,0.5331140676178425,0.0003865126277140529,candidate_threshold_optimization
E,0.96,0.5432727148193716,57.725329504676175,0.5786897251286499,0.02417137067592995,0.9728178694158076,0.3126095360824742,0.015000000000000013,16.91262886597938,0.5438981756080217,0.0006254607886501118,0.5541954514602014,58.267600132512584,0.5835621181268681,0.01773049645390071,0.98,0.30541666666666667,0.0,17.15,0.5553275894412435,0.0011321379810420584,0.5323499781785417,57.183058876839766,0.5738173321304317,0.030612244897959183,0.9656357388316151,0.31980240549828176,0.030000000000000027,16.675257731958762,0.5331140676178425,0.0007640894393008413,candidate_threshold_optimization
E,0.97,0.5432008364937614,57.72687592182879,0.578705189300176,0.023865248226950353,0.9745360824742269,0.3144709335624285,0.015000000000000013,16.925515463917527,0.5438981756080217,0.0006973391142602869,0.5541954514602014,58.267600132512584,0.5835621181268681,0.01773049645390071,0.98,0.30541666666666667,0.0,17.15,0.5553275894412435,0.0011321379810420584,0.5322062215273213,57.186151711144994,0.573848260473484,0.03,0.9690721649484536,0.32352520045819033,0.030000000000000027,16.701030927835053,0.5331140676178425,0.0009078460905211916,candidate_threshold_optimization
E,0.98,0.5431633364937614,57.725625921828794,0.578692689300176,0.023771929824561402,0.9745360824742269,0.3144709335624285,0.015000000000000013,16.950515463917526,0.5438981756080217,0.0007348391142603106,0.5541204514602015,58.26510013251259,0.5835371181268681,0.017543859649122806,0.98,0.30541666666666667,0.0,17.2,0.5553275894412435,0.0012071379810419947,0.5322062215273213,57.186151711144994,0.573848260473484,0.03,0.9690721649484536,0.32352520045819033,0.030000000000000027,16.701030927835053,0.5331140676178425,0.0009078460905211916,candidate_threshold_optimization
E,0.99,0.5431633364937614,57.725625921828794,0.578692689300176,0.02350340136054422,0.9745360824742269,0.3144709335624285,0.015000000000000013,16.950515463917526,0.5438981756080217,0.0007348391142603106,0.5541204514602015,58.26510013251259,0.5835371181268681,0.017006802721088437,0.98,0.30541666666666667,0.0,17.2,0.5553275894412435,0.0012071379810419947,0.5322062215273213,57.186151711144994,0.573848260473484,0.03,0.9690721649484536,0.32352520045819033,0.030000000000000027,16.701030927835053,0.5331140676178425,0.0009078460905211916,candidate_threshold_optimization
E,1.0,0.5431633364937614,57.725625921828794,0.578692689300176,0.025,0.9745360824742269,0.3144709335624285,0.015000000000000013,16.950515463917526,0.5438981756080217,0.0007348391142603106,0.5541204514602014,58.26510013251259,0.583537118126868,0.02,0.98,0.30541666666666667,0.0,17.2,0.5553275894412435,0.0012071379810421057,0.5322062215273213,57.186151711144994,0.573848260473484,0.03,0.9690721649484536,0.32352520045819033,0.030000000000000027,16.701030927835053,0.5331140676178425,0.0009078460905211916,candidate_threshold_optimization
F,0.0,0.6101031092265737,64.44769454677096,0.6459133755495978,0.0,0.7590034364261169,0.3142418384879725,0.015000000000000013,17.240592783505154,0.6296008364937613,0.01949772726718757,0.6269160478971493,65.52438199842959,0.6561299367860381,0.0,0.8066666666666666,0.3109722222222222,0.0,16.775,0.6423954514602014,0.015479403563052108,0.5932901705559982,63.37100709511233,0.6356968143131574,0.0,0.711340206185567,0.3175114547537228,0.030000000000000027,17.70618556701031,0.6168062215273213,0.023516050971323144,candidate_threshold_optimization
F,0.01,0.6104220257621817,64.48134593687243,0.6462498894506126,0.0,0.7623367697594502,0.31431128293241695,0.015000000000000013,17.25541237113402,0.6296008364937613,0.019178810731579565,0.627783520143623,65.59918477863252,0.6568779645880676,0.0,0.8133333333333334,0.3111111111111111,0.0,16.65,0.6423954514602014,0.014611931316578342,0.5930605313807406,63.363507095112325,0.6356218143131575,0.0,0.711340206185567,0.3175114547537228,0.030000000000000027,17.86082474226804,0.6168062215273213,0.02374569014658079,candidate_threshold_optimization
F,0.02,0.6107220257621819,64.50134593687243,0.6464498894506125,0.0,0.7640034364261168,0.31431128293241695,0.015000000000000013,17.15541237113402,0.6296008364937613,0.018878810731579376,0.6283835201436232,65.63918477863253,0.6572779645880676,0.0,0.8166666666666667,0.3111111111111111,0.0,16.45,0.6423954514602014,0.014011931316578186,0.5930605313807406,63.363507095112325,0.6356218143131575,0.0,0.711340206185567,0.3175114547537228,0.030000000000000027,17.86082474226804,0.6168062215273213,0.02374569014658079,candidate_threshold_optimization
F,0.03,0.6113276632158732,64.56036615417742,0.6470400916236623,0.0,0.7707216494845361,0.3139640607101948,0.015000000000000013,17.153865979381443,0.6296008364937613,0.018273173277888133,0.6291417022675005,65.7222252132425,0.6581083689341671,0.0,0.8266666666666667,0.3104166666666668,0.0,16.55,0.6423954514602014,0.013253749192700837,0.5935136241642458,63.398507095112336,0.6359718143131575,0.0,0.7147766323024055,0.3175114547537228,0.030000000000000027,17.757731958762886,0.6168062215273213,0.02329259736307554,candidate_threshold_optimization
F,0.04,0.610992482803502,64.51911615417741,0.6466275916236623,0.0,0.7655670103092784,0.3139640607101948,0.015000000000000013,17.07654639175258,0.6296008364937613,0.01860835369025926,0.6291417022675005,65.7222252132425,0.6581083689341671,0.0,0.8266666666666667,0.3104166666666668,0.0,16.55,0.6423954514602014,0.013253749192700837,0.5928432633395035,63.316007095112326,0.6351468143131576,0.0,0.7044673539518901,0.3175114547537228,0.030000000000000027,17.603092783505154,0.6168062215273213,0.023962958187817796,candidate_threshold_optimization
F,0.05,0.610992482803502,64.51911615417741,0.6466275916236623,0.0,0.7655670103092784,0.3139640607101948,0.015000000000000013,17.07654639175258,0.6296008364937613,0.01860835369025926,0.6291417022675005,65.7222252132425,0.6581083689341671,0.0,0.8266666666666667,0.3104166666666668,0.0,16.55,0.6423954514602014,0.013253749192700837,0.5928432633395035,63.316007095112326,0.6351468143131576,0.0,0.7044673539518901,0.3175114547537228,0.030000000000000027,17.603092783505154,0.6168062215273213,0.023962958187817796,candidate_threshold_optimization
F,0.06,0.611693524280374,64.60309344046715,0.6474673644865596,0.0,0.7756701030927835,0.31403350515463924,0.015000000000000013,17.2125,0.6296008364937613,0.01790731221338726,0.6297906924377396,65.82517978582196,0.6591379146599617,0.0,0.84,0.3105555555555557,0.0,16.925,0.6423954514602014,0.012604759022461831,0.5935963561230085,63.38100709511233,0.6357968143131574,0.0,0.711340206185567,0.3175114547537228,0.030000000000000027,17.5,0.6168062215273213,0.0232098654043128,candidate_threshold_optimization
F,0.07,0.6116927510844977,64.59309344046714,0.6473673644865596,0.0,0.7740549828178694,0.31403350515463924,0.015000000000000013,17.11327319587629,0.6296008364937613,0.017908085409263585,0.6295656924377395,65.77767978582196,0.6586629146599617,0.0,0.8333333333333334,0.3105555555555557,0.0,16.675,0.6423954514602014,0.012829759022461862,0.5938198097312559,63.408507095112334,0.6360718143131574,0.0,0.7147766323024055,0.3175114547537228,0.030000000000000027,17.551546391752577,0.6168062215273213,0.02298641179606542,candidate_threshold_optimization
F,0.08,0.6116715029210145,64.6077212014384,0.6475136420962722,0.0,0.7774914089347079,0.31403350515463924,0.015000000000000013,17.280798969072166,0.6296008364937613,0.01792933357274684,0.6295656924377395,65.77767978582196,0.6586629146599617,0.0,0.8333333333333334,0.3105555555555557,0.0,16.675,0.6423954514602014,0.012829759022461862,0.5937773134042894,63.43776261705484,0.6363643695325826,0.0,0.7216494845360825,0.3175114547537228,0.030000000000000027,17.88659793814433,0.6168062215273213,0.023028908123031933,candidate_threshold_optimization
F,0.09,0.6121412792365833,64.67011549966196,0.6481375850785077,0.0,0.7842611683848797,0.31570017182130583,0.015000000000000013,17.368298969072164,0.6296008364937613,0.01745955725717796,0.629788729634103,65.83081683879163,0.6591942851896586,0.0,0.84,0.3138888888888889,0.0,16.85,0.6423954514602014,0.012606721826098344,0.5944938288390637,63.50941416053227,0.6370808849673568,0.0,0.7285223367697594,0.3175114547537228,0.030000000000000027,17.88659793814433,0.6168062215273213,0.022312392688257687,candidate_threshold_optimization
F,0.1,0.6123075186491699,64.70017586703744,0.6484381887522627,0.0,0.7893127147766323,0.31591494845360824,0.015000000000000013,17.494072164948456,0.6296008364937613,0.017293317844591427,0.630088729634103,65.88081683879163,0.6596942851896586,0.0,0.8466666666666667,0.3138888888888889,0.0,17.05,0.6423954514602014,0.012306721826098377,0.5945263076642368,63.51953489528326,0.6371820923148668,0.0,0.7319587628865979,0.3179410080183276,0.030000000000000027,17.938144329896907,0.6168062215273213,0.02227991386308459,candidate_threshold_optimization
F,0.11,0.6137847833079955,64.82970788847557,0.6497335089666438,0.0,0.8029553264604812,0.3158476517754869,0.015000000000000013,17.314819587628868,0.6296008364937613,0.015816053185765844,0.6307952950194194,65.94286226621216,0.6603147394638639,0.0,0.8533333333333334,0.3136111111111113,0.0,16.975,0.6423954514602014,0.011600156440781939,0.5967742715965715,63.71655351073897,0.6391522784694238,0.0,0.7525773195876289,0.3180841924398625,0.030000000000000027,17.65463917525773,0.6168062215273213,0.02003194993074986,candidate_threshold_optimization
F,0.12,0.6135709415958919,64.81207371726522,0.6495571672545403,0.0,0.8012886597938145,0.3145976517754868,0.015000000000000013,17.402319587628867,0.6296008364937613,0.016029894897869434,0.6303676115952123,65.90759392379147,0.6599620560396567,0.0,0.85,0.3111111111111111,0.0,17.15,0.6423954514602014,0.01202783986498912,0.5967742715965715,63.71655351073897,0.6391522784694238,0.0,0.7525773195876289,0.3180841924398625,0.030000000000000027,17.65463917525773,0.6168062215273213,0.02003194993074986,candidate_threshold_optimization
F,0.13,0.6135709415958919,64.81207371726522,0.6495571672545403,0.0,0.8012886597938145,0.3145976517754868,0.015000000000000013,17.402319587628867,0.6296008364937613,0.016029894897869434,0.6303676115952123,65.90759392379147,0.6599620560396567,0.0,0.85,0.3111111111111111,0.0,17.15,0.6423954514602014,0.01202783986498912,0.5967742715965715,63.71655351073897,0.6391522784694238,0.0,0.7525773195876289,0.3180841924398625,0.030000000000000027,17.65463917525773,0.6168062215273213,0.02003194993074986,candidate_threshold_optimization
F,0.14,0.6143209415958919,64.85707371726522,0.6500071672545402,0.0,0.8046219931271478,0.3145976517754868,0.015000000000000013,17.102319587628866,0.6296008364937613,0.015279894897869406,0.6318676115952123,65.99759392379147,0.6608620560396568,0.0,0.8566666666666667,0.3111111111111111,0.0,16.55,0.6423954514602014,0.010527839864989064,0.5967742715965715,63.71655351073897,0.6391522784694238,0.0,0.7525773195876289,0.3180841924398625,0.030000000000000027,17.65463917525773,0.6168062215273213,0.02003194993074986,candidate_threshold_optimization
F,0.15,0.6148365698602449,64.91221615423888,0.6505585916242769,0.0,0.8114948453608248,0.3158147193585338,0.015000000000000013,17.08943298969072,0.6296008364937613,0.014764266633516376,0.6318676115952123,65.99759392379147,0.6608620560396568,0.0,0.8566666666666667,0.3111111111111111,0.0,16.55,0.6423954514602014,0.010527839864989064,0.5978055281252774,63.82683838468628,0.6402551272088971,0.0,0.7663230240549829,0.32051832760595644,0.030000000000000027,17.628865979381445,0.6168062215273213,0.01900069340204391,candidate_threshold_optimization
F,0.16,0.6148365698602449,64.91221615423888,0.6505585916242769,0.0,0.8114948453608248,0.3158147193585338,0.015000000000000013,17.08943298969072,0.6296008364937613,0.014764266633516376,0.6318676115952123,65.99759392379147,0.6608620560396568,0.0,0.8566666666666667,0.3111111111111111,0.0,16.55,0.6423954514602014,0.010527839864989064,0.5978055281252774,63.82683838468628,0.6402551272088971,0.0,0.7663230240549829,0.32051832760595644,0.030000000000000027,17.628865979381445,0.6168062215273213,0.01900069340204391,candidate_threshold_optimization
F,0.17,0.6156990698602449,64.98096615423887,0.6512460916242769,0.0,0.8181615120274914,0.3158147193585338,0.015000000000000013,16.914432989690724,0.6296008364937613,0.013901766633516388,0.6335926115952123,66.13509392379146,0.6622370560396568,0.0,0.87,0.3111111111111111,0.0,16.2,0.6423954514602014,0.008802839864989087,0.5978055281252774,63.82683838468628,0.6402551272088971,0.0,0.7663230240549829,0.32051832760595644,0.030000000000000027,17.628865979381445,0.6168062215273213,0.01900069340204391,candidate_threshold_optimization
F,0.18,0.6156990698602449,64.98096615423887,0.6512460916242769,0.0,0.8181615120274914,0.3158147193585338,0.015000000000000013,16.914432989690724,0.6296008364937613,0.013901766633516388,0.6335926115952123,66.13509392379146,0.6622370560396568,0.0,0.87,0.3111111111111111,0.0,16.2,0.6423954514602014,0.008802839864989087,0.5978055281252774,63.82683838468628,0.6402551272088971,0.0,0.7663230240549829,0.32051832760595644,0.030000000000000027,17.628865979381445,0.6168062215273213,0.01900069340204391,candidate_threshold_optimization
F,0.19,0.615314150441971,64.94893755719959,0.650925805653884,0.0,0.814828178694158,0.3143828751431844,0.015000000000000013,17.036340206185564,0.6296008364937613,0.014286686051790287,0.6323176115952123,66.05259392379146,0.6614120560396568,0.0,0.8633333333333333,0.3111111111111111,0.0,16.65,0.6423954514602014,0.010077839864989113,0.5983106892887297,63.84528119060771,0.6404395552681111,0.0,0.7663230240549829,0.3176546391752577,0.030000000000000027,17.422680412371133,0.6168062215273213,0.018495532238591683,candidate_threshold_optimization
F,0.2,0.6152556341972439,64.94822482161577,0.6509186782980458,0.0,0.814828178694158,0.3141050973654067,0.015000000000000013,17.098840206185564,0.6296008364937613,0.014345202296517368,0.6322005791057583,66.05116845262383,0.6613978013279805,0.0,0.8633333333333333,0.3105555555555557,0.0,16.775,0.6423954514602014,0.010194872354443052,0.5983106892887297,63.84528119060771,0.6404395552681111,0.0,0.7663230240549829,0.3176546391752577,0.030000000000000027,17.422680412371133,0.6168062215273213,0.018495532238591683,candidate_threshold_optimization
F,0.21,0.6166439073931202,65.07447482161578,0.6521811782980458,0.0,0.8282646048109965,0.3141050973654067,0.015000000000000013,16.97306701030928,0.6296008364937613,0.012956929100641057,0.6343005791057582,66.24116845262384,0.6632978013279804,0.0,0.8833333333333333,0.3105555555555557,0.0,16.575,0.6423954514602014,0.008094872354443172,0.5989872356804823,63.90778119060771,0.6410645552681111,0.0,0.7731958762886598,0.3176546391752577,0.030000000000000027,17.371134020618555,0.6168062215273213,0.017818985846839053,candidate_threshold_optimization
F,0.22,0.6170555640294728,65.11721551388791,0.6526085852207673,0.0,0.8334192439862542,0.3141766895761742,0.015000000000000013,16.98595360824742,0.6296008364937613,0.012545272464288493,0.6343005791057582,66.24116845262384,0.6632978013279804,0.0,0.8833333333333333,0.3105555555555557,0.0,16.575,0.6423954514602014,0.008094872354443172,0.5998105489531874,63.99326257515199,0.6419193691135541,0.0,0.7835051546391752,0.31779782359679265,0.030000000000000027,17.396907216494846,0.6168062215273213,0.016995672574133924,candidate_threshold_optimization
F,0.23,0.6170555640294728,65.11721551388791,0.6526085852207673,0.0,0.8334192439862542,0.3141766895761742,0.015000000000000013,16.98595360824742,0.6296008364937613,0.012545272464288493,0.6343005791057582,66.24116845262384,0.6632978013279804,0.0,0.8833333333333333,0.3105555555555557,0.0,16.575,0.6423954514602014,0.008094872354443172,0.5998105489531874,63.99326257515199,0.6419193691135541,0.0,0.7835051546391752,0.31779782359679265,0.030000000000000027,17.396907216494846,0.6168062215273213,0.016995672574133924,candidate_threshold_optimization
F,0.24,0.6167907444418439,65.09846551388792,0.6524210852207672,0.0,0.831701030927835,0.3141766895761742,0.015000000000000013,17.063273195876288,0.6296008364937613,0.01281009205191741,0.6343005791057582,66.24116845262384,0.6632978013279804,0.0,0.8833333333333333,0.3105555555555557,0.0,16.575,0.6423954514602014,0.008094872354443172,0.5992809097779297,63.95576257515199,0.6415443691135541,0.0,0.7800687285223368,0.31779782359679265,0.030000000000000027,17.551546391752577,0.6168062215273213,0.017525311749391648,candidate_threshold_optimization
F,0.25,0.6167907444418439,65.09846551388792,0.6524210852207672,0.0,0.831701030927835,0.3141766895761742,0.015000000000000013,17.063273195876288,0.6296008364937613,0.01281009205191741,0.6343005791057582,66.24116845262384,0.6632978013279804,0.0,0.8833333333333333,0.3105555555555557,0.0,16.575,0.6423954514602014,0.008094872354443172,0.5992809097779297,63.95576257515199,0.6415443691135541,0.0,0.7800687285223368,0.31779782359679265,0.030000000000000027,17.551546391752577,0.6168062215273213,0.017525311749391648,candidate_threshold_optimization
F,0.26,0.6179372051873362,65.20953197789876,0.6535317498608757,0.0,0.8437285223367698,0.31424828178694164,0.015000000000000013,17.024613402061853,0.6296008364937613,0.011663631306425115,0.6343005791057582,66.24116845262384,0.6632978013279804,0.0,0.8833333333333333,0.3105555555555557,0.0,16.575,0.6423954514602014,0.008094872354443172,0.6015738312689143,64.1778955031737,0.6437656983937711,0.0,0.8041237113402062,0.3179410080183276,0.030000000000000027,17.47422680412371,0.6168062215273213,0.015232390258407058,candidate_threshold_optimization
F,0.27,0.618194761853327,65.23528764449783,0.6537893065268665,0.0,0.8470618556701031,0.31424828178694164,0.015000000000000013,17.024613402061853,0.6296008364937613,0.011406074640434305,0.6348156924377396,66.29267978582196,0.6638129146599618,0.0,0.89,0.3105555555555557,0.0,16.575,0.6423954514602014,0.007579759022461774,0.6015738312689143,64.1778955031737,0.6437656983937711,0.0,0.8041237113402062,0.3179410080183276,0.030000000000000027,17.47422680412371,0.6168062215273213,0.015232390258407058,candidate_threshold_optimization
F,0.28,0.618194761853327,65.23528764449783,0.6537893065268665,0.0,0.8470618556701031,0.31424828178694164,0.015000000000000013,17.024613402061853,0.6296008364937613,0.011406074640434305,0.6348156924377396,66.29267978582196,0.6638129146599618,0.0,0.89,0.3105555555555557,0.0,16.575,0.6423954514602014,0.007579759022461774,0.6015738312689143,64.1778955031737,0.6437656983937711,0.0,0.8041237113402062,0.3179410080183276,0.030000000000000027,17.47422680412371,0.6168062215273213,0.015232390258407058,candidate_threshold_optimization
F,0.29,0.6183769073639164,65.24892029406766,0.6539256330225647,0.0,0.8487800687285223,0.3143914662084766,0.015000000000000013,16.97306701030928,0.6296008364937613,0.011223929129844934,0.6348156924377396,66.29267978582196,0.6638129146599618,0.0,0.89,0.3105555555555557,0.0,16.575,0.6423954514602014,0.007579759022461774,0.6019381222900931,64.20516080231334,0.6440383513851675,0.0,0.8075601374570447,0.31822737686139746,0.030000000000000027,17.371134020618555,0.6168062215273213,0.014868099237228205,candidate_threshold_optimization
F,0.3,0.6184727029441469,65.26905540764626,0.6541269841583508,0.004629629629629629,0.850446735395189,0.31578035509736546,0.015000000000000013,17.023067010309276,0.6296008364937613,0.011128133549614394,0.6350072835982007,66.33295001297918,0.664215616931534,0.009259259259259259,0.8933333333333333,0.31333333333333346,0.0,16.675,0.6423954514602014,0.007388167862000694,0.6019381222900931,64.20516080231334,0.6440383513851675,0.0,0.8075601374570447,0.31822737686139746,0.030000000000000027,17.371134020618555,0.6168062215273213,0.014868099237228205,candidate_threshold_optimization
F,0.31,0.6182461565523943,65.25155540764626,0.6539519841583508,0.004629629629629629,0.8487285223367698,0.31578035509736546,0.015000000000000013,17.074613402061857,0.6296008364937613,0.011354679941366963,0.6350072835982007,66.33295001297918,0.664215616931534,0.009259259259259259,0.8933333333333333,0.31333333333333346,0.0,16.675,0.6423954514602014,0.007388167862000694,0.601485029506588,64.17016080231333,0.6436883513851676,0.0,0.8041237113402062,0.31822737686139746,0.030000000000000027,17.47422680412371,0.6168062215273213,0.015321192020733343,candidate_threshold_optimization
F,0.32,0.6188269999507665,65.30700801781568,0.6545065102600449,0.0045045045045045045,0.8556013745704467,0.3169974226804124,0.015000000000000013,16.999613402061854,0.6296008364937613,0.010773836542994797,0.6352322835982008,66.34045001297919,0.6642906169315341,0.009009009009009009,0.8933333333333333,0.31333333333333346,0.0,16.525,0.6423954514602014,0.007163167862000552,0.6024217163033323,64.27356602265216,0.6447224035885557,0.0,0.8178694158075601,0.3206615120274914,0.030000000000000027,17.47422680412371,0.6168062215273213,0.014384505223989041,candidate_threshold_optimization
F,0.33,0.6189058659301481,65.30950801781567,0.6545315102600449,0.0043859649122807015,0.8556529209621992,0.3169974226804124,0.015000000000000013,16.945747422680412,0.6296008364937613,0.010694970563613238,0.6347072835982008,66.30295001297918,0.6639156169315341,0.008771929824561403,0.89,0.31333333333333346,0.0,16.675,0.6423954514602014,0.00768816786200055,0.6031044482620952,64.31606602265217,0.6451474035885557,0.0,0.8213058419243986,0.3206615120274914,0.030000000000000027,17.216494845360824,0.6168062215273213,0.013701773265226147,candidate_threshold_optimization
F,0.34,0.6191528814788838,65.35025481896646,0.6549389782715529,0.0,0.8606529209621994,0.31714275486827037,0.015000000000000013,17.100386597938147,0.6296008364937613,0.010447955014877497,0.6357275894412435,66.4044250417279,0.6649303672190213,0.0,0.9,0.31319444444444455,0.0,16.675,0.6423954514602014,0.00666786201895786,0.6025781735165242,64.29608459620502,0.6449475893240844,0.0,0.8213058419243986,0.3210910652920962,0.030000000000000027,17.52577319587629,0.6168062215273213,0.014228048010797134,candidate_threshold_optimization
F,0.35,0.6191528814788838,65.35025481896646,0.6549389782715529,0.003968253968253968,0.8606529209621994,0.31714275486827037,0.015000000000000013,17.100386597938147,0.6296008364937613,0.010447955014877497,0.6357275894412435,66.4044250417279,0.6649303672190213,0.007936507936507936,0.9,0.31319444444444455,0.0,16.675,0.6423954514602014,0.00666786201895786,0.6025781735165242,64.29608459620502,0.6449475893240844,0.0,0.8213058419243986,0.3210910652920962,0.030000000000000027,17.52577319587629,0.6168062215273213,0.014228048010797134,candidate_threshold_optimization
F,0.36,0.6192420627862019,65.36397535519654,0.6550761836338537,0.008149473265752336,0.8606529209621994,0.31542454180985113,0.015000000000000013,17.21713917525773,0.6296008364937613,0.010358773707559443,0.6358025894412435,66.4069250417279,0.6649553672190213,0.007751937984496124,0.9,0.31319444444444455,0.0,16.625,0.6423954514602014,0.0065928620189579235,0.6026815361311602,64.32102566866519,0.645197000048686,0.008547008547008548,0.8213058419243986,0.3176546391752577,0.030000000000000027,17.809278350515463,0.6168062215273213,0.014124685396161185,candidate_threshold_optimization
F,0.37,0.6194897584104035,65.3951882165858,0.6553883122477462,0.003787878787878788,0.8640893470790378,0.31542454180985113,0.015000000000000013,17.281572164948454,0.6296008364937613,0.01011107808335776,0.6358025894412435,66.4069250417279,0.6649553672190213,0.007575757575757576,0.9,0.31319444444444455,0.0,16.625,0.6423954514602014,0.0065928620189579235,0.6031769273795637,64.38345139144369,0.645821257276471,0.0,0.8281786941580757,0.3176546391752577,0.030000000000000027,17.938144329896907,0.6168062215273213,0.013629294147757598,candidate_threshold_optimization
F,0.38,0.6194897584104037,65.4051882165858,0.6554883122477462,0.0,0.8657560137457045,0.31542454180985113,0.015000000000000013,17.38157216494845,0.6296008364937613,0.01011107808335765,0.6358025894412436,66.4269250417279,0.6651553672190214,0.0,0.9033333333333333,0.31319444444444455,0.0,16.825,0.6423954514602014,0.006592862018957812,0.6031769273795637,64.38345139144369,0.645821257276471,0.0,0.8281786941580757,0.3176546391752577,0.030000000000000027,17.938144329896907,0.6168062215273213,0.013629294147757598,candidate_threshold_optimization
F,0.39,0.6198300395071332,65.42461151526217,0.6556825452345101,0.0040650406504065045,0.8674742268041238,0.31563931844215354,0.015000000000000013,17.226932989690724,0.6296008364937613,0.009770796986628083,0.6358025894412436,66.4269250417279,0.6651553672190214,0.0,0.9033333333333333,0.31319444444444455,0.0,16.825,0.6423954514602014,0.006592862018957812,0.6038574895730228,64.42229798879646,0.6462097232499987,0.008130081300813009,0.8316151202749141,0.3180841924398625,0.030000000000000027,17.628865979381445,0.6168062215273213,0.012948731954298576,candidate_threshold_optimization
F,0.4,0.6202198865856119,65.45387400088782,0.6559751700907664,0.0040650406504065045,0.8708075601374571,0.315708762886598,0.015000000000000013,17.126932989690722,0.6296008364937613,0.009380949908149416,0.6365822835982009,66.48545001297919,0.6657406169315342,0.0,0.91,0.31333333333333346,0.0,16.625,0.6423954514602014,0.005813167862000479,0.6038574895730228,64.42229798879646,0.6462097232499987,0.008130081300813009,0.8316151202749141,0.3180841924398625,0.030000000000000027,17.628865979381445,0.6168062215273213,0.012948731954298576,candidate_threshold_optimization
F,0.41,0.6214787249335202,65.57961465125712,0.6572325765944594,0.003472222222222222,0.8862714776632303,0.31599513172966787,0.015000000000000013,17.114046391752577,0.6296008364937613,0.008122111560241119,0.6365822835982009,66.48545001297919,0.6657406169315342,0.0,0.91,0.31333333333333346,0.0,16.625,0.6423954514602014,0.005813167862000479,0.6063751662688395,64.67377928953505,0.6487245362573847,0.006944444444444444,0.8625429553264605,0.31865693012600227,0.030000000000000027,17.603092783505154,0.6168062215273213,0.01043105525848187,candidate_threshold_optimization
F,0.42,0.6216852216978533,65.59512543880155,0.6573876844699038,0.006805555555555556,0.8879381443298969,0.3143979095074456,0.015000000000000013,17.126546391752576,0.6296008364937613,0.007915614795907966,0.6369952771268672,66.51647158806804,0.6660508326824228,0.006666666666666667,0.9133333333333333,0.31013888888888896,0.0,16.65,0.6423954514602014,0.005400174333334173,0.6063751662688395,64.67377928953505,0.6487245362573847,0.006944444444444444,0.8625429553264605,0.31865693012600227,0.030000000000000027,17.603092783505154,0.6168062215273213,0.01043105525848187,candidate_threshold_optimization
F,0.43,0.6216845430942923,65.59549858646378,0.657391415946526,0.00980392156862745,0.8880412371134021,0.3144695017182131,0.015000000000000013,17.128092783505153,0.6296008364937613,0.007916293399468977,0.6365452771268674,66.46147158806805,0.6655008326824229,0.013071895424836602,0.9066666666666666,0.31013888888888896,0.0,16.55,0.6423954514602014,0.005850174333334013,0.6068238090617172,64.72952558485949,0.649281999210629,0.006535947712418301,0.8694158075601375,0.3188001145475372,0.030000000000000027,17.70618556701031,0.6168062215273213,0.009982412465604162,candidate_threshold_optimization
F,0.44,0.6220220430942922,65.64674858646377,0.6579039159465259,0.009678230266465561,0.8947079037800687,0.3144695017182131,0.015000000000000013,17.303092783505154,0.6296008364937613,0.007578793399469097,0.6372202771268671,66.56397158806806,0.6665258326824227,0.01282051282051282,0.92,0.31013888888888896,0.0,16.9,0.6423954514602014,0.005175174333334254,0.6068238090617172,64.72952558485949,0.649281999210629,0.006535947712418301,0.8694158075601375,0.3188001145475372,0.030000000000000027,17.70618556701031,0.6168062215273213,0.009982412465604162,candidate_threshold_optimization
F,0.45,0.6235201555697071,65.77647535519654,0.6592011836338537,0.009317493594223153,0.9065807560137458,0.31542454180985113,0.015000000000000013,17.064046391752576,0.6296008364937613,0.006080680924054227,0.6386525894412435,66.6819250417279,0.6677053672190213,0.012345679012345678,0.93,0.31319444444444455,0.0,16.525,0.6423954514602014,0.0037428620189579043,0.6083877216981707,64.8710256686652,0.6506970000486861,0.006289308176100629,0.8831615120274914,0.3176546391752577,0.030000000000000027,17.603092783505154,0.6168062215273213,0.00841849982915066,candidate_threshold_optimization
F,0.46,0.6232111995862497,65.73771606842013,0.6588135907660895,0.008723316912972085,0.9015292096219931,0.31535294959908367,0.015000000000000013,16.98827319587629,0.6296008364937613,0.006389636907511598,0.6382025894412435,66.62692504172792,0.6671553672190214,0.011494252873563218,0.9233333333333333,0.31319444444444455,0.0,16.425,0.6423954514602014,0.004192862018957855,0.608219809731256,64.84850709511232,0.6504718143131575,0.005952380952380952,0.8797250859106529,0.3175114547537228,0.030000000000000027,17.551546391752577,0.6168062215273213,0.00858641179606534,candidate_threshold_optimization
F,0.47,0.623702873803305,65.77256504797217,0.6591620805616097,0.008671103044968743,0.9049656357388316,0.31563931844215354,0.015000000000000013,16.833634020618558,0.6296008364937613,0.005897962690456282,0.6382025894412435,66.62692504172792,0.6671553672190214,0.011494252873563218,0.9233333333333333,0.31319444444444455,0.0,16.425,0.6423954514602014,0.004192862018957855,0.6092031581653665,64.9182050542164,0.6511687939041981,0.005847953216374269,0.8865979381443299,0.3180841924398625,0.030000000000000027,17.242268041237114,0.6168062215273213,0.0076030633619548205,candidate_threshold_optimization
F,0.48,0.6234763274115525,65.75506504797215,0.6589870805616097,0.008620689655172414,0.9032474226804124,0.31563931844215354,0.015000000000000013,16.885180412371135,0.6296008364937613,0.006124509082208851,0.6382025894412435,66.62692504172792,0.6671553672190214,0.011494252873563218,0.9233333333333333,0.31319444444444455,0.0,16.425,0.6423954514602014,0.004192862018957855,0.6087500653818613,64.8832050542164,0.6508187939041981,0.005747126436781609,0.8831615120274914,0.3180841924398625,0.030000000000000027,17.34536082474227,0.6168062215273213,0.00805615614546007,candidate_threshold_optimization
F,0.49,0.6239676933909339,65.80131504797215,0.6594495805616097,0.00847457627118644,0.9083505154639175,0.31563931844215354,0.015000000000000013,16.85631443298969,0.6296008364937613,0.005633143102827365,0.6382025894412435,66.64692504172791,0.6673553672190213,0.011299435028248588,0.9266666666666666,0.31319444444444455,0.0,16.625,0.6423954514602014,0.004192862018957855,0.6097327973406242,64.9557050542164,0.6515437939041981,0.005649717514124294,0.8900343642611683,0.3180841924398625,0.030000000000000027,17.087628865979383,0.6168062215273213,0.007073424186697097,candidate_threshold_optimization
F,0.5,0.6246863500209485,65.85244187935851,0.6599608488754731,0.005510018214936248,0.9134536082474227,0.31585409507445594,0.015000000000000013,16.640335051546394,0.6296008364937613,0.004914486472812785,0.6388025894412434,66.6869250417279,0.6677553672190212,0.005555555555555556,0.93,0.31319444444444455,0.0,16.425,0.6423954514602014,0.003592862018958032,0.6105701106006537,65.01795871698911,0.6521663305319252,0.00546448087431694,0.8969072164948454,0.31851374570446733,0.030000000000000027,16.855670103092784,0.6168062215273213,0.0062361109266676484,candidate_threshold_optimization
F,0.51,0.6247950129785627,65.85881504797214,0.6600245805616096,0.005376344086021506,0.9133505154639174,0.31563931844215354,0.015000000000000013,16.603994845360823,0.6296008364937613,0.004805823515198648,0.6396275894412434,66.7544250417279,0.6684303672190213,0.005376344086021506,0.9366666666666666,0.31319444444444455,0.0,16.275,0.6423954514602014,0.002767862018957956,0.6099624365158819,64.9632050542164,0.6516187939041981,0.005376344086021506,0.8900343642611683,0.3180841924398625,0.030000000000000027,16.932989690721648,0.6168062215273213,0.006843785011439452,candidate_threshold_optimization
F,0.52,0.6250628998618031,65.90816960113008,0.6605181260931892,0.007853835978835978,0.9201718213058419,0.31535294959908367,0.015000000000000013,16.84110824742268,0.6296008364937613,0.004537936631958228,0.6391775894412436,66.75942504172791,0.6684803672190214,0.005291005291005291,0.94,0.31319444444444455,0.0,16.775,0.6423954514602014,0.0032178620189577956,0.6109482102823626,65.05691416053226,0.6525558849673568,0.010416666666666666,0.9003436426116839,0.3175114547537228,0.030000000000000027,16.90721649484536,0.6168062215273213,0.005858011244958772,candidate_threshold_optimization
F,0.53,0.6250628998618031,65.90816960113008,0.6605181260931892,0.007853835978835978,0.9201718213058419,0.31535294959908367,0.015000000000000013,16.84110824742268,0.6296008364937613,0.004537936631958228,0.6391775894412436,66.75942504172791,0.6684803672190214,0.005291005291005291,0.94,0.31319444444444455,0.0,16.775,0.6423954514602014,0.0032178620189577956,0.6109482102823626,65.05691416053226,0.6525558849673568,0.010416666666666666,0.9003436426116839,0.3175114547537228,0.030000000000000027,16.90721649484536,0.6168062215273213,0.005858011244958772,candidate_threshold_optimization
F,0.54,0.6250350588733655,65.90466958017866,0.6604831258836747,0.010337810337810338,0.9201718213058419,0.3154961340206186,0.015000000000000013,16.828221649484533,0.6296008364937613,0.004565777620395783,0.6391775894412436,66.75942504172791,0.6684803672190214,0.005291005291005291,0.94,0.31319444444444455,0.0,16.775,0.6423954514602014,0.0032178620189577956,0.6108925283054873,65.04991411862942,0.6524858845483282,0.015384615384615385,0.9003436426116839,0.31779782359679265,0.030000000000000027,16.88144329896907,0.6168062215273213,0.005913693221833993,candidate_threshold_optimization
F,0.55,0.6254123059519404,65.93283529605448,0.660764783042433,0.0076146076146076155,0.9235567010309278,0.3175007159221077,0.015000000000000013,16.652448453608248,0.6296008364937613,0.00418853054182089,0.6399275894412435,66.8044250417279,0.6689303672190213,0.005128205128205128,0.9433333333333334,0.31319444444444455,0.0,16.475,0.6423954514602014,0.002467862018957878,0.6108970224626373,65.06124555038106,0.6525991988658446,0.010101010101010102,0.9037800687285223,0.32180698739977087,0.030000000000000027,16.829896907216494,0.6168062215273213,0.005909199064684012,candidate_threshold_optimization
F,0.56,0.6253395966025737,65.92771212744083,0.6607135513562965,0.007539226942212016,0.9235567010309278,0.3177154925544101,0.015000000000000013,16.665335051546393,0.6296008364937613,0.0042612398911876515,0.6399275894412435,66.8044250417279,0.6689303672190213,0.005128205128205128,0.9433333333333334,0.31319444444444455,0.0,16.475,0.6423954514602014,0.002467862018957878,0.6107516037639039,65.05099921315376,0.6524967354935717,0.009950248756218905,0.9037800687285223,0.3222365406643757,0.030000000000000027,16.855670103092784,0.6168062215273213,0.006054617763417425,candidate_threshold_optimization
F,0.57,0.6251145966025737,65.92021212744083,0.6606385513562965,0.0075003769033619785,0.9235567010309278,0.3177154925544101,0.015000000000000013,16.81533505154639,0.6296008364937613,0.004486239891187571,0.6394775894412434,66.7894250417279,0.6687803672190212,0.005050505050505051,0.9433333333333334,0.31319444444444455,0.0,16.775,0.6423954514602014,0.0029178620189579396,0.6107516037639039,65.05099921315376,0.6524967354935717,0.009950248756218905,0.9037800687285223,0.3222365406643757,0.030000000000000027,16.855670103092784,0.6168062215273213,0.006054617763417425,candidate_threshold_optimization
F,0.58,0.6251895966025737,65.90271212744082,0.6604635513562964,0.009950248756218905,0.9202233676975945,0.3177154925544101,0.015000000000000013,16.56533505154639,0.6296008364937613,0.004411239891187635,0.6396275894412434,66.7544250417279,0.6684303672190213,0.009950248756218905,0.9366666666666666,0.31319444444444455,0.0,16.275,0.6423954514602014,0.002767862018957956,0.6107516037639039,65.05099921315376,0.6524967354935717,0.009950248756218905,0.9037800687285223,0.3222365406643757,0.030000000000000027,16.855670103092784,0.6168062215273213,0.006054617763417425,candidate_threshold_optimization
F,0.59,0.6251145966025737,65.90021212744082,0.6604385513562965,0.009806042252505587,0.9202233676975945,0.3177154925544101,0.015000000000000013,16.615335051546392,0.6296008364937613,0.004486239891187571,0.6394775894412434,66.74942504172789,0.6683803672190213,0.00966183574879227,0.9366666666666666,0.31319444444444455,0.0,16.375,0.6423954514602014,0.0029178620189579396,0.6107516037639039,65.05099921315376,0.6524967354935717,0.009950248756218905,0.9037800687285223,0.3222365406643757,0.030000000000000027,16.855670103092784,0.6168062215273213,0.006054617763417425,candidate_threshold_optimization
F,0.6,0.6251859404453856,65.8974854006109,0.6604112840879972,0.009737029140014215,0.9202233676975945,0.3161877147766323,0.015000000000000013,16.577835051546394,0.6296008364937613,0.004414896048375749,0.6396202771268672,66.74397158806805,0.6683258326824227,0.009523809523809525,0.9366666666666666,0.31013888888888896,0.0,16.3,0.6423954514602014,0.002775174333334185,0.6107516037639039,65.05099921315376,0.6524967354935717,0.009950248756218905,0.9037800687285223,0.3222365406643757,0.030000000000000027,16.855670103092784,0.6168062215273213,0.006054617763417425,candidate_threshold_optimization
F,0.61,0.6253359404453855,65.9124854006109,0.6605612840879972,0.009669960058860626,0.9218900343642611,0.3161877147766323,0.015000000000000013,16.577835051546394,0.6296008364937613,0.004264896048375766,0.6399202771268672,66.77397158806805,0.6686258326824227,0.009389671361502348,0.94,0.31013888888888896,0.0,16.3,0.6423954514602014,0.002475174333334218,0.6107516037639039,65.05099921315376,0.6524967354935717,0.009950248756218905,0.9037800687285223,0.3222365406643757,0.030000000000000027,16.855670103092784,0.6168062215273213,0.006054617763417425,candidate_threshold_optimization
F,0.62,0.6254328102395093,65.92858847395226,0.6607223148214107,0.009531590413943355,0.9235567010309278,0.3174985681557847,0.015000000000000013,16.589561855670105,0.6296008364937613,0.004168026254252055,0.6399572835982008,66.79795001297919,0.6688656169315341,0.009259259259259259,0.9433333333333334,0.31333333333333346,0.0,16.375,0.6423954514602014,0.002438167862000573,0.6109083368808178,65.05922693492533,0.6525790127112875,0.00980392156862745,0.9037800687285223,0.32166380297823594,0.030000000000000027,16.804123711340207,0.6168062215273213,0.005897884646503537,candidate_threshold_optimization
F,0.63,0.6255800730922846,65.93672827583919,0.6608037128402799,0.014153439153439154,0.925274914089347,0.3184292668957619,0.015000000000000013,16.48646907216495,0.6296008364937613,0.0040207634014767235,0.6399572835982008,66.79795001297919,0.6688656169315341,0.009259259259259259,0.9433333333333334,0.31333333333333346,0.0,16.375,0.6423954514602014,0.002438167862000573,0.6112028625863684,65.07550653869917,0.6527418087490259,0.01904761904761905,0.9072164948453608,0.32352520045819033,0.030000000000000027,16.5979381443299,0.6168062215273213,0.005603358940952985,candidate_threshold_optimization
F,0.64,0.6254675730922845,65.93297827583919,0.66076621284028,0.016373124592302675,0.925274914089347,0.3184292668957619,0.015000000000000013,16.561469072164947,0.6296008364937613,0.004133263401476794,0.6397322835982008,66.79045001297919,0.6687906169315341,0.0136986301369863,0.9433333333333334,0.31333333333333346,0.0,16.525,0.6423954514602014,0.002663167862000604,0.6112028625863684,65.07550653869917,0.6527418087490259,0.01904761904761905,0.9072164948453608,0.32352520045819033,0.030000000000000027,16.5979381443299,0.6168062215273213,0.005603358940952985,candidate_threshold_optimization
F,0.65,0.6254675730922845,65.93297827583919,0.66076621284028,0.016373124592302675,0.925274914089347,0.3184292668957619,0.015000000000000013,16.561469072164947,0.6296008364937613,0.004133263401476794,0.6397322835982008,66.79045001297919,0.6687906169315341,0.0136986301369863,0.9433333333333334,0.31333333333333346,0.0,16.525,0.6423954514602014,0.002663167862000604,0.6112028625863684,65.07550653869917,0.6527418087490259,0.01904761904761905,0.9072164948453608,0.32352520045819033,0.030000000000000027,16.5979381443299,0.6168062215273213,0.005603358940952985,candidate_threshold_optimization
F,0.66,0.6254675730922845,65.93297827583919,0.66076621284028,0.018586404270371084,0.925274914089347,0.3184292668957619,0.015000000000000013,16.561469072164947,0.6296008364937613,0.004133263401476794,0.6397322835982008,66.79045001297919,0.6687906169315341,0.0136986301369863,0.9433333333333334,0.31333333333333346,0.0,16.525,0.6423954514602014,0.002663167862000604,0.6112028625863684,65.07550653869917,0.6527418087490259,0.023474178403755867,0.9072164948453608,0.32352520045819033,0.030000000000000027,16.5979381443299,0.6168062215273213,0.005603358940952985,candidate_threshold_optimization
F,0.67,0.6255111031810934,65.93846530533861,0.6608210831352743,0.01833083083083083,0.925274914089347,0.3177849369988546,0.015000000000000013,16.598582474226802,0.6296008364937613,0.004089733312667931,0.6395822835982008,66.78545001297918,0.6687406169315341,0.013513513513513514,0.9433333333333334,0.31333333333333346,0.0,16.625,0.6423954514602014,0.0028131678620005873,0.611439922763986,65.09148059769805,0.6529015493390146,0.023148148148148147,0.9072164948453608,0.3222365406643757,0.030000000000000027,16.572164948453608,0.6168062215273213,0.0053662987633353865,candidate_threshold_optimization
F,0.68,0.6258475562102652,65.96810144445283,0.6611174445264165,0.01808219178082192,0.9287113402061855,0.31807130584192445,0.015000000000000013,16.54703608247423,0.6296008364937613,0.0037532802834960854,0.6395822835982008,66.78545001297918,0.6687406169315341,0.013333333333333334,0.9433333333333334,0.31333333333333346,0.0,16.625,0.6423954514602014,0.0028131678620005873,0.6121128288223298,65.15075287592647,0.6534942721212988,0.0228310502283105,0.9140893470790378,0.3228092783505154,0.030000000000000027,16.469072164948454,0.6168062215273213,0.0046933927049915836,candidate_threshold_optimization
F,0.69,0.6267314656859172,66.04145802775685,0.6618510103594567,0.022017543859649123,0.9355841924398626,0.3165678694158076,0.015000000000000013,16.456829896907216,0.6296008364937613,0.002869370807844107,0.6395822835982008,66.78545001297918,0.6687406169315341,0.013333333333333334,0.9433333333333334,0.31333333333333346,0.0,16.625,0.6423954514602014,0.0028131678620005873,0.6138806477736336,65.29746604253452,0.6549614037873793,0.03070175438596491,0.9278350515463918,0.31980240549828176,0.030000000000000027,16.288659793814432,0.6168062215273213,0.002925573753687738,candidate_threshold_optimization
F,0.7,0.6267314656859172,66.04145802775685,0.6618510103594567,0.022017543859649123,0.9355841924398626,0.3165678694158076,0.015000000000000013,16.456829896907216,0.6296008364937613,0.002869370807844107,0.6395822835982008,66.78545001297918,0.6687406169315341,0.013333333333333334,0.9433333333333334,0.31333333333333346,0.0,16.625,0.6423954514602014,0.0028131678620005873,0.6138806477736336,65.29746604253452,0.6549614037873793,0.03070175438596491,0.9278350515463918,0.31980240549828176,0.030000000000000027,16.288659793814432,0.6168062215273213,0.002925573753687738,candidate_threshold_optimization
F,0.71,0.6269981756080216,66.0628311963705,0.6620647420455932,0.02181818181818182,0.9373024054982818,0.31620990836197027,0.015000000000000013,16.418170103092784,0.6296008364937613,0.0026026608857396827,0.6395822835982008,66.78545001297918,0.6687406169315341,0.013333333333333334,0.9433333333333334,0.31333333333333346,0.0,16.625,0.6423954514602014,0.0028131678620005873,0.6144140676178425,65.34021237976182,0.6553888671596523,0.030303030303030304,0.9312714776632303,0.3190864833906071,0.030000000000000027,16.211340206185568,0.6168062215273213,0.002392153909478889,candidate_threshold_optimization
F,0.72,0.6269197388817935,66.05770802775686,0.6620135103594567,0.021623931623931624,0.9373024054982818,0.3165678694158076,0.015000000000000013,16.431056701030926,0.6296008364937613,0.0026810976119677754,0.6395822835982008,66.78545001297918,0.6687406169315341,0.013333333333333334,0.9433333333333334,0.31333333333333346,0.0,16.625,0.6423954514602014,0.0028131678620005873,0.6142571941653863,65.32996604253452,0.6552864037873793,0.029914529914529916,0.9312714776632303,0.31980240549828176,0.030000000000000027,16.237113402061855,0.6168062215273213,0.0025490273619350745,candidate_threshold_optimization
F,0.73,0.6272762356461268,66.0982188153013,0.662418618234901,0.019286269286269288,0.9423024054982818,0.31497064719358536,0.015000000000000013,16.54355670103093,0.6296008364937613,0.002324600847634528,0.6402952771268672,66.86647158806805,0.6695508326824228,0.008658008658008658,0.9533333333333334,0.31013888888888896,0.0,16.85,0.6423954514602014,0.0021001743333342038,0.6142571941653863,65.32996604253452,0.6552864037873793,0.029914529914529916,0.9312714776632303,0.31980240549828176,0.030000000000000027,16.237113402061855,0.6168062215273213,0.0025490273619350745,candidate_threshold_optimization
F,0.74,0.6271706331303897,66.11586589476997,0.6625950890295879,0.014617070172625729,0.9474570446735395,0.317190005727377,0.015000000000000013,16.736855670103093,0.6296008364937613,0.0024302033633716302,0.6402952771268672,66.86647158806805,0.6695508326824228,0.008658008658008658,0.9533333333333334,0.31013888888888896,0.0,16.85,0.6423954514602014,0.0021001743333342038,0.6140459891339121,65.36526020147188,0.655639345376753,0.0205761316872428,0.9415807560137457,0.324241122565865,0.030000000000000027,16.623711340206185,0.6168062215273213,0.0027602323934092787,candidate_threshold_optimization
F,0.75,0.6268141363660564,66.09535510722554,0.6623899811541435,0.014454732510288067,0.9457903780068728,0.31878722794959924,0.015000000000000013,16.824355670103092,0.6296008364937613,0.0027867001277048775,0.6395822835982008,66.82545001297919,0.669140616931534,0.008333333333333333,0.95,0.31333333333333346,0.0,17.025,0.6423954514602014,0.0028131678620005873,0.6140459891339121,65.36526020147188,0.655639345376753,0.0205761316872428,0.9415807560137457,0.324241122565865,0.030000000000000027,16.623711340206185,0.6168062215273213,0.0027602323934092787,candidate_threshold_optimization
F,0.76,0.6268777444760277,66.1129043489214,0.6625654735711022,0.01606425702811245,0.9490721649484536,0.317815005727377,0.015000000000000013,16.97512886597938,0.6296008364937613,0.002723092017733575,0.640086046209896,66.89304849637092,0.6698166017654515,0.012048192771084338,0.96,0.31138888888888894,0.0,17.275,0.6423954514602014,0.0023094052503054296,0.6136694427421595,65.33276020147188,0.6553143453767529,0.020080321285140562,0.9381443298969072,0.324241122565865,0.030000000000000027,16.675257731958762,0.6168062215273213,0.003136778785161831,candidate_threshold_optimization
F,0.77,0.6268042908677803,66.1004043489214,0.6624404735711023,0.01792885829030407,0.9473539518900344,0.317815005727377,0.015000000000000013,16.923582474226805,0.6296008364937613,0.002796545625980973,0.640086046209896,66.89304849637092,0.6698166017654515,0.012048192771084338,0.96,0.31138888888888894,0.0,17.275,0.6423954514602014,0.0023094052503054296,0.6135225355256647,65.30776020147188,0.655064345376753,0.023809523809523808,0.9347079037800687,0.324241122565865,0.030000000000000027,16.572164948453608,0.6168062215273213,0.003283686001656627,candidate_threshold_optimization
F,0.78,0.6269542908677803,66.10540434892141,0.6624904735711022,0.021661998132586367,0.9473539518900344,0.317815005727377,0.015000000000000013,16.823582474226804,0.6296008364937613,0.0026465456259809894,0.640386046209896,66.90304849637093,0.6699166017654515,0.015873015873015872,0.96,0.31138888888888894,0.0,17.075,0.6423954514602014,0.0020094052503053517,0.6135225355256647,65.30776020147188,0.655064345376753,0.027450980392156862,0.9347079037800687,0.324241122565865,0.030000000000000027,16.572164948453608,0.6168062215273213,0.003283686001656627,candidate_threshold_optimization
F,0.79,0.6273529268073712,66.13716513646582,0.6628080814465465,0.019448244414044687,0.9506872852233677,0.3162177835051547,0.015000000000000013,16.80644329896907,0.6296008364937613,0.002247909686390104,0.6407240397385623,66.95157007145978,0.6704018175163401,0.011764705882352941,0.9666666666666667,0.30819444444444444,0.0,17.35,0.6423954514602014,0.0016714117216390934,0.6139818138761801,65.32276020147188,0.6552143453767529,0.027131782945736434,0.9347079037800687,0.324241122565865,0.030000000000000027,16.262886597938145,0.6168062215273213,0.0028244076511412253,candidate_threshold_optimization
F,0.8,0.6273529268073712,66.13716513646582,0.6628080814465465,0.019448244414044687,0.9506872852233677,0.3162177835051547,0.015000000000000013,16.80644329896907,0.6296008364937613,0.002247909686390104,0.6407240397385623,66.95157007145978,0.6704018175163401,0.011764705882352941,0.9666666666666667,0.30819444444444444,0.0,17.35,0.6423954514602014,0.0016714117216390934,0.6139818138761801,65.32276020147188,0.6552143453767529,0.027131782945736434,0.9347079037800687,0.324241122565865,0.030000000000000027,16.262886597938145,0.6168062215273213,0.0028244076511412253,candidate_threshold_optimization
F,0.81,0.6271279268073713,66.11966513646584,0.6626330814465466,0.02131782945736434,0.9490206185567011,0.3162177835051547,0.015000000000000013,16.856443298969072,0.6296008364937613,0.0024729096863900235,0.6402740397385625,66.91657007145979,0.6700518175163402,0.015503875968992248,0.9633333333333334,0.30819444444444444,0.0,17.45,0.6423954514602014,0.0021214117216389328,0.6139818138761801,65.32276020147188,0.6552143453767529,0.027131782945736434,0.9347079037800687,0.324241122565865,0.030000000000000027,16.262886597938145,0.6168062215273213,0.0028244076511412253,candidate_threshold_optimization
F,0.82,0.627239653611495,66.13341513646583,0.6627705814465465,0.02116189967031988,0.9507388316151203,0.3162177835051547,0.015000000000000013,16.88221649484536,0.6296008364937613,0.0023611828822662773,0.6402740397385625,66.91657007145979,0.6700518175163402,0.015503875968992248,0.9633333333333334,0.30819444444444444,0.0,17.45,0.6423954514602014,0.0021214117216389328,0.6142052674844276,65.35026020147188,0.655489345376753,0.02681992337164751,0.9381443298969072,0.324241122565865,0.030000000000000027,16.314432989690722,0.6168062215273213,0.0026009540428937328,candidate_threshold_optimization
F,0.83,0.627239653611495,66.13341513646583,0.6627705814465465,0.02116189967031988,0.9507388316151203,0.3162177835051547,0.015000000000000013,16.88221649484536,0.6296008364937613,0.0023611828822662773,0.6402740397385625,66.91657007145979,0.6700518175163402,0.015503875968992248,0.9633333333333334,0.30819444444444444,0.0,17.45,0.6423954514602014,0.0021214117216389328,0.6142052674844276,65.35026020147188,0.655489345376753,0.02681992337164751,0.9381443298969072,0.324241122565865,0.030000000000000027,16.314432989690722,0.6168062215273213,0.0026009540428937328,candidate_threshold_optimization
F,0.84,0.6277680903377231,66.18353830507948,0.663271813132683,0.020920411006617904,0.9558419243986254,0.3158598224513174,0.015000000000000013,16.869329896907217,0.6296008364937613,0.001832746156038234,0.6405740397385623,66.94657007145979,0.6703518175163401,0.01532567049808429,0.9666666666666667,0.30819444444444444,0.0,17.45,0.6423954514602014,0.0018214117216390768,0.6149621409368838,65.42050653869917,0.6561918087490259,0.026515151515151516,0.9450171821305842,0.32352520045819033,0.030000000000000027,16.288659793814432,0.6168062215273213,0.0018440805904375024,candidate_threshold_optimization
F,0.85,0.6282211831212282,66.21853830507948,0.663621813132683,0.020771449481251883,0.9592783505154638,0.3158598224513174,0.015000000000000013,16.766237113402063,0.6296008364937613,0.0013796533725330962,0.6405740397385623,66.94657007145979,0.6703518175163401,0.01532567049808429,0.9666666666666667,0.30819444444444444,0.0,17.45,0.6423954514602014,0.0018214117216390768,0.6158683265038941,65.49050653869918,0.6568918087490259,0.026217228464419477,0.9518900343642611,0.32352520045819033,0.030000000000000027,16.082474226804123,0.6168062215273213,0.0009378950234272265,candidate_threshold_optimization
F,0.86,0.6285211831212283,66.23853830507949,0.663821813132683,0.020684371807967315,0.9609450171821305,0.3158598224513174,0.015000000000000013,16.66623711340206,0.6296008364937613,0.0010796533725330182,0.6411740397385624,66.98657007145978,0.6707518175163402,0.015151515151515152,0.97,0.30819444444444444,0.0,17.25,0.6423954514602014,0.0012214117216390319,0.6158683265038941,65.49050653869918,0.6568918087490259,0.026217228464419477,0.9518900343642611,0.32352520045819033,0.030000000000000027,16.082474226804123,0.6168062215273213,0.0009378950234272265,candidate_threshold_optimization
F,0.87,0.6286711831212283,66.25353830507947,0.663971813132683,0.01868686868686869,0.9626632302405498,0.3158598224513174,0.015000000000000013,16.66623711340206,0.6296008364937613,0.0009296533725330347,0.6411740397385624,66.98657007145978,0.6707518175163402,0.015151515151515152,0.97,0.30819444444444444,0.0,17.25,0.6423954514602014,0.0012214117216390319,0.6161683265038942,65.52050653869918,0.6571918087490259,0.022222222222222223,0.9553264604810997,0.32352520045819033,0.030000000000000027,16.082474226804123,0.6168062215273213,0.0006378950234271485,candidate_threshold_optimization
F,0.88,0.6284415439459705,66.24603830507948,0.663896813132683,0.021610845295055824,0.9626632302405498,0.3158598224513174,0.015000000000000013,16.820876288659793,0.6296008364937613,0.0011592925477907912,0.6411740397385624,66.98657007145978,0.6707518175163402,0.015151515151515152,0.97,0.30819444444444444,0.0,17.25,0.6423954514602014,0.0012214117216390319,0.6157090481533787,65.50550653869918,0.657041808749026,0.028070175438596492,0.9553264604810997,0.32352520045819033,0.030000000000000027,16.391752577319586,0.6168062215273213,0.0010971733739426615,candidate_threshold_optimization
F,0.89,0.6284415439459705,66.24603830507948,0.663896813132683,0.021610845295055824,0.9626632302405498,0.3158598224513174,0.015000000000000013,16.820876288659793,0.6296008364937613,0.0011592925477907912,0.6411740397385624,66.98657007145978,0.6707518175163402,0.015151515151515152,0.97,0.30819444444444444,0.0,17.25,0.6423954514602014,0.0012214117216390319,0.6157090481533787,65.50550653869918,0.657041808749026,0.028070175438596492,0.9553264604810997,0.32352520045819033,0.030000000000000027,16.391752577319586,0.6168062215273213,0.0010971733739426615,candidate_threshold_optimization
F,0.9,0.6284415439459705,66.24603830507948,0.663896813132683,0.021610845295055824,0.9626632302405498,0.3158598224513174,0.015000000000000013,16.820876288659793,0.6296008364937613,0.0011592925477907912,0.6411740397385624,66.98657007145978,0.6707518175163402,0.015151515151515152,0.97,0.30819444444444444,0.0,17.25,0.6423954514602014,0.0012214117216390319,0.6157090481533787,65.50550653869918,0.657041808749026,0.028070175438596492,0.9553264604810997,0.32352520045819033,0.030000000000000027,16.391752577319586,0.6168062215273213,0.0010971733739426615,candidate_threshold_optimization
F,0.91,0.6284415439459705,66.24603830507948,0.663896813132683,0.021610845295055824,0.9626632302405498,0.3158598224513174,0.015000000000000013,16.820876288659793,0.6296008364937613,0.0011592925477907912,0.6411740397385624,66.98657007145978,0.6707518175163402,0.015151515151515152,0.97,0.30819444444444444,0.0,17.25,0.6423954514602014,0.0012214117216390319,0.6157090481533787,65.50550653869918,0.657041808749026,0.028070175438596492,0.9553264604810997,0.32352520045819033,0.030000000000000027,16.391752577319586,0.6168062215273213,0.0010971733739426615,candidate_threshold_optimization
F,0.92,0.6284415439459705,66.24603830507948,0.663896813132683,0.021610845295055824,0.9626632302405498,0.3158598224513174,0.015000000000000013,16.820876288659793,0.6296008364937613,0.0011592925477907912,0.6411740397385624,66.98657007145978,0.6707518175163402,0.015151515151515152,0.97,0.30819444444444444,0.0,17.25,0.6423954514602014,0.0012214117216390319,0.6157090481533787,65.50550653869918,0.657041808749026,0.028070175438596492,0.9553264604810997,0.32352520045819033,0.030000000000000027,16.391752577319586,0.6168062215273213,0.0010971733739426615,candidate_threshold_optimization
F,0.93,0.6284790439459704,66.24728830507948,0.663909313132683,0.023294346978557506,0.9626632302405498,0.3158598224513174,0.015000000000000013,16.79587628865979,0.6296008364937613,0.0011217925477908786,0.6412490397385623,66.98907007145979,0.6707768175163401,0.018518518518518517,0.97,0.30819444444444444,0.0,17.2,0.6423954514602014,0.0011464117216390957,0.6157090481533787,65.50550653869918,0.657041808749026,0.028070175438596492,0.9553264604810997,0.32352520045819033,0.030000000000000027,16.391752577319586,0.6168062215273213,0.0010971733739426615,candidate_threshold_optimization
F,0.94,0.6284790439459704,66.24728830507948,0.663909313132683,0.023294346978557506,0.9626632302405498,0.3158598224513174,0.015000000000000013,16.79587628865979,0.6296008364937613,0.0011217925477908786,0.6412490397385623,66.98907007145979,0.6707768175163401,0.018518518518518517,0.97,0.30819444444444444,0.0,17.2,0.6423954514602014,0.0011464117216390957,0.6157090481533787,65.50550653869918,0.657041808749026,0.028070175438596492,0.9553264604810997,0.32352520045819033,0.030000000000000027,16.391752577319586,0.6168062215273213,0.0010971733739426615,candidate_threshold_optimization
F,0.95,0.6295615032251649,66.34003308752355,0.6648367609571237,0.02275413711583924,0.9710996563573884,0.3126095360824742,0.015000000000000013,16.770876288659792,0.6296008364937613,3.933326859639763e-05,0.6423954514602014,67.08760013251259,0.671762118126868,0.01773049645390071,0.98,0.30541666666666667,0.0,17.15,0.6423954514602014,0.0,0.6167275549901284,65.59246604253453,0.6579114037873793,0.027777777777777776,0.9621993127147767,0.31980240549828176,0.030000000000000027,16.391752577319586,0.6168062215273213,7.866653719290628e-05,candidate_threshold_optimization
F,0.96,0.6295227148193715,66.35032950467618,0.6649397251286499,0.02417137067592995,0.9728178694158076,0.3126095360824742,0.015000000000000013,16.91262886597938,0.6296008364937613,7.812167438980833e-05,0.6423954514602014,67.08760013251259,0.671762118126868,0.01773049645390071,0.98,0.30541666666666667,0.0,17.15,0.6423954514602014,0.0,0.6166499781785416,65.61305887683976,0.6581173321304317,0.030612244897959183,0.9656357388316151,0.31980240549828176,0.030000000000000027,16.675257731958762,0.6168062215273213,0.00015624334877972768,candidate_threshold_optimization
F,0.97,0.6296008364937613,66.36687592182878,0.665105189300176,0.023865248226950353,0.9745360824742269,0.3144709335624285,0.015000000000000013,16.925515463917527,0.6296008364937613,0.0,0.6423954514602014,67.08760013251259,0.671762118126868,0.01773049645390071,0.98,0.30541666666666667,0.0,17.15,0.6423954514602014,0.0,0.6168062215273213,65.64615171114498,0.658448260473484,0.03,0.9690721649484536,0.32352520045819033,0.030000000000000027,16.701030927835053,0.6168062215273213,0.0,candidate_threshold_optimization
F,0.98,0.6295633364937614,66.36562592182878,0.6650926893001761,0.023771929824561402,0.9745360824742269,0.3144709335624285,0.015000000000000013,16.950515463917526,0.6296008364937613,3.74999999999126e-05,0.6423204514602014,67.0851001325126,0.6717371181268681,0.017543859649122806,0.98,0.30541666666666667,0.0,17.2,0.6423954514602014,7.499999999993623e-05,0.6168062215273213,65.64615171114498,0.658448260473484,0.03,0.9690721649484536,0.32352520045819033,0.030000000000000027,16.701030927835053,0.6168062215273213,0.0,candidate_threshold_optimization
F,0.99,0.6295633364937614,66.36562592182878,0.6650926893001761,0.02350340136054422,0.9745360824742269,0.3144709335624285,0.015000000000000013,16.950515463917526,0.6296008364937613,3.74999999999126e-05,0.6423204514602014,67.0851001325126,0.6717371181268681,0.017006802721088437,0.98,0.30541666666666667,0.0,17.2,0.6423954514602014,7.499999999993623e-05,0.6168062215273213,65.64615171114498,0.658448260473484,0.03,0.9690721649484536,0.32352520045819033,0.030000000000000027,16.701030927835053,0.6168062215273213,0.0,candidate_threshold_optimization
F,1.0,0.6295633364937614,66.36562592182878,0.6650926893001761,0.025,0.9745360824742269,0.3144709335624285,0.015000000000000013,16.950515463917526,0.6296008364937613,3.74999999999126e-05,0.6423204514602014,67.0851001325126,0.6717371181268681,0.02,0.98,0.30541666666666667,0.0,17.2,0.6423954514602014,7.499999999993623e-05,0.6168062215273213,65.64615171114498,0.658448260473484,0.03,0.9690721649484536,0.32352520045819033,0.030000000000000027,16.701030927835053,0.6168062215273213,0.0,candidate_threshold_optimization
G,0.0,0.5531031092265737,58.74769454677096,0.5889133755495978,0.0,0.35015463917525774,0.3142418384879725,0.015000000000000013,17.240592783505154,0.5714788600801148,0.01837575085354115,0.5650160478971492,59.334381998429585,0.5942299367860381,0.0,0.3566666666666667,0.3109722222222222,0.0,16.775,0.5866125780530802,0.021596530155930993,0.5411901705559983,58.161007095112325,0.5835968143131575,0.0,0.3436426116838488,0.3175114547537228,0.030000000000000027,17.70618556701031,0.5563451421071496,0.015154971551151308,candidate_threshold_optimization
G,0.01,0.5534640628348212,58.77644454677096,0.5892008755495979,0.25,0.3584879725085911,0.3142418384879725,0.015000000000000013,17.16713917525773,0.5714788600801148,0.018014797245293646,0.5658910478971493,59.396881998429585,0.5948549367860382,0.16666666666666666,0.37333333333333335,0.3109722222222222,0.0,16.525,0.5866125780530802,0.020721530155930923,0.5410370777724931,58.15600709511233,0.5835468143131575,0.3333333333333333,0.3436426116838488,0.3175114547537228,0.030000000000000027,17.809278350515463,0.5563451421071496,0.01530806433465648,candidate_threshold_optimization
G,0.02,0.5532727431310878,58.75905656265191,0.5890269957084073,0.1388888888888889,0.3551546391752577,0.31445231958762887,0.015000000000000013,17.176159793814435,0.5714788600801148,0.018206116949027074,0.5652023632582142,59.35412464564719,0.5944273632582141,0.1111111111111111,0.36666666666666664,0.31125,0.0,16.775,0.5866125780530802,0.021410214794866045,0.5413431230039613,58.163988479656624,0.5836266281586004,0.16666666666666666,0.3436426116838488,0.3176546391752577,0.030000000000000027,17.577319587628867,0.5563451421071496,0.015002019103188324,candidate_threshold_optimization
G,0.03,0.5544733299441038,58.84409949366715,0.5898774250185597,0.19444444444444442,0.37864261168384883,0.31417454180985116,0.015000000000000013,16.837113402061853,0.5714788600801148,0.017005530136011027,0.5671504441007412,59.48921050767768,0.595778221878519,0.16666666666666666,0.4033333333333333,0.3106944444444446,0.0,16.2,0.5866125780530802,0.019462133952338978,0.5417962157874663,58.19898847965662,0.5839766281586003,0.2222222222222222,0.3539518900343643,0.3176546391752577,0.030000000000000027,17.47422680412371,0.5563451421071496,0.014548926319683297,candidate_threshold_optimization
G,0.04,0.5548913124830089,58.86885880139501,0.5901250180958383,0.16666666666666666,0.38379725085910654,0.3141029495990837,0.015000000000000013,16.66958762886598,0.5714788600801148,0.0165875475971059,0.5671504441007412,59.48921050767768,0.595778221878519,0.16666666666666666,0.4033333333333333,0.3106944444444446,0.0,16.2,0.5866125780530802,0.019462133952338978,0.5426321808652766,58.24850709511233,0.5844718143131575,0.16666666666666666,0.3642611683848797,0.3175114547537228,0.030000000000000027,17.13917525773196,0.5563451421071496,0.013712961241872934,candidate_threshold_optimization
G,0.05,0.5548913124830089,58.86885880139501,0.5901250180958383,0.16666666666666666,0.38379725085910654,0.3141029495990837,0.015000000000000013,16.66958762886598,0.5714788600801148,0.0165875475971059,0.5671504441007412,59.48921050767768,0.595778221878519,0.16666666666666666,0.4033333333333333,0.3106944444444446,0.0,16.2,0.5866125780530802,0.019462133952338978,0.5426321808652766,58.24850709511233,0.5844718143131575,0.16666666666666666,0.3642611683848797,0.3175114547537228,0.030000000000000027,17.13917525773196,0.5563451421071496,0.013712961241872934,candidate_threshold_optimization
G,0.06,0.5551981977644281,58.89238667661597,0.5903602968480479,0.15773809523809523,0.3839003436426117,0.31264461626575035,0.015000000000000013,16.656314432989692,0.5714788600801148,0.0162806623156867,0.567487668271827,59.513766258119595,0.5960237793829382,0.125,0.39666666666666667,0.30777777777777793,0.0,16.225,0.5866125780530802,0.019124909781253252,0.5429087272570293,58.27100709511234,0.5846968143131576,0.19047619047619047,0.3711340206185567,0.3175114547537228,0.030000000000000027,17.087628865979383,0.5563451421071496,0.01343641485012026,candidate_threshold_optimization
G,0.07,0.5558871169366956,58.92348506577855,0.5906712807396737,0.13333333333333333,0.3872852233676976,0.31292239404352806,0.015000000000000013,16.267268041237113,0.5714788600801148,0.015591743143419268,0.5686124138328567,59.56096303644477,0.5964957471661899,0.1,0.4,0.30833333333333335,0.0,15.55,0.5866125780530802,0.018000164220223547,0.5431618200405345,58.28600709511234,0.5848468143131575,0.16666666666666666,0.3745704467353952,0.3175114547537228,0.030000000000000027,16.984536082474225,0.5563451421071496,0.0131833220666151,candidate_threshold_optimization
G,0.08,0.5557419655971998,58.929766037212715,0.5907340904540154,0.12727272727272726,0.3907216494845361,0.31264461626575035,0.015000000000000013,16.486340206185567,0.5714788600801148,0.015736894482915043,0.568917700264337,59.589269457370584,0.5967788113754481,0.12121212121212122,0.4,0.30777777777777793,0.0,15.55,0.5866125780530802,0.017694877788743235,0.5425662309300626,58.27026261705485,0.5846893695325827,0.13333333333333333,0.38144329896907214,0.3175114547537228,0.030000000000000027,17.422680412371133,0.5563451421071496,0.013778911177086961,candidate_threshold_optimization
G,0.09,0.5557853326369608,58.957675192506116,0.5910131820069493,0.13203463203463203,0.4058762886597938,0.31292239404352806,0.015000000000000013,16.710953608247422,0.5714788600801148,0.015693527443154,0.5685169595586514,59.59891760902424,0.5968752928919847,0.14285714285714285,0.42,0.30833333333333335,0.0,16.025,0.5866125780530802,0.018095618494428756,0.5430537057152701,58.316432775987984,0.5851510711219139,0.12121212121212122,0.3917525773195876,0.3175114547537228,0.030000000000000027,17.396907216494846,0.5563451421071496,0.013291436391879463,candidate_threshold_optimization
G,0.1,0.5563609539952601,58.99606922982517,0.5913971223801399,0.14358974358974358,0.4177491408934708,0.3129918384879725,0.015000000000000013,16.516494845360825,0.5714788600801148,0.015117906084854749,0.5685792847494769,59.613205683662365,0.5970181736383658,0.13333333333333333,0.43,0.30847222222222226,0.0,16.1,0.5866125780530802,0.01803329330360326,0.5441426232410433,58.37893277598798,0.5857760711219139,0.15384615384615385,0.4054982817869416,0.3175114547537228,0.030000000000000027,16.932989690721648,0.5563451421071496,0.012202518866106238,candidate_threshold_optimization
G,0.11,0.557008011580317,59.03738151754049,0.5918102452572931,0.13790849673202615,0.42785223367697595,0.3127878006872853,0.015000000000000013,16.290721649484535,0.5714788600801148,0.01447084849979785,0.5696581225460323,59.67831168554013,0.5976692336571435,0.09803921568627451,0.44333333333333336,0.30777777777777793,0.0,15.7,0.5866125780530802,0.016954455507047883,0.5443579006146017,58.39645134954085,0.5859512568574425,0.17777777777777778,0.41237113402061853,0.31779782359679265,0.030000000000000027,16.88144329896907,0.5563451421071496,0.011987241492547929,candidate_threshold_optimization
G,0.12,0.5569583161770868,59.035267074582876,0.5917891008277169,0.13760964912280702,0.4295189003436426,0.3141072451317297,0.015000000000000013,16.266494845360825,0.5714788600801148,0.014520543903028038,0.5696352781313246,59.6765827996249,0.5976519447979912,0.08771929824561403,0.44666666666666666,0.3104166666666668,0.0,15.6,0.5866125780530802,0.016977299921755562,0.5442813542228491,58.39395134954084,0.5859262568574425,0.1875,0.41237113402061853,0.31779782359679265,0.030000000000000027,16.932989690721648,0.5563451421071496,0.012063787884300514,candidate_threshold_optimization
G,0.13,0.5574114967447682,59.07016846468434,0.5921381147287316,0.13541666666666666,0.4378522336769759,0.3143155784650631,0.015000000000000013,16.153994845360824,0.5714788600801148,0.014067363335346639,0.5705416392666873,59.746385579827844,0.5983499726000207,0.08333333333333333,0.4633333333333333,0.3108333333333335,0.0,15.375,0.5866125780530802,0.016070938786392874,0.5442813542228491,58.39395134954084,0.5859262568574425,0.1875,0.41237113402061853,0.31779782359679265,0.030000000000000027,16.932989690721648,0.5563451421071496,0.012063787884300514,candidate_threshold_optimization
G,0.14,0.557491658779243,59.08929577924293,0.5923293878743174,0.13722826086956522,0.44118556701030925,0.31584335624284077,0.015000000000000013,16.203994845360825,0.5714788600801148,0.013987201300871832,0.5707019633356369,59.784640208945014,0.5987325188911925,0.08695652173913043,0.47,0.3138888888888889,0.0,15.475,0.5866125780530802,0.01591061471744326,0.5442813542228491,58.39395134954084,0.5859262568574425,0.1875,0.41237113402061853,0.31779782359679265,0.030000000000000027,16.932989690721648,0.5563451421071496,0.012063787884300514,candidate_threshold_optimization
G,0.15,0.5578799319751193,59.12554577924293,0.5926918878743175,0.13171355498721227,0.453213058419244,0.31584335624284077,0.015000000000000013,16.178221649484534,0.5714788600801148,0.013598928104995522,0.5707019633356369,59.784640208945014,0.5987325188911925,0.08695652173913043,0.47,0.3138888888888889,0.0,15.475,0.5866125780530802,0.01591061471744326,0.5450579006146017,58.46645134954084,0.5866512568574426,0.17647058823529413,0.436426116838488,0.31779782359679265,0.030000000000000027,16.88144329896907,0.5563451421071496,0.011287241492547895,candidate_threshold_optimization
G,0.16,0.5578799319751193,59.12554577924293,0.5926918878743175,0.13171355498721227,0.453213058419244,0.31584335624284077,0.015000000000000013,16.178221649484534,0.5714788600801148,0.013598928104995522,0.5707019633356369,59.784640208945014,0.5987325188911925,0.08695652173913043,0.47,0.3138888888888889,0.0,15.475,0.5866125780530802,0.01591061471744326,0.5450579006146017,58.46645134954084,0.5866512568574426,0.17647058823529413,0.436426116838488,0.31779782359679265,0.030000000000000027,16.88144329896907,0.5563451421071496,0.011287241492547895,candidate_threshold_optimization
G,0.17,0.5587942545853686,59.19196228998149,0.593356052981703,0.13925925925925925,0.4682646048109965,0.31556557846506306,0.015000000000000013,15.939175257731957,0.5714788600801148,0.01268460549474626,0.5722775157726302,59.902473230422125,0.5999108491059635,0.09333333333333334,0.49666666666666665,0.31333333333333346,0.0,15.1,0.5866125780530802,0.014335062280450006,0.5453109933981068,58.48145134954085,0.5868012568574426,0.18518518518518517,0.43986254295532645,0.31779782359679265,0.030000000000000027,16.778350515463917,0.5563451421071496,0.011034148709042735,candidate_threshold_optimization
G,0.18,0.5587942545853686,59.19196228998149,0.593356052981703,0.13925925925925925,0.4682646048109965,0.31556557846506306,0.015000000000000013,15.939175257731957,0.5714788600801148,0.01268460549474626,0.5722775157726302,59.902473230422125,0.5999108491059635,0.09333333333333334,0.49666666666666665,0.31333333333333346,0.0,15.1,0.5866125780530802,0.014335062280450006,0.5453109933981068,58.48145134954085,0.5868012568574426,0.18518518518518517,0.43986254295532645,0.31779782359679265,0.030000000000000027,16.778350515463917,0.5563451421071496,0.011034148709042735,candidate_threshold_optimization
G,0.19,0.5586837622431244,59.186296790006786,0.5932993979819561,0.1401098901098901,0.4733161512027491,0.3159256872852234,0.015000000000000013,15.978608247422681,0.5714788600801148,0.012795097836990399,0.5723188328209482,59.90104937969838,0.599896610598726,0.08974358974358974,0.5033333333333333,0.31319444444444455,0.0,15.05,0.5866125780530802,0.014293745232132005,0.5450486916653007,58.47154420031519,0.5867021853651861,0.19047619047619047,0.44329896907216493,0.31865693012600227,0.030000000000000027,16.90721649484536,0.5563451421071496,0.011296450441848904,candidate_threshold_optimization
G,0.2,0.5591308097831169,59.224735793719674,0.5936837880190848,0.13257575757575757,0.4800343642611684,0.3162729095074456,0.015000000000000013,15.902061855670103,0.5714788600801148,0.012348050296997926,0.572959835117428,59.96292738712413,0.6005153906729835,0.08333333333333333,0.5133333333333333,0.3138888888888889,0.0,15.0,0.5866125780530802,0.013652742935652218,0.545301784448806,58.48654420031521,0.5868521853651862,0.18181818181818182,0.44673539518900346,0.31865693012600227,0.030000000000000027,16.804123711340207,0.5563451421071496,0.011043357658343633,candidate_threshold_optimization
G,0.21,0.5593339434555986,59.23078942442717,0.5937443243261599,0.1386473429951691,0.48675257731958765,0.3162034650630011,0.015000000000000013,15.762242268041238,0.5714788600801148,0.012144916624516222,0.5730364632871336,59.95753464853914,0.6004614632871336,0.08888888888888889,0.5233333333333333,0.31375,0.0,14.875,0.5866125780530802,0.013576114765946556,0.5456314236240636,58.5040442003152,0.5870271853651862,0.18840579710144928,0.45017182130584193,0.31865693012600227,0.030000000000000027,16.649484536082475,0.5563451421071496,0.010713718483085999,candidate_threshold_optimization
G,0.22,0.559412318988884,59.242492957137145,0.5938613596532596,0.13777777777777778,0.49190721649484537,0.3162034650630011,0.015000000000000013,15.80090206185567,0.5714788600801148,0.012066541091230842,0.5730364632871336,59.95753464853914,0.6004614632871336,0.08888888888888889,0.5233333333333333,0.31375,0.0,14.875,0.5866125780530802,0.013576114765946556,0.5457881746906342,58.527451265735145,0.5872612560193856,0.18666666666666668,0.46048109965635736,0.31865693012600227,0.030000000000000027,16.72680412371134,0.5563451421071496,0.01055696741651535,candidate_threshold_optimization
G,0.23,0.559412318988884,59.242492957137145,0.5938613596532596,0.13777777777777778,0.49190721649484537,0.3162034650630011,0.015000000000000013,15.80090206185567,0.5714788600801148,0.012066541091230842,0.5730364632871336,59.95753464853914,0.6004614632871336,0.08888888888888889,0.5233333333333333,0.31375,0.0,14.875,0.5866125780530802,0.013576114765946556,0.5457881746906342,58.527451265735145,0.5872612560193856,0.18666666666666668,0.46048109965635736,0.31865693012600227,0.030000000000000027,16.72680412371134,0.5563451421071496,0.01055696741651535,candidate_threshold_optimization
G,0.24,0.5596388653806366,59.25999295713714,0.5940363596532596,0.1405982905982906,0.4970618556701031,0.3162034650630011,0.015000000000000013,15.749355670103093,0.5714788600801148,0.011839994699478273,0.5730364632871336,59.95753464853914,0.6004614632871336,0.08888888888888889,0.5233333333333333,0.31375,0.0,14.875,0.5866125780530802,0.013576114765946556,0.5462412674741394,58.56245126573515,0.5876112560193857,0.19230769230769232,0.47079037800687284,0.31865693012600227,0.030000000000000027,16.623711340206185,0.5563451421071496,0.010103874633010212,candidate_threshold_optimization
G,0.25,0.5596388653806366,59.25999295713714,0.5940363596532596,0.1405982905982906,0.4970618556701031,0.3162034650630011,0.015000000000000013,15.749355670103093,0.5714788600801148,0.011839994699478273,0.5730364632871336,59.95753464853914,0.6004614632871336,0.08888888888888889,0.5233333333333333,0.31375,0.0,14.875,0.5866125780530802,0.013576114765946556,0.5462412674741394,58.56245126573515,0.5876112560193857,0.19230769230769232,0.47079037800687284,0.31865693012600227,0.030000000000000027,16.623711340206185,0.5563451421071496,0.010103874633010212,candidate_threshold_optimization
G,0.26,0.5599253094349801,59.27703942442717,0.5942068243261598,0.14320987654320988,0.5004982817869416,0.3162034650630011,0.015000000000000013,15.633376288659793,0.5714788600801148,0.011553550645134747,0.5730364632871336,59.95753464853914,0.6004614632871336,0.08888888888888889,0.5233333333333333,0.31375,0.0,14.875,0.5866125780530802,0.013576114765946556,0.5468141555828264,58.5965442003152,0.5879521853651861,0.19753086419753085,0.47766323024054985,0.31865693012600227,0.030000000000000027,16.391752577319586,0.5563451421071496,0.00953098652432316,candidate_threshold_optimization
G,0.27,0.55990030943498,59.28953942442716,0.5943318243261599,0.14778503994190267,0.5071649484536083,0.3162034650630011,0.015000000000000013,15.783376288659793,0.5714788600801148,0.0115785506451348,0.5729864632871337,59.98253464853913,0.6007114632871337,0.09803921568627451,0.5366666666666666,0.31375,0.0,15.175,0.5866125780530802,0.013626114765946551,0.5468141555828264,58.5965442003152,0.5879521853651861,0.19753086419753085,0.47766323024054985,0.31865693012600227,0.030000000000000027,16.391752577319586,0.5563451421071496,0.00953098652432316,candidate_threshold_optimization
G,0.28,0.55990030943498,59.28953942442716,0.5943318243261599,0.14778503994190267,0.5071649484536083,0.3162034650630011,0.015000000000000013,15.783376288659793,0.5714788600801148,0.0115785506451348,0.5729864632871337,59.98253464853913,0.6007114632871337,0.09803921568627451,0.5366666666666666,0.31375,0.0,15.175,0.5866125780530802,0.013626114765946551,0.5468141555828264,58.5965442003152,0.5879521853651861,0.19753086419753085,0.47766323024054985,0.31865693012600227,0.030000000000000027,16.391752577319586,0.5563451421071496,0.00953098652432316,candidate_threshold_optimization
G,0.29,0.5602317777517705,59.316242957137135,0.5945988596532596,0.15654648956356737,0.5157560137457045,0.3162034650630011,0.015000000000000013,15.718943298969073,0.5714788600801148,0.011247082328344371,0.5729864632871337,59.98253464853913,0.6007114632871337,0.09803921568627451,0.5366666666666666,0.31375,0.0,15.175,0.5866125780530802,0.013626114765946551,0.5474770922164073,58.64995126573515,0.5884862560193855,0.21505376344086022,0.4948453608247423,0.31865693012600227,0.030000000000000027,16.262886597938145,0.5563451421071496,0.008868049890742302,candidate_threshold_optimization
G,0.3,0.5607379403471833,59.34588699445621,0.5948953000264502,0.16308243727598565,0.5240893470790378,0.3162729095074456,0.015000000000000013,15.506443298969073,0.5714788600801148,0.010740919732931564,0.5739987884779593,60.04182272317726,0.6013043440335148,0.1111111111111111,0.5533333333333333,0.3138888888888889,0.0,14.75,0.5866125780530802,0.012613789575120937,0.5474770922164073,58.64995126573515,0.5884862560193855,0.21505376344086022,0.4948453608247423,0.31865693012600227,0.030000000000000027,16.262886597938145,0.5563451421071496,0.008868049890742302,candidate_threshold_optimization
G,0.31,0.5610828843872004,59.373651730645776,0.595172947388346,0.1545138888888889,0.532680412371134,0.31748997709049254,0.015000000000000013,15.390463917525773,0.5714788600801148,0.010395975692914394,0.5739987884779593,60.04182272317726,0.6013043440335148,0.1111111111111111,0.5533333333333333,0.3138888888888889,0.0,14.75,0.5866125780530802,0.012613789575120937,0.5481669802964417,58.70548073811429,0.5890415507431771,0.19791666666666666,0.5120274914089347,0.3210910652920962,0.030000000000000027,16.030927835051546,0.5563451421071496,0.008178161810707851,candidate_threshold_optimization
G,0.32,0.5614980014495292,59.39768348269766,0.5954132649088648,0.18343343343343343,0.5361683848797252,0.31605813287514317,0.015000000000000013,15.272938144329895,0.5714788600801148,0.00998085863058562,0.5737487884779593,60.02682272317726,0.6011543440335149,0.12612612612612611,0.55,0.3138888888888889,0.0,14.85,0.5866125780530802,0.01286378957512091,0.5492472144210991,58.768544242218056,0.5896721857842148,0.24074074074074073,0.5223367697594502,0.31822737686139746,0.030000000000000027,15.695876288659793,0.5563451421071496,0.0070979276860504426,candidate_threshold_optimization
G,0.33,0.5617472282536529,59.41268348269766,0.5955632649088647,0.17852062588904694,0.5394501718213058,0.31605813287514317,0.015000000000000013,15.173711340206186,0.5714788600801148,0.009731631826461973,0.5744237884779593,60.069322723177265,0.6015793440335148,0.12280701754385964,0.56,0.3138888888888889,0.0,14.6,0.5866125780530802,0.012188789575120929,0.5490706680293465,58.75604424221805,0.5895471857842147,0.23423423423423423,0.5189003436426117,0.31822737686139746,0.030000000000000027,15.74742268041237,0.5563451421071496,0.007274474077803128,candidate_threshold_optimization
G,0.34,0.5618412061263973,59.424933503649086,0.5956857651183791,0.1850877192982456,0.5427835051546392,0.31584335624284077,0.015000000000000013,15.210824742268041,0.5714788600801148,0.009637653953717518,0.5744737884779593,60.084322723177266,0.6017293440335149,0.13333333333333333,0.5666666666666667,0.3138888888888889,0.0,14.7,0.5866125780530802,0.012138789575120934,0.5492086237748355,58.76554428412091,0.5896421862032433,0.23684210526315788,0.5189003436426117,0.31779782359679265,0.030000000000000027,15.721649484536082,0.5563451421071496,0.007136518332314101,candidate_threshold_optimization
G,0.35,0.5618783177604427,59.43197800038695,0.5957562100857576,0.17794486215538846,0.5477835051546391,0.3129266895761741,0.015000000000000013,15.36082474226804,0.5714788600801148,0.009600542319672112,0.5745480117460499,60.09841171665299,0.6018702339682721,0.11904761904761904,0.5766666666666667,0.3080555555555555,0.0,15.0,0.5866125780530802,0.012064566307030344,0.5492086237748355,58.76554428412091,0.5896421862032433,0.23684210526315788,0.5189003436426117,0.31779782359679265,0.030000000000000027,15.721649484536082,0.5563451421071496,0.007136518332314101,candidate_threshold_optimization
G,0.36,0.561860793483659,59.44607752001672,0.5958972052820554,0.16925064599483203,0.5562199312714777,0.3161970217640321,0.015000000000000013,15.388530927835053,0.5714788600801148,0.00961806659645581,0.5746805581132295,60.12361079781539,0.6021222247798961,0.11627906976744186,0.5866666666666667,0.3141666666666667,0.0,14.875,0.5866125780530802,0.011932019939850713,0.5490410288540887,58.768544242218056,0.5896721857842147,0.2222222222222222,0.5257731958762887,0.31822737686139746,0.030000000000000027,15.902061855670103,0.5563451421071496,0.0073041132530609065,candidate_threshold_optimization
G,0.37,0.5621566821948794,59.46245619640793,0.5960609920459674,0.1765151515151515,0.557938144329897,0.31605813287514317,0.015000000000000013,15.261984536082474,0.5714788600801148,0.009322177885235483,0.5750192427521646,60.1413681505978,0.6022997983077202,0.13636363636363635,0.5866666666666667,0.3138888888888889,0.0,14.725,0.5866125780530802,0.011593335300915553,0.549294121637594,58.783544242218056,0.5898221857842147,0.21666666666666667,0.5292096219931272,0.31822737686139746,0.030000000000000027,15.79896907216495,0.5563451421071496,0.0070510204695556356,candidate_threshold_optimization
G,0.38,0.5622816821948793,59.469956196407935,0.5961359920459675,0.1787037037037037,0.5596048109965636,0.31605813287514317,0.015000000000000013,15.211984536082475,0.5714788600801148,0.009197177885235552,0.5752692427521647,60.15636815059781,0.6024497983077203,0.14074074074074075,0.59,0.3138888888888889,0.0,14.625,0.5866125780530802,0.01134333530091547,0.549294121637594,58.783544242218056,0.5898221857842147,0.21666666666666667,0.5292096219931272,0.31822737686139746,0.030000000000000027,15.79896907216495,0.5563451421071496,0.0070510204695556356,candidate_threshold_optimization
G,0.39,0.5624361797747439,59.48411729460058,0.596277603027894,0.1760614272809395,0.563041237113402,0.31605813287514317,0.015000000000000013,15.19909793814433,0.5714788600801148,0.00904268030537092,0.5752692427521647,60.15636815059781,0.6024497983077203,0.14074074074074075,0.59,0.3138888888888889,0.0,14.625,0.5866125780530802,0.01134333530091547,0.5496031167973231,58.811866438603346,0.5901054077480676,0.21138211382113822,0.5360824742268041,0.31822737686139746,0.030000000000000027,15.77319587628866,0.5563451421071496,0.006742025309826483,candidate_threshold_optimization
G,0.4,0.5622509526376412,59.471844580890306,0.5961548758907913,0.18370524130773225,0.5597079037800687,0.31605813287514317,0.015000000000000013,15.26159793814433,0.5714788600801148,0.009227907442473593,0.5748987884779594,60.131822723177265,0.602204344033515,0.15602836879432624,0.5833333333333334,0.3138888888888889,0.0,14.75,0.5866125780530802,0.011713789575120814,0.5496031167973231,58.811866438603346,0.5901054077480676,0.21138211382113822,0.5360824742268041,0.31822737686139746,0.030000000000000027,15.77319587628866,0.5563451421071496,0.006742025309826483,candidate_threshold_optimization
G,0.41,0.5628085781766705,59.530470823223936,0.5967411383141277,0.1821808510638298,0.5803264604810996,0.31741838487972507,0.015000000000000013,15.23582474226804,0.5714788600801148,0.008670281903444321,0.5748987884779594,60.131822723177265,0.602204344033515,0.15602836879432624,0.5833333333333334,0.3138888888888889,0.0,14.75,0.5866125780530802,0.011713789575120814,0.5507183678753818,58.92911892327061,0.5912779325947404,0.20833333333333334,0.5773195876288659,0.32094788087056125,0.030000000000000027,15.721649484536082,0.5563451421071496,0.005626774231767828,candidate_threshold_optimization
G,0.42,0.5630393357901837,59.54965769568636,0.596933007038752,0.1875,0.5853264604810997,0.3176961626575029,0.015000000000000013,15.185824742268041,0.5714788600801148,0.00843952428993111,0.5753603037049856,60.17019646810212,0.6025880814827634,0.16666666666666666,0.5933333333333334,0.3144444444444445,0.0,14.65,0.5866125780530802,0.011252274348094615,0.5507183678753818,58.92911892327061,0.5912779325947404,0.20833333333333334,0.5773195876288659,0.32094788087056125,0.030000000000000027,15.721649484536082,0.5563451421071496,0.005626774231767828,candidate_threshold_optimization
G,0.43,0.5631083577254818,59.553011779250554,0.5969665478743937,0.19281045751633988,0.587044673539519,0.3168284650630012,0.015000000000000013,15.185051546391751,0.5714788600801148,0.008370502354632992,0.5753309103836012,60.174479358185906,0.6026309103836013,0.17647058823529413,0.5933333333333334,0.31500000000000017,0.0,14.7,0.5866125780530802,0.011281667669479023,0.5508858050673625,58.93154420031521,0.5913021853651861,0.20915032679738563,0.5807560137457045,0.31865693012600227,0.030000000000000027,15.670103092783505,0.5563451421071496,0.005459337039787071,candidate_threshold_optimization
G,0.44,0.5634656050268492,59.576097620498395,0.5971974062868721,0.19111362493715434,0.5937113402061855,0.31648124284077894,0.015000000000000013,15.072551546391752,0.5714788600801148,0.008013255053265667,0.5760454049863358,60.22065104068158,0.603092627208558,0.17307692307692307,0.6066666666666667,0.3143055555555556,0.0,14.475,0.5866125780530802,0.010567173066744373,0.5508858050673625,58.93154420031521,0.5913021853651861,0.20915032679738563,0.5807560137457045,0.31865693012600227,0.030000000000000027,15.670103092783505,0.5563451421071496,0.005459337039787071,candidate_threshold_optimization
G,0.45,0.5628421826297962,59.538811222717484,0.5968245423090631,0.19030980666200792,0.5884536082474227,0.3162729095074456,0.015000000000000013,15.331443298969074,0.5714788600801148,0.008636677450318597,0.5763237884779594,60.23932272317726,0.6032793440335149,0.16049382716049382,0.6133333333333333,0.3138888888888889,0.0,14.4,0.5866125780530802,0.010288789575120805,0.5493605767816331,58.838299722257716,0.5903697405846113,0.22012578616352202,0.563573883161512,0.31865693012600227,0.030000000000000027,16.262886597938145,0.5563451421071496,0.006984565325516501,candidate_threshold_optimization
G,0.46,0.5641213887929946,59.63171322506251,0.5977535623325134,0.1846264367816092,0.6156357388316152,0.31446091065292103,0.015000000000000013,15.053737113402061,0.5714788600801148,0.007357471287120276,0.5775767227604213,60.31433837364568,0.604029500538199,0.16091954022988506,0.6333333333333333,0.3106944444444446,0.0,14.025,0.5866125780530802,0.009035855292658934,0.5506660548255677,58.94908807647935,0.5914776241268277,0.20833333333333334,0.5979381443298969,0.31822737686139746,0.030000000000000027,16.082474226804123,0.5563451421071496,0.0056790872815818405,candidate_threshold_optimization
G,0.47,0.5642291025970523,59.64090957683142,0.5978455258502023,0.18572292800967938,0.6156357388316152,0.315677978235968,0.015000000000000013,14.98930412371134,0.5714788600801148,0.007249757483062558,0.5775767227604213,60.31433837364568,0.604029500538199,0.16091954022988506,0.6333333333333333,0.3106944444444446,0.0,14.025,0.5866125780530802,0.009035855292658934,0.5508814824336833,58.96748078001715,0.5916615511622056,0.21052631578947367,0.5979381443298969,0.3206615120274914,0.030000000000000027,15.95360824742268,0.5563451421071496,0.005463659673466292,candidate_threshold_optimization
G,0.48,0.5641713887929944,59.636713225062515,0.5978035623325133,0.1839080459770115,0.6173539518900344,0.31446091065292103,0.015000000000000013,15.053737113402061,0.5714788600801148,0.007307471287120393,0.5775767227604213,60.31433837364568,0.604029500538199,0.16091954022988506,0.6333333333333333,0.3106944444444446,0.0,14.025,0.5866125780530802,0.009035855292658934,0.5507660548255677,58.95908807647935,0.5915776241268277,0.20689655172413793,0.6013745704467354,0.31822737686139746,0.030000000000000027,16.082474226804123,0.5563451421071496,0.0055790872815818515,candidate_threshold_optimization
G,0.49,0.5643931264164807,59.65988927836189,0.5980353228655071,0.1864406779661017,0.6223539518900343,0.315677978235968,0.015000000000000013,15.015077319587629,0.5714788600801148,0.007085733663634186,0.5779780466654654,60.35447076415009,0.6044308244432431,0.1638418079096045,0.6433333333333333,0.3106944444444446,0.0,14.025,0.5866125780530802,0.00863453138761483,0.5508082061674959,58.96530779257368,0.5916398212877709,0.20903954802259886,0.6013745704467354,0.3206615120274914,0.030000000000000027,16.00515463917526,0.5563451421071496,0.005536935939653653,candidate_threshold_optimization
G,0.5,0.5650521915702413,59.71286910416177,0.5985651211235059,0.1761384335154827,0.6324054982817869,0.31553264604811004,0.015000000000000013,14.891623711340207,0.5714788600801148,0.006426668509873501,0.5790371974447341,60.42594139763251,0.6051455307780674,0.15555555555555556,0.66,0.3108333333333335,0.0,13.675,0.5866125780530802,0.007575380608346061,0.5510671856957484,58.99979681069103,0.5919847114689444,0.19672131147540983,0.6048109965635738,0.32023195876288657,0.030000000000000027,16.108247422680414,0.5563451421071496,0.0052779564114011635,candidate_threshold_optimization
G,0.51,0.5646650169956384,59.699105827686594,0.5984274883587541,0.18010752688172044,0.6340721649484535,0.3154632016036656,0.015000000000000013,15.143943298969074,0.5714788600801148,0.006813843084476412,0.5784924874707861,60.405914844682165,0.6049452652485638,0.15591397849462366,0.6633333333333333,0.3106944444444446,0.0,14.025,0.5866125780530802,0.008120090582294126,0.5508375465204909,58.99229681069102,0.5919097114689446,0.20430107526881722,0.6048109965635738,0.32023195876288657,0.030000000000000027,16.262886597938145,0.5563451421071496,0.005507595586658698,candidate_threshold_optimization
G,0.52,0.5651900760381907,59.72428355324766,0.5986792656143649,0.183573082010582,0.6425601374570447,0.3146363115693013,0.015000000000000013,14.903737113402062,0.5714788600801148,0.0062887840419241225,0.5790743757343693,60.42577033770715,0.6051438201788137,0.164021164021164,0.67,0.30861111111111117,0.0,13.725,0.5866125780530802,0.00753820231871094,0.5513057763420122,59.022796768788176,0.592214711049916,0.203125,0.6151202749140894,0.3206615120274914,0.030000000000000027,16.082474226804123,0.5563451421071496,0.005039365765137416,candidate_threshold_optimization
G,0.53,0.5651900760381907,59.72428355324766,0.5986792656143649,0.183573082010582,0.6425601374570447,0.3146363115693013,0.015000000000000013,14.903737113402062,0.5714788600801148,0.0062887840419241225,0.5790743757343693,60.42577033770715,0.6051438201788137,0.164021164021164,0.67,0.30861111111111117,0.0,13.725,0.5866125780530802,0.00753820231871094,0.5513057763420122,59.022796768788176,0.592214711049916,0.203125,0.6151202749140894,0.3206615120274914,0.030000000000000027,16.082474226804123,0.5563451421071496,0.005039365765137416,candidate_threshold_optimization
G,0.54,0.5651900760381907,59.72428355324767,0.5986792656143649,0.1897028897028897,0.6425601374570447,0.3146363115693013,0.015000000000000013,14.903737113402062,0.5714788600801148,0.0062887840419241225,0.5790743757343693,60.42577033770715,0.6051438201788137,0.164021164021164,0.67,0.30861111111111117,0.0,13.725,0.5866125780530802,0.00753820231871094,0.5513057763420122,59.02279676878819,0.592214711049916,0.2153846153846154,0.6151202749140894,0.3206615120274914,0.030000000000000027,16.082474226804123,0.5563451421071496,0.005039365765137416,candidate_threshold_optimization
G,0.55,0.5652316406026578,59.73817798220297,0.5988182099039179,0.19055944055944057,0.6475601374570448,0.3160946449026346,0.015000000000000013,14.942783505154638,0.5714788600801148,0.006247219477456989,0.5793105976468087,60.45855919561775,0.6054717087579199,0.15384615384615385,0.68,0.31152777777777785,0.0,13.7,0.5866125780530802,0.007301980406271502,0.551152683558507,59.01779676878818,0.592164711049916,0.22727272727272727,0.6151202749140894,0.3206615120274914,0.030000000000000027,16.185567010309278,0.5563451421071496,0.005192458548642587,candidate_threshold_optimization
G,0.56,0.5652699137985341,59.73942798220297,0.5988307099039178,0.1888633754305396,0.6475601374570448,0.3160946449026346,0.015000000000000013,14.91701030927835,0.5714788600801148,0.006208946281580752,0.5793105976468087,60.45855919561775,0.6054717087579199,0.15384615384615385,0.68,0.31152777777777785,0.0,13.7,0.5866125780530802,0.007301980406271502,0.5512292299502595,59.020296768788185,0.5921897110499159,0.22388059701492538,0.6151202749140894,0.3206615120274914,0.030000000000000027,16.1340206185567,0.5563451421071496,0.005115912156890112,candidate_threshold_optimization
G,0.57,0.5650397088782582,59.719740823508715,0.5986338383169753,0.19527363184079602,0.6442268041237114,0.3144279782359679,0.015000000000000013,15.017010309278351,0.5714788600801148,0.006439151201856674,0.5788501878062567,60.41918487822924,0.6050779655840346,0.16666666666666666,0.6733333333333333,0.30819444444444444,0.0,13.9,0.5866125780530802,0.0077623902468234585,0.5512292299502595,59.020296768788185,0.5921897110499159,0.22388059701492538,0.6151202749140894,0.3206615120274914,0.030000000000000027,16.1340206185567,0.5563451421071496,0.005115912156890112,candidate_threshold_optimization
G,0.58,0.5653602393546686,59.73915498226087,0.5988279799044969,0.19402985074626866,0.6475601374570448,0.31470575601374573,0.015000000000000013,14.87951030927835,0.5714788600801148,0.006118620725446222,0.5794912487590779,60.45801319573355,0.6054662487590778,0.16417910447761194,0.68,0.3087500000000001,0.0,13.625,0.5866125780530802,0.007121329294002332,0.5512292299502595,59.020296768788185,0.5921897110499159,0.22388059701492538,0.6151202749140894,0.3206615120274914,0.030000000000000027,16.1340206185567,0.5563451421071496,0.005115912156890112,candidate_threshold_optimization
G,0.59,0.5659529442749446,59.787592140955134,0.5993123514914395,0.18681952556060277,0.6592268041237114,0.31637242268041244,0.015000000000000013,14.704510309278351,0.5714788600801148,0.005525915805170256,0.5806766585996297,60.55488751312208,0.606434991932963,0.1497584541062802,0.7033333333333334,0.3120833333333335,0.0,13.275,0.5866125780530802,0.005935919453450511,0.5512292299502595,59.020296768788185,0.5921897110499159,0.22388059701492538,0.6151202749140894,0.3206615120274914,0.030000000000000027,16.1340206185567,0.5563451421071496,0.005115912156890112,candidate_threshold_optimization
G,0.6,0.5657404442749445,59.77384214095513,0.5991748514914395,0.19051172707889125,0.6558934707903781,0.31637242268041244,0.015000000000000013,14.77951030927835,0.5714788600801148,0.005738415805170316,0.5802516585996297,60.52738751312208,0.606159991932963,0.15714285714285714,0.6966666666666667,0.3120833333333335,0.0,13.425,0.5866125780530802,0.00636091945345052,0.5512292299502595,59.020296768788185,0.5921897110499159,0.22388059701492538,0.6151202749140894,0.3206615120274914,0.030000000000000027,16.1340206185567,0.5563451421071496,0.005115912156890112,candidate_threshold_optimization
G,0.61,0.5661852393546687,59.79665498226087,0.5994029799044969,0.18705766939948149,0.6625601374570447,0.31470575601374573,0.015000000000000013,14.62951030927835,0.5714788600801148,0.0052936207254461465,0.5811412487590778,60.57301319573355,0.6066162487590778,0.15023474178403756,0.71,0.3087500000000001,0.0,13.125,0.5866125780530802,0.005471329294002403,0.5512292299502595,59.020296768788185,0.5921897110499159,0.22388059701492538,0.6151202749140894,0.3206615120274914,0.030000000000000027,16.1340206185567,0.5563451421071496,0.005115912156890112,candidate_threshold_optimization
G,0.62,0.5666915705166564,59.844934146569614,0.5998857715475843,0.1892701525054466,0.6779209621993127,0.31637242268041244,0.015000000000000013,14.53930412371134,0.5714788600801148,0.004787289563458419,0.5813016585996297,60.60238751312208,0.606909991932963,0.14814814814814814,0.7166666666666667,0.3120833333333335,0.0,13.125,0.5866125780530802,0.005310919453450524,0.5520814824336832,59.087480780017145,0.5928615511622055,0.23039215686274508,0.6391752577319587,0.3206615120274914,0.030000000000000027,15.95360824742268,0.5563451421071496,0.0042636596734664245,candidate_threshold_optimization
G,0.63,0.5671137525057489,59.88199770630359,0.6002564071449241,0.19074074074074074,0.6830756013745705,0.3183054123711342,0.015000000000000013,14.410438144329897,0.5714788600801148,0.004365107574365923,0.5813016585996297,60.60238751312208,0.606909991932963,0.14814814814814814,0.7166666666666667,0.3120833333333335,0.0,13.125,0.5866125780530802,0.005310919453450524,0.5529258464118681,59.16160789948511,0.5936028223568853,0.23333333333333334,0.6494845360824743,0.3245274914089349,0.030000000000000027,15.695876288659793,0.5563451421071496,0.0034192956952814324,candidate_threshold_optimization
G,0.64,0.5673423247198461,59.906243816602206,0.6004988682479102,0.18744292237442922,0.6897422680412371,0.31927763459335634,0.015000000000000013,14.385438144329896,0.5714788600801148,0.0041365353602687005,0.5817588030278241,60.6508797337193,0.6073949141389352,0.1415525114155251,0.73,0.3140277777777778,0.0,13.075,0.5866125780530802,0.00485377502525608,0.5529258464118681,59.16160789948511,0.5936028223568853,0.23333333333333334,0.6494845360824743,0.3245274914089349,0.030000000000000027,15.695876288659793,0.5563451421071496,0.0034192956952814324,candidate_threshold_optimization
G,0.65,0.5673423247198461,59.906243816602206,0.6004988682479102,0.18744292237442922,0.6897422680412371,0.31927763459335634,0.015000000000000013,14.385438144329896,0.5714788600801148,0.0041365353602687005,0.5817588030278241,60.6508797337193,0.6073949141389352,0.1415525114155251,0.73,0.3140277777777778,0.0,13.075,0.5866125780530802,0.00485377502525608,0.5529258464118681,59.16160789948511,0.5936028223568853,0.23333333333333334,0.6494845360824743,0.3245274914089349,0.030000000000000027,15.695876288659793,0.5563451421071496,0.0034192956952814324,candidate_threshold_optimization
G,0.66,0.5673423247198461,59.906243816602206,0.6004988682479102,0.19049456556691746,0.6897422680412371,0.31927763459335634,0.015000000000000013,14.385438144329896,0.5714788600801148,0.0041365353602687005,0.5817588030278241,60.6508797337193,0.6073949141389352,0.1415525114155251,0.73,0.3140277777777778,0.0,13.075,0.5866125780530802,0.00485377502525608,0.5529258464118681,59.16160789948511,0.5936028223568853,0.23943661971830985,0.6494845360824743,0.3245274914089349,0.030000000000000027,15.695876288659793,0.5563451421071496,0.0034192956952814324,candidate_threshold_optimization
G,0.67,0.5676958893696025,59.92144564240259,0.6006508865059141,0.19244244244244244,0.6948453608247422,0.3167776345933564,0.015000000000000013,14.283891752577318,0.5714788600801148,0.0037829707105123678,0.5821128395438316,60.65628338532005,0.6074489506549428,0.14414414414414414,0.7333333333333333,0.3090277777777779,0.0,12.975,0.5866125780530802,0.004499738509248563,0.5532789391953734,59.186607899485125,0.5938528223568854,0.24074074074074073,0.6563573883161512,0.3245274914089349,0.030000000000000027,15.592783505154639,0.5563451421071496,0.0030662029117761724,candidate_threshold_optimization
G,0.68,0.5677583893696025,59.930195642402595,0.6007383865059142,0.19439878234398783,0.6981786941580757,0.3167776345933564,0.015000000000000013,14.30889175257732,0.5714788600801148,0.0037204707105122914,0.5822378395438317,60.67378338532006,0.6076239506549428,0.14222222222222222,0.74,0.3090277777777779,0.0,13.025,0.5866125780530802,0.004374738509248521,0.5532789391953734,59.186607899485125,0.5938528223568854,0.2465753424657534,0.6563573883161512,0.3245274914089349,0.030000000000000027,15.592783505154639,0.5563451421071496,0.0030662029117761724,candidate_threshold_optimization
G,0.69,0.5677527721924156,59.933356719643804,0.6007699972783263,0.19830409356725148,0.6998969072164949,0.31706400343642627,0.015000000000000013,14.334664948453607,0.5714788600801148,0.0037260878876992365,0.5822378395438317,60.67378338532006,0.6076239506549428,0.14222222222222222,0.74,0.3090277777777779,0.0,13.025,0.5866125780530802,0.004374738509248521,0.5532677048409994,59.19293005396755,0.5939160439017096,0.2543859649122807,0.6597938144329897,0.32510022909507463,0.030000000000000027,15.644329896907216,0.5563451421071496,0.0030774372661501737,candidate_threshold_optimization
G,0.7,0.5677527721924156,59.933356719643804,0.6007699972783263,0.19830409356725148,0.6998969072164949,0.31706400343642627,0.015000000000000013,14.334664948453607,0.5714788600801148,0.0037260878876992365,0.5822378395438317,60.67378338532006,0.6076239506549428,0.14222222222222222,0.74,0.3090277777777779,0.0,13.025,0.5866125780530802,0.004374738509248521,0.5532677048409994,59.19293005396755,0.5939160439017096,0.2543859649122807,0.6597938144329897,0.32510022909507463,0.030000000000000027,15.644329896907216,0.5563451421071496,0.0030774372661501737,candidate_threshold_optimization
G,0.71,0.5678793185841682,59.940856719643804,0.6008449972783263,0.19881673881673884,0.7016151202749141,0.31706400343642627,0.015000000000000013,14.28311855670103,0.5714788600801148,0.0035995414959466565,0.5822378395438317,60.67378338532006,0.6076239506549428,0.14222222222222222,0.74,0.3090277777777779,0.0,13.025,0.5866125780530802,0.004374738509248521,0.5535207976245047,59.20793005396755,0.5940660439017097,0.2554112554112554,0.6632302405498282,0.32510022909507463,0.030000000000000027,15.541237113402062,0.5563451421071496,0.0028243444826449027,candidate_threshold_optimization
G,0.72,0.567898171057266,59.93944872525828,0.600830917334471,0.19931623931623932,0.7033333333333334,0.31591852806414666,0.015000000000000013,14.296005154639175,0.5714788600801148,0.003580689022848804,0.5822378395438317,60.67378338532006,0.6076239506549428,0.14222222222222222,0.74,0.3090277777777779,0.0,13.025,0.5866125780530802,0.004374738509248521,0.5535585025707004,59.205114065196504,0.5940378840139994,0.2564102564102564,0.6666666666666666,0.3228092783505154,0.030000000000000027,15.56701030927835,0.5563451421071496,0.002786639536449198,candidate_threshold_optimization
G,0.73,0.5679609943983076,59.955731059362435,0.6009937406755126,0.20396270396270394,0.7083333333333333,0.3190435280641466,0.015000000000000013,14.271005154639175,0.5714788600801148,0.0035178656818072307,0.5823634862259148,60.70634805352837,0.6079495973370259,0.15151515151515152,0.75,0.31527777777777777,0.0,12.975,0.5866125780530802,0.004249091827165374,0.5535585025707004,59.205114065196504,0.5940378840139994,0.2564102564102564,0.6666666666666666,0.3228092783505154,0.030000000000000027,15.56701030927835,0.5563451421071496,0.002786639536449198,candidate_threshold_optimization
G,0.74,0.5680790599244425,59.96639213660366,0.6011003514479247,0.20744481855592967,0.7117697594501718,0.31940148911798405,0.015000000000000013,14.245231958762886,0.5714788600801148,0.0033998001556723167,0.5823634862259148,60.70634805352837,0.6079495973370259,0.15151515151515152,0.75,0.31527777777777777,0.0,12.975,0.5866125780530802,0.004249091827165374,0.5537946336229702,59.226436219678945,0.5942511055588237,0.26337448559670784,0.6735395189003437,0.32352520045819033,0.030000000000000027,15.515463917525773,0.5563451421071496,0.00255050848417937,candidate_threshold_optimization
G,0.75,0.5687887514873968,60.02680573734353,0.6017044874553235,0.19835390946502057,0.7284364261168386,0.31801260022909517,0.015000000000000013,14.195231958762886,0.5714788600801148,0.00269010859271801,0.5837828693518233,60.827175255008115,0.6091578693518233,0.13333333333333333,0.7833333333333333,0.3125,0.0,12.875,0.5866125780530802,0.0028297087012568722,0.5537946336229702,59.226436219678945,0.5942511055588237,0.26337448559670784,0.6735395189003437,0.32352520045819033,0.030000000000000027,15.515463917525773,0.5563451421071496,0.00255050848417937,candidate_threshold_optimization
G,0.76,0.5698189671372362,60.08624625994489,0.6022988926813371,0.19477911646586343,0.7453092783505155,0.3175264891179841,0.015000000000000013,13.778865979381443,0.5714788600801148,0.0016598929428786047,0.5850605686927395,60.89355630021084,0.6098216798038506,0.13253012048192772,0.8033333333333333,0.31152777777777785,0.0,12.3,0.5866125780530802,0.0015520093603407226,0.554577365581733,59.27893621967895,0.5947761055588235,0.2570281124497992,0.6872852233676976,0.32352520045819033,0.030000000000000027,15.257731958762887,0.5563451421071496,0.0017677765254165978,candidate_threshold_optimization
G,0.77,0.5698189671372362,60.08624625994489,0.6022988926813371,0.1992015681774718,0.7453092783505155,0.3175264891179841,0.015000000000000013,13.778865979381443,0.5714788600801148,0.0016598929428786047,0.5850605686927395,60.89355630021084,0.6098216798038506,0.13253012048192772,0.8033333333333333,0.31152777777777785,0.0,12.3,0.5866125780530802,0.0015520093603407226,0.554577365581733,59.27893621967895,0.5947761055588235,0.26587301587301587,0.6872852233676976,0.32352520045819033,0.030000000000000027,15.257731958762887,0.5563451421071496,0.0017677765254165978,candidate_threshold_optimization
G,0.78,0.569834877940117,60.08936511801076,0.6023300812619956,0.2007936507936508,0.7453092783505155,0.31759593356242855,0.015000000000000013,13.791365979381442,0.5714788600801148,0.001643982139997835,0.5850923902985011,60.89979401634257,0.6098840569651678,0.1349206349206349,0.8033333333333333,0.31166666666666676,0.0,12.325,0.5866125780530802,0.001520187754579072,0.554577365581733,59.27893621967895,0.5947761055588235,0.26666666666666666,0.6872852233676976,0.32352520045819033,0.030000000000000027,15.257731958762887,0.5563451421071496,0.0017677765254165978,candidate_threshold_optimization
G,0.79,0.5700040149973755,60.106423440002345,0.6025006644819115,0.20041039671682628,0.7520790378006873,0.317661082474227,0.015000000000000013,13.79020618556701,0.5714788600801148,0.0014748450827393178,0.5851751120355192,60.917232856711024,0.6100584453688525,0.13725490196078433,0.81,0.3120833333333335,0.0,12.4,0.5866125780530802,0.0014374660175610066,0.554832917959232,59.295614023293666,0.5949428835949707,0.26356589147286824,0.6941580756013745,0.32323883161512046,0.030000000000000027,15.18041237113402,0.5563451421071496,0.001512224147917629,candidate_threshold_optimization
G,0.8,0.5700040149973755,60.106423440002345,0.6025006644819115,0.20041039671682628,0.7520790378006873,0.317661082474227,0.015000000000000013,13.79020618556701,0.5714788600801148,0.0014748450827393178,0.5851751120355192,60.917232856711024,0.6100584453688525,0.13725490196078433,0.81,0.3120833333333335,0.0,12.4,0.5866125780530802,0.0014374660175610066,0.554832917959232,59.295614023293666,0.5949428835949707,0.26356589147286824,0.6941580756013745,0.32323883161512046,0.030000000000000027,15.18041237113402,0.5563451421071496,0.001512224147917629,candidate_threshold_optimization
G,0.81,0.5700527072498685,60.09976488747387,0.6024340789566267,0.20542635658914732,0.7520790378006873,0.31634163802978243,0.015000000000000013,13.72770618556701,0.5714788600801148,0.0014261528302463855,0.5852724965405048,60.90391575165406,0.6099252743182827,0.14728682170542637,0.81,0.3094444444444444,0.0,12.275,0.5866125780530802,0.001340081512575364,0.554832917959232,59.295614023293666,0.5949428835949707,0.26356589147286824,0.6941580756013745,0.32323883161512046,0.030000000000000027,15.18041237113402,0.5563451421071496,0.001512224147917629,candidate_threshold_optimization
G,0.82,0.5701193032876852,60.10642449125554,0.6025006749944435,0.20391161008642966,0.7537972508591065,0.31763029782359686,0.015000000000000013,13.676159793814433,0.5714788600801148,0.001359556792429606,0.5852724965405048,60.90391575165406,0.6099252743182827,0.14728682170542637,0.81,0.3094444444444444,0.0,12.275,0.5866125780530802,0.001340081512575364,0.5549661100348655,59.30893323085701,0.5950760756706043,0.26053639846743293,0.697594501718213,0.3258161512027493,0.030000000000000027,15.077319587628866,0.5563451421071496,0.0013790320722840699,candidate_threshold_optimization
G,0.83,0.5701193032876852,60.10642449125554,0.6025006749944435,0.20391161008642966,0.7537972508591065,0.31763029782359686,0.015000000000000013,13.676159793814433,0.5714788600801148,0.001359556792429606,0.5852724965405048,60.90391575165406,0.6099252743182827,0.14728682170542637,0.81,0.3094444444444444,0.0,12.275,0.5866125780530802,0.001340081512575364,0.5549661100348655,59.30893323085701,0.5950760756706043,0.26053639846743293,0.697594501718213,0.3258161512027493,0.030000000000000027,15.077319587628866,0.5563451421071496,0.0013790320722840699,candidate_threshold_optimization
G,0.84,0.5700443032876852,60.10392449125553,0.6024756749944435,0.2072884012539185,0.7537972508591065,0.31763029782359686,0.015000000000000013,13.726159793814432,0.5714788600801148,0.0014345567924296532,0.5851224965405049,60.89891575165406,0.6098752743182827,0.14942528735632185,0.81,0.3094444444444444,0.0,12.375,0.5866125780530802,0.0014900815125753475,0.5549661100348655,59.30893323085701,0.5950760756706043,0.26515151515151514,0.697594501718213,0.3258161512027493,0.030000000000000027,15.077319587628866,0.5563451421071496,0.0013790320722840699,candidate_threshold_optimization
G,0.85,0.5700448905518014,60.10326729555949,0.602469103037483,0.20392612682422834,0.7572336769759451,0.31584049255441005,0.015000000000000013,13.790592783505154,0.5714788600801148,0.001433969528313428,0.5851224965405049,60.89891575165406,0.6098752743182827,0.14942528735632185,0.81,0.3094444444444444,0.0,12.375,0.5866125780530802,0.0014900815125753475,0.5549672845630981,59.307618839464915,0.5950629317566833,0.25842696629213485,0.7044673539518901,0.3222365406643757,0.030000000000000027,15.206185567010309,0.5563451421071496,0.0013778575440515084,candidate_threshold_optimization
G,0.86,0.570222061289722,60.11612325824042,0.6025976626642924,0.2030771195097038,0.7589003436426117,0.31556271477663234,0.015000000000000013,13.753092783505155,0.5714788600801148,0.0012567987903928657,0.585476838016346,60.92462767701593,0.6101323935719015,0.14772727272727273,0.8133333333333334,0.308888888888889,0.0,12.3,0.5866125780530802,0.001135740036734223,0.5549672845630981,59.307618839464915,0.5950629317566833,0.25842696629213485,0.7044673539518901,0.3222365406643757,0.030000000000000027,15.206185567010309,0.5563451421071496,0.0013778575440515084,candidate_threshold_optimization
G,0.87,0.5702986076814744,60.11862325824042,0.6026226626642923,0.2071969696969697,0.7589003436426117,0.31556271477663234,0.015000000000000013,13.701546391752577,0.5714788600801148,0.0011802523986403912,0.585476838016346,60.92462767701593,0.6101323935719015,0.14772727272727273,0.8133333333333334,0.308888888888889,0.0,12.3,0.5866125780530802,0.001135740036734223,0.555120377346603,59.31261883946492,0.5951129317566832,0.26666666666666666,0.7044673539518901,0.3222365406643757,0.030000000000000027,15.103092783505154,0.5563451421071496,0.0012247647605465595,candidate_threshold_optimization
G,0.88,0.5704600777651425,60.143934069585455,0.6028757707777428,0.20544258373205743,0.7674914089347079,0.3172093356242842,0.015000000000000013,13.727319587628866,0.5714788600801148,0.0010187823149723219,0.585476838016346,60.92462767701593,0.6101323935719015,0.14772727272727273,0.8133333333333334,0.308888888888889,0.0,12.3,0.5866125780530802,0.001135740036734223,0.555443317513939,59.36324046215498,0.595619147983584,0.2631578947368421,0.7216494845360825,0.32552978235967944,0.030000000000000027,15.154639175257731,0.5563451421071496,0.0009018245932105318,candidate_threshold_optimization
G,0.89,0.5704600777651425,60.143934069585455,0.6028757707777428,0.20544258373205743,0.7674914089347079,0.3172093356242842,0.015000000000000013,13.727319587628866,0.5714788600801148,0.0010187823149723219,0.585476838016346,60.92462767701593,0.6101323935719015,0.14772727272727273,0.8133333333333334,0.308888888888889,0.0,12.3,0.5866125780530802,0.001135740036734223,0.555443317513939,59.36324046215498,0.595619147983584,0.2631578947368421,0.7216494845360825,0.32552978235967944,0.030000000000000027,15.154639175257731,0.5563451421071496,0.0009018245932105318,candidate_threshold_optimization
G,0.9,0.5704600777651425,60.143934069585455,0.6028757707777428,0.20544258373205743,0.7674914089347079,0.3172093356242842,0.015000000000000013,13.727319587628866,0.5714788600801148,0.0010187823149723219,0.585476838016346,60.92462767701593,0.6101323935719015,0.14772727272727273,0.8133333333333334,0.308888888888889,0.0,12.3,0.5866125780530802,0.001135740036734223,0.555443317513939,59.36324046215498,0.595619147983584,0.2631578947368421,0.7216494845360825,0.32552978235967944,0.030000000000000027,15.154639175257731,0.5563451421071496,0.0009018245932105318,candidate_threshold_optimization
G,0.91,0.5704600777651425,60.143934069585455,0.6028757707777428,0.20544258373205743,0.7674914089347079,0.3172093356242842,0.015000000000000013,13.727319587628866,0.5714788600801148,0.0010187823149723219,0.585476838016346,60.92462767701593,0.6101323935719015,0.14772727272727273,0.8133333333333334,0.308888888888889,0.0,12.3,0.5866125780530802,0.001135740036734223,0.555443317513939,59.36324046215498,0.595619147983584,0.2631578947368421,0.7216494845360825,0.32552978235967944,0.030000000000000027,15.154639175257731,0.5563451421071496,0.0009018245932105318,candidate_threshold_optimization
G,0.92,0.5704600777651425,60.143934069585455,0.6028757707777428,0.20544258373205743,0.7674914089347079,0.3172093356242842,0.015000000000000013,13.727319587628866,0.5714788600801148,0.0010187823149723219,0.585476838016346,60.92462767701593,0.6101323935719015,0.14772727272727273,0.8133333333333334,0.308888888888889,0.0,12.3,0.5866125780530802,0.001135740036734223,0.555443317513939,59.36324046215498,0.595619147983584,0.2631578947368421,0.7216494845360825,0.32552978235967944,0.030000000000000027,15.154639175257731,0.5563451421071496,0.0009018245932105318,candidate_threshold_optimization
G,0.93,0.5708771286405276,60.18383360156841,0.6032747660975724,0.20194931773879143,0.7791580756013745,0.3170704467353953,0.015000000000000013,13.714819587628867,0.5714788600801148,0.0006017314395871942,0.5863109397671162,61.00442674098184,0.6109303842115608,0.14074074074074075,0.8366666666666667,0.30861111111111117,0.0,12.275,0.5866125780530802,0.0003016382859639677,0.555443317513939,59.36324046215498,0.595619147983584,0.2631578947368421,0.7216494845360825,0.32552978235967944,0.030000000000000027,15.154639175257731,0.5563451421071496,0.0009018245932105318,candidate_threshold_optimization
G,0.94,0.5708771286405276,60.18383360156841,0.6032747660975724,0.20194931773879143,0.7791580756013745,0.3170704467353953,0.015000000000000013,13.714819587628867,0.5714788600801148,0.0006017314395871942,0.5863109397671162,61.00442674098184,0.6109303842115608,0.14074074074074075,0.8366666666666667,0.30861111111111117,0.0,12.275,0.5866125780530802,0.0003016382859639677,0.555443317513939,59.36324046215498,0.595619147983584,0.2631578947368421,0.7216494845360825,0.32552978235967944,0.030000000000000027,15.154639175257731,0.5563451421071496,0.0009018245932105318,candidate_threshold_optimization
G,0.95,0.5710505585752123,60.21518862252828,0.603588316307171,0.20641252955082742,0.7875429553264605,0.319987113402062,0.015000000000000013,13.738273195876289,0.5714788600801148,0.000428301504902584,0.5862495412283176,61.036620220435324,0.6112523190060954,0.14893617021276595,0.85,0.3144444444444445,0.0,12.425,0.5866125780530802,0.0003630368247625748,0.5558515759221069,59.39375702462124,0.5959243136082466,0.2638888888888889,0.7250859106529209,0.32552978235967944,0.030000000000000027,15.051546391752577,0.5563451421071496,0.0004935661850427042,candidate_threshold_optimization
G,0.96,0.5712090684718574,60.22516905090986,0.6036881205909868,0.20201910551454624,0.7944158075601375,0.31819730813287517,0.015000000000000013,13.751159793814434,0.5714788600801148,0.0002697916082574636,0.5862495412283176,61.036620220435324,0.6112523190060954,0.14893617021276595,0.85,0.3144444444444445,0.0,12.425,0.5866125780530802,0.0003630368247625748,0.5561685957153971,59.4137178813844,0.5961239221758782,0.25510204081632654,0.738831615120275,0.3219501718213058,0.030000000000000027,15.077319587628866,0.5563451421071496,0.00017654639175246345,candidate_threshold_optimization
G,0.97,0.5712973416677336,60.23141905090986,0.6037506205909868,0.20113475177304965,0.7961340206185568,0.31819730813287517,0.015000000000000013,13.725386597938144,0.5714788600801148,0.0001815184123812319,0.5862495412283176,61.036620220435324,0.6112523190060954,0.14893617021276595,0.85,0.3144444444444445,0.0,12.425,0.5866125780530802,0.0003630368247625748,0.5563451421071496,59.42621788138439,0.5962489221758781,0.25333333333333335,0.7422680412371134,0.3219501718213058,0.030000000000000027,15.025773195876289,0.5563451421071496,0.0,candidate_threshold_optimization
G,0.98,0.5713413600801149,60.22498755881465,0.6036863056700348,0.20035087719298245,0.7961340206185568,0.31673897479954183,0.015000000000000013,13.675386597938143,0.5714788600801148,0.0001374999999999016,0.5863375780530803,61.02375723624491,0.6111236891641915,0.14736842105263157,0.85,0.31152777777777785,0.0,12.325,0.5866125780530802,0.0002749999999999142,0.5563451421071496,59.42621788138439,0.5962489221758781,0.25333333333333335,0.7422680412371134,0.3219501718213058,0.030000000000000027,15.025773195876289,0.5563451421071496,0.0,candidate_threshold_optimization
G,0.99,0.571428860080115,60.231237558814655,0.6037488056700347,0.2014965986394558,0.7978006872852235,0.31673897479954183,0.015000000000000013,13.650386597938144,0.5714788600801148,4.999999999988347e-05,0.5865125780530802,61.036257236244914,0.6112486891641914,0.14965986394557823,0.8533333333333334,0.31152777777777785,0.0,12.275,0.5866125780530802,9.999999999998899e-05,0.5563451421071496,59.42621788138439,0.5962489221758781,0.25333333333333335,0.7422680412371134,0.3219501718213058,0.030000000000000027,15.025773195876289,0.5563451421071496,0.0,candidate_threshold_optimization
G,1.0,0.5714788600801148,60.23623755881465,0.6037988056700347,0.20166666666666666,0.7994673539518901,0.31673897479954183,0.015000000000000013,13.650386597938144,0.5714788600801148,0.0,0.5866125780530802,61.04625723624492,0.6113486891641914,0.15,0.8566666666666667,0.31152777777777785,0.0,12.275,0.5866125780530802,0.0,0.5563451421071496,59.42621788138439,0.5962489221758781,0.25333333333333335,0.7422680412371134,0.3219501718213058,0.030000000000000027,15.025773195876289,0.5563451421071496,0.0,candidate_threshold_optimization
H,0.0,0.2773222395865175,43.02687259756586,0.4315511144698042,0.0,0.7696778711484594,0.31772292250233436,0.31,17.51995798319328,0.2826506009310554,0.005328361344537846,0.2834331010426993,43.227958605685956,0.43300849786809614,0.0,0.8285714285714286,0.3045634920634921,0.30000000000000004,17.392857142857142,0.2874045296141278,0.003971428571428515,0.27121137813033575,42.82578658944577,0.4300937310715122,0.0,0.7107843137254902,0.3308823529411766,0.31999999999999995,17.647058823529413,0.2778966722479829,0.006685294117647178,candidate_threshold_optimization
H,0.01,0.27766152530080324,43.03937259756586,0.43167611446980414,0.0,0.7721288515406163,0.31772292250233436,0.31,17.305672268907564,0.2826506009310554,0.004989075630252138,0.28401167247127074,43.242958605685956,0.4331584978680961,0.0,0.8285714285714286,0.3045634920634921,0.30000000000000004,16.964285714285715,0.2874045296141278,0.0033928571428570864,0.27131137813033573,42.83578658944576,0.4301937310715122,0.0,0.7156862745098039,0.3308823529411766,0.31999999999999995,17.647058823529413,0.2778966722479829,0.006585294117647189,candidate_threshold_optimization
H,0.02,0.277763311015089,43.05312259756586,0.43181361446980415,0.0,0.7792717086834734,0.31772292250233436,0.31,17.34138655462185,0.2826506009310554,0.004887289915966375,0.2842152438998422,43.27045860568595,0.43343349786809615,0.0,0.8428571428571429,0.3045634920634921,0.30000000000000004,17.035714285714285,0.2874045296141278,0.003189285714285617,0.27131137813033573,42.83578658944576,0.4301937310715122,0.0,0.7156862745098039,0.3308823529411766,0.31999999999999995,17.647058823529413,0.2778966722479829,0.006585294117647189,candidate_threshold_optimization
H,0.03,0.27845217656130744,43.09312259756586,0.4322136144698042,0.0,0.7937675070028011,0.31772292250233436,0.31,17.05252100840336,0.2826506009310554,0.004198424369747933,0.28499738675698505,43.31295860568595,0.43385849786809616,0.0,0.8571428571428571,0.3045634920634921,0.30000000000000004,16.678571428571427,0.2874045296141278,0.0024071428571427744,0.27190696636562983,42.87328658944577,0.4305687310715122,0.0,0.7303921568627451,0.3308823529411766,0.31999999999999995,17.426470588235293,0.2778966722479829,0.005989705882353091,candidate_threshold_optimization
H,0.04,0.27889923538483685,43.12312259756586,0.4325136144698042,0.0,0.8060224089635855,0.31772292250233436,0.31,16.905462184873947,0.2826506009310554,0.0037513655462185214,0.28499738675698505,43.31295860568595,0.43385849786809616,0.0,0.8571428571428571,0.3045634920634921,0.30000000000000004,16.678571428571427,0.2874045296141278,0.0024071428571427744,0.2728010840126887,42.93328658944577,0.43116873107151227,0.0,0.7549019607843137,0.3308823529411766,0.31999999999999995,17.13235294117647,0.2778966722479829,0.005095588235294213,candidate_threshold_optimization
H,0.05,0.27889923538483685,43.12312259756586,0.4325136144698042,0.0,0.8060224089635855,0.31772292250233436,0.31,16.905462184873947,0.2826506009310554,0.0037513655462185214,0.28499738675698505,43.31295860568595,0.43385849786809616,0.0,0.8571428571428571,0.3045634920634921,0.30000000000000004,16.678571428571427,0.2874045296141278,0.0024071428571427744,0.2728010840126887,42.93328658944577,0.43116873107151227,0.0,0.7549019607843137,0.3308823529411766,0.31999999999999995,17.13235294117647,0.2778966722479829,0.005095588235294213,candidate_threshold_optimization
H,0.06,0.27884997067895456,43.121872597565854,0.4325011144698042,0.0,0.8060224089635855,0.31772292250233436,0.31,16.942226890756302,0.2826506009310554,0.0038006302521008117,0.28499738675698505,43.31295860568595,0.43385849786809616,0.0,0.8571428571428571,0.3045634920634921,0.30000000000000004,16.678571428571427,0.2874045296141278,0.0024071428571427744,0.2727025546009241,42.930786589445766,0.43114373107151227,0.0,0.7549019607843137,0.3308823529411766,0.31999999999999995,17.205882352941178,0.2778966722479829,0.005194117647058849,candidate_threshold_optimization
H,0.07,0.2788031219394587,43.11687259756586,0.43245111446980417,0.0,0.8036414565826331,0.31772292250233436,0.31,16.9390756302521,0.2826506009310554,0.0038474789915966534,0.2846081010426993,43.29545860568595,0.4336834978680961,0.0,0.8523809523809524,0.3045634920634921,0.30000000000000004,16.892857142857142,0.2874045296141278,0.002796428571428533,0.27299814283621815,42.93828658944577,0.4312187310715122,0.0,0.7549019607843137,0.3308823529411766,0.31999999999999995,16.985294117647058,0.2778966722479829,0.004898529411764774,candidate_threshold_optimization
H,0.08,0.2789002858050049,43.12312259756586,0.4325136144698042,0.0,0.8060224089635855,0.31772292250233436,0.31,16.904411764705884,0.2826506009310554,0.003750315126050452,0.28490095818555644,43.31045860568595,0.43383349786809616,0.0,0.8571428571428571,0.3045634920634921,0.30000000000000004,16.75,0.2874045296141278,0.002503571428571383,0.27289961342445335,42.93578658944577,0.4311937310715122,0.0,0.7549019607843137,0.3308823529411766,0.31999999999999995,17.058823529411764,0.2778966722479829,0.0049970588235295765,candidate_threshold_optimization
H,0.09,0.27870028580500483,43.10312259756586,0.43231361446980415,0.0,0.7962885154061625,0.31772292250233436,0.31,16.904411764705884,0.2826506009310554,0.003950315126050541,0.28480095818555634,43.300458605685954,0.43373349786809606,0.0,0.8523809523809524,0.3045634920634921,0.30000000000000004,16.75,0.2874045296141278,0.002603571428571483,0.2725996134244534,42.90578658944577,0.43089373107151224,0.0,0.7401960784313726,0.3308823529411766,0.31999999999999995,17.058823529411764,0.2778966722479829,0.0052970588235295435,candidate_threshold_optimization
H,0.1,0.279148079922652,43.13687259756586,0.4326511144698042,0.0,0.8109943977591036,0.31772292250233436,0.31,16.794117647058826,0.2826506009310554,0.0035025210084033698,0.28480095818555634,43.300458605685954,0.43373349786809606,0.0,0.8523809523809524,0.3045634920634921,0.30000000000000004,16.75,0.2874045296141278,0.002603571428571483,0.2734952016597476,42.97328658944577,0.4315687310715123,0.0,0.7696078431372549,0.3308823529411766,0.31999999999999995,16.83823529411765,0.2778966722479829,0.004401470588235312,candidate_threshold_optimization
H,0.11,0.27930091605710583,43.15562259756586,0.4328386144698042,0.0,0.8207983193277311,0.31772292250233436,0.31,16.82878151260504,0.2826506009310554,0.0033496848739495433,0.2846081010426993,43.29545860568595,0.4336834978680961,0.0,0.8523809523809524,0.3045634920634921,0.30000000000000004,16.892857142857142,0.2874045296141278,0.002796428571428533,0.2739937310715123,43.01578658944577,0.4319937310715123,0.0,0.7892156862745098,0.3308823529411766,0.31999999999999995,16.764705882352942,0.2778966722479829,0.003902941176470609,candidate_threshold_optimization
H,0.12,0.2792027017713915,43.14937259756586,0.43277611446980424,0.0,0.8184173669467787,0.31772292250233436,0.31,16.86449579831933,0.2826506009310554,0.0034478991596638697,0.2844116724712707,43.28295860568595,0.43355849786809614,0.0,0.8476190476190476,0.3045634920634921,0.30000000000000004,16.964285714285715,0.2874045296141278,0.0029928571428571304,0.2739937310715123,43.01578658944577,0.4319937310715123,0.0,0.7892156862745098,0.3308823529411766,0.31999999999999995,16.764705882352942,0.2778966722479829,0.003902941176470609,candidate_threshold_optimization
H,0.13,0.2792027017713915,43.14937259756586,0.43277611446980424,0.0,0.8184173669467787,0.31772292250233436,0.31,16.86449579831933,0.2826506009310554,0.0034478991596638697,0.2844116724712707,43.28295860568595,0.43355849786809614,0.0,0.8476190476190476,0.3045634920634921,0.30000000000000004,16.964285714285715,0.2874045296141278,0.0029928571428571304,0.2739937310715123,43.01578658944577,0.4319937310715123,0.0,0.7892156862745098,0.3308823529411766,0.31999999999999995,16.764705882352942,0.2778966722479829,0.003902941176470609,candidate_threshold_optimization
H,0.14,0.2791598446285344,43.15937259756586,0.4328761144698042,0.0,0.8255602240896358,0.31772292250233436,0.31,17.00735294117647,0.2826506009310554,0.003490756302520992,0.2843259581855564,43.30295860568595,0.43375849786809606,0.0,0.861904761904762,0.3045634920634921,0.30000000000000004,17.25,0.2874045296141278,0.0030785714285714305,0.2739937310715123,43.01578658944577,0.4319937310715123,0.0,0.7892156862745098,0.3308823529411766,0.31999999999999995,16.764705882352942,0.2778966722479829,0.003902941176470609,candidate_threshold_optimization
H,0.15,0.2787149916873578,43.14062259756586,0.4326886144698041,0.0,0.8206582633053221,0.31772292250233436,0.31,17.264705882352942,0.2826506009310554,0.003935609243697569,0.2843259581855564,43.30295860568595,0.43375849786809606,0.0,0.861904761904762,0.3045634920634921,0.30000000000000004,17.25,0.2874045296141278,0.0030785714285714305,0.27310402518915927,42.978286589445766,0.4316187310715122,0.0,0.7794117647058824,0.3308823529411766,0.31999999999999995,17.279411764705884,0.2778966722479829,0.004792647058823651,candidate_threshold_optimization
H,0.16,0.2787149916873578,43.14062259756586,0.4326886144698041,0.0,0.8206582633053221,0.31772292250233436,0.31,17.264705882352942,0.2826506009310554,0.003935609243697569,0.2843259581855564,43.30295860568595,0.43375849786809606,0.0,0.861904761904762,0.3045634920634921,0.30000000000000004,17.25,0.2874045296141278,0.0030785714285714305,0.27310402518915927,42.978286589445766,0.4316187310715122,0.0,0.7794117647058824,0.3308823529411766,0.31999999999999995,17.279411764705884,0.2778966722479829,0.004792647058823651,candidate_threshold_optimization
H,0.17,0.2786721345445007,43.15062259756586,0.4327886144698041,0.0,0.8278011204481792,0.31772292250233436,0.31,17.407563025210084,0.2826506009310554,0.003978466386554691,0.2842402438998421,43.322958605685955,0.43395849786809604,0.0,0.8761904761904762,0.3045634920634921,0.30000000000000004,17.535714285714285,0.2874045296141278,0.0031642857142857306,0.27310402518915927,42.978286589445766,0.4316187310715122,0.0,0.7794117647058824,0.3308823529411766,0.31999999999999995,17.279411764705884,0.2778966722479829,0.004792647058823651,candidate_threshold_optimization
H,0.18,0.2786721345445007,43.15062259756586,0.4327886144698041,0.0,0.8278011204481792,0.31772292250233436,0.31,17.407563025210084,0.2826506009310554,0.003978466386554691,0.2842402438998421,43.322958605685955,0.43395849786809604,0.0,0.8761904761904762,0.3045634920634921,0.30000000000000004,17.535714285714285,0.2874045296141278,0.0031642857142857306,0.27310402518915927,42.978286589445766,0.4316187310715122,0.0,0.7794117647058824,0.3308823529411766,0.31999999999999995,17.279411764705884,0.2778966722479829,0.004792647058823651,candidate_threshold_optimization
H,0.19,0.2788706639562654,43.16312259756586,0.43291361446980414,0.0,0.8326330532212884,0.31772292250233436,0.31,17.334033613445378,0.2826506009310554,0.0037799369747899547,0.2843402438998421,43.33295860568596,0.4340584978680961,0.0,0.8809523809523809,0.3045634920634921,0.30000000000000004,17.535714285714285,0.2874045296141278,0.0030642857142857416,0.27340108401268876,42.993286589445766,0.43176873107151226,0.0,0.7843137254901961,0.3308823529411766,0.31999999999999995,17.13235294117647,0.2778966722479829,0.004495588235294168,candidate_threshold_optimization
H,0.2,0.2788706639562654,43.16312259756586,0.43291361446980414,0.0,0.8326330532212884,0.31772292250233436,0.31,17.334033613445378,0.2826506009310554,0.0037799369747899547,0.2843402438998421,43.33295860568596,0.4340584978680961,0.0,0.8809523809523809,0.3045634920634921,0.30000000000000004,17.535714285714285,0.2874045296141278,0.0030642857142857416,0.27340108401268876,42.993286589445766,0.43176873107151226,0.0,0.7843137254901961,0.3308823529411766,0.31999999999999995,17.13235294117647,0.2778966722479829,0.004495588235294168,candidate_threshold_optimization
H,0.21,0.2789121555529041,43.15687259756586,0.4328511144698042,0.0,0.8278011204481792,0.31772292250233436,0.31,17.23004201680672,0.2826506009310554,0.003738445378151267,0.2848188153284136,43.337958605685955,0.43410849786809613,0.0,0.8761904761904762,0.3045634920634921,0.30000000000000004,17.107142857142858,0.2874045296141278,0.0025857142857142468,0.27300549577739464,42.97578658944576,0.4315937310715123,0.0,0.7794117647058824,0.3308823529411766,0.31999999999999995,17.352941176470587,0.2778966722479829,0.004891176470588288,candidate_threshold_optimization
H,0.22,0.27886362614113935,43.15937259756586,0.4328761144698042,0.0,0.8302521008403361,0.31772292250233436,0.31,17.30357142857143,0.2826506009310554,0.00378697478991602,0.2848188153284136,43.337958605685955,0.43410849786809613,0.0,0.8761904761904762,0.3045634920634921,0.30000000000000004,17.107142857142858,0.2874045296141278,0.0025857142857142468,0.2729084369538652,42.98078658944577,0.4316437310715122,0.0,0.7843137254901961,0.3308823529411766,0.31999999999999995,17.5,0.2778966722479829,0.004988235294117738,candidate_threshold_optimization
H,0.23,0.27886362614113935,43.15937259756586,0.4328761144698042,0.0,0.8302521008403361,0.31772292250233436,0.31,17.30357142857143,0.2826506009310554,0.00378697478991602,0.2848188153284136,43.337958605685955,0.43410849786809613,0.0,0.8761904761904762,0.3045634920634921,0.30000000000000004,17.107142857142858,0.2874045296141278,0.0025857142857142468,0.2729084369538652,42.98078658944577,0.4316437310715122,0.0,0.7843137254901961,0.3308823529411766,0.31999999999999995,17.5,0.2778966722479829,0.004988235294117738,candidate_threshold_optimization
H,0.24,0.27896289084702175,43.16562259756586,0.4329386144698042,0.0,0.8327030812324929,0.31772292250233436,0.31,17.266806722689076,0.2826506009310554,0.003687710084033624,0.2848188153284136,43.337958605685955,0.43410849786809613,0.0,0.8761904761904762,0.3045634920634921,0.30000000000000004,17.107142857142858,0.2874045296141278,0.0025857142857142468,0.2731069663656299,42.993286589445766,0.43176873107151226,0.0,0.7892156862745098,0.3308823529411766,0.31999999999999995,17.426470588235293,0.2778966722479829,0.004789705882353001,candidate_threshold_optimization
H,0.25,0.27896289084702175,43.16562259756586,0.4329386144698042,0.0,0.8327030812324929,0.31772292250233436,0.31,17.266806722689076,0.2826506009310554,0.003687710084033624,0.2848188153284136,43.337958605685955,0.43410849786809613,0.0,0.8761904761904762,0.3045634920634921,0.30000000000000004,17.107142857142858,0.2874045296141278,0.0025857142857142468,0.2731069663656299,42.993286589445766,0.43176873107151226,0.0,0.7892156862745098,0.3308823529411766,0.31999999999999995,17.426470588235293,0.2778966722479829,0.004789705882353001,candidate_threshold_optimization
H,0.26,0.27906289084702174,43.17562259756586,0.4330386144698042,0.0,0.8376050420168067,0.31772292250233436,0.31,17.266806722689076,0.2826506009310554,0.003587710084033635,0.2848188153284136,43.337958605685955,0.43410849786809613,0.0,0.8761904761904762,0.3045634920634921,0.30000000000000004,17.107142857142858,0.2874045296141278,0.0025857142857142468,0.2733069663656299,43.01328658944576,0.4319687310715123,0.0,0.7990196078431373,0.3308823529411766,0.31999999999999995,17.426470588235293,0.2778966722479829,0.0045897058823530235,candidate_threshold_optimization
H,0.27,0.27912181941845027,43.199372597565855,0.4332761144698042,0.0,0.8518907563025211,0.31772292250233436,0.31,17.445378151260506,0.2826506009310554,0.003528781512605106,0.28493667247127064,43.385458605685955,0.4345834978680961,0.0,0.9047619047619048,0.3045634920634921,0.30000000000000004,17.464285714285715,0.2874045296141278,0.0024678571428571883,0.2733069663656299,43.01328658944576,0.4319687310715123,0.0,0.7990196078431373,0.3308823529411766,0.31999999999999995,17.426470588235293,0.2778966722479829,0.0045897058823530235,candidate_threshold_optimization
H,0.28,0.27912181941845027,43.199372597565855,0.4332761144698042,0.0,0.8518907563025211,0.31772292250233436,0.31,17.445378151260506,0.2826506009310554,0.003528781512605106,0.28493667247127064,43.385458605685955,0.4345834978680961,0.0,0.9047619047619048,0.3045634920634921,0.30000000000000004,17.464285714285715,0.2874045296141278,0.0024678571428571883,0.2733069663656299,43.01328658944576,0.4319687310715123,0.0,0.7990196078431373,0.3308823529411766,0.31999999999999995,17.426470588235293,0.2778966722479829,0.0045897058823530235,candidate_threshold_optimization
H,0.29,0.27912181941845027,43.199372597565855,0.4332761144698042,0.0,0.8518907563025211,0.31772292250233436,0.31,17.445378151260506,0.2826506009310554,0.003528781512605106,0.28493667247127064,43.385458605685955,0.4345834978680961,0.0,0.9047619047619048,0.3045634920634921,0.30000000000000004,17.464285714285715,0.2874045296141278,0.0024678571428571883,0.2733069663656299,43.01328658944576,0.4319687310715123,0.0,0.7990196078431373,0.3308823529411766,0.31999999999999995,17.426470588235293,0.2778966722479829,0.0045897058823530235,candidate_threshold_optimization
H,0.3,0.27897717656130744,43.19562259756586,0.4332386144698042,0.0,0.8518907563025211,0.31772292250233436,0.31,17.55252100840336,0.2826506009310554,0.003673424369747935,0.284647386756985,43.377958605685954,0.43450849786809614,0.0,0.9047619047619048,0.3045634920634921,0.30000000000000004,17.678571428571427,0.2874045296141278,0.002757142857142847,0.2733069663656299,43.01328658944576,0.4319687310715123,0.0,0.7990196078431373,0.3308823529411766,0.31999999999999995,17.426470588235293,0.2778966722479829,0.0045897058823530235,candidate_threshold_optimization
H,0.31,0.2789779118554251,43.199372597565855,0.4332761144698042,0.0,0.854341736694678,0.31772292250233436,0.31,17.589285714285715,0.2826506009310554,0.0036726890756302866,0.284647386756985,43.377958605685954,0.43450849786809614,0.0,0.9047619047619048,0.3045634920634921,0.30000000000000004,17.678571428571427,0.2874045296141278,0.002757142857142847,0.27330843695386514,43.02078658944576,0.4320437310715122,0.0,0.803921568627451,0.3308823529411766,0.31999999999999995,17.5,0.2778966722479829,0.004588235294117782,candidate_threshold_optimization
H,0.32,0.2791271765613074,43.21062259756586,0.43338861446980415,0.009259259259259259,0.8592436974789917,0.31772292250233436,0.31,17.55252100840336,0.2826506009310554,0.0035234243697479517,0.284647386756985,43.377958605685954,0.43450849786809614,0.0,0.9047619047619048,0.3045634920634921,0.30000000000000004,17.678571428571427,0.2874045296141278,0.002757142857142847,0.27360696636562987,43.04328658944577,0.4322687310715122,0.018518518518518517,0.8137254901960784,0.3308823529411766,0.31999999999999995,17.426470588235293,0.2778966722479829,0.0042897058823530565,candidate_threshold_optimization
H,0.33,0.2793249706789545,43.219372597565865,0.43347611446980416,0.009009009009009009,0.8616946778711485,0.31772292250233436,0.31,17.442226890756302,0.2826506009310554,0.003325630252100864,0.284647386756985,43.377958605685954,0.43450849786809614,0.0,0.9047619047619048,0.3045634920634921,0.30000000000000004,17.678571428571427,0.2874045296141278,0.002757142857142847,0.27400255460092404,43.06078658944577,0.43244373107151224,0.018018018018018018,0.8186274509803921,0.3308823529411766,0.31999999999999995,17.205882352941178,0.2778966722479829,0.003894117647058881,candidate_threshold_optimization
H,0.34,0.2795685631159293,43.23312259756586,0.4336136144698042,0.008771929824561403,0.8664565826330533,0.31772292250233436,0.31,17.33613445378151,0.2826506009310554,0.0030820378151260597,0.28523310104269933,43.407958605685955,0.43480849786809617,0.0,0.9142857142857143,0.3045634920634921,0.30000000000000004,17.392857142857142,0.2874045296141278,0.002171428571428491,0.2739040251891593,43.058286589445764,0.43241873107151224,0.017543859649122806,0.8186274509803921,0.3308823529411766,0.31999999999999995,17.279411764705884,0.2778966722479829,0.0039926470588236285,candidate_threshold_optimization
H,0.35,0.2795685631159293,43.23312259756586,0.4336136144698042,0.008771929824561403,0.8664565826330533,0.31772292250233436,0.31,17.33613445378151,0.2826506009310554,0.0030820378151260597,0.28523310104269933,43.407958605685955,0.43480849786809617,0.0,0.9142857142857143,0.3045634920634921,0.30000000000000004,17.392857142857142,0.2874045296141278,0.002171428571428491,0.2739040251891593,43.058286589445764,0.43241873107151224,0.017543859649122806,0.8186274509803921,0.3308823529411766,0.31999999999999995,17.279411764705884,0.2778966722479829,0.0039926470588236285,candidate_threshold_optimization
H,0.36,0.27946866815794613,43.23437259756586,0.43362611446980415,0.008547008547008548,0.8688375350140056,0.31772292250233436,0.31,17.448529411764707,0.2826506009310554,0.0031819327731092417,0.28552595818555637,43.42295860568595,0.4349584978680961,0.0,0.919047619047619,0.3045634920634921,0.30000000000000004,17.25,0.2874045296141278,0.0018785714285714517,0.27341137813033584,43.04578658944577,0.43229373107151225,0.017094017094017096,0.8186274509803921,0.3308823529411766,0.31999999999999995,17.647058823529413,0.2778966722479829,0.004485294117647087,candidate_threshold_optimization
H,0.37,0.2793716093344167,43.23937259756586,0.4336761144698042,0.004166666666666667,0.8738095238095238,0.31772292250233436,0.31,17.595588235294116,0.2826506009310554,0.0032789915966386918,0.2854259581855565,43.41295860568595,0.4348584978680962,0.0,0.9142857142857143,0.3045634920634921,0.30000000000000004,17.25,0.2874045296141278,0.0019785714285713296,0.27331726048327687,43.06578658944577,0.4324937310715122,0.008333333333333333,0.8333333333333334,0.3308823529411766,0.31999999999999995,17.941176470588236,0.2778966722479829,0.004579411764706054,candidate_threshold_optimization
H,0.38,0.2792751807629881,43.23687259756586,0.4336511144698042,0.007870370370370371,0.8738095238095238,0.31772292250233436,0.31,17.66701680672269,0.2826506009310554,0.0033754201680673,0.28523310104269933,43.407958605685955,0.43480849786809617,0.007407407407407408,0.9142857142857143,0.3045634920634921,0.30000000000000004,17.392857142857142,0.2874045296141278,0.002171428571428491,0.27331726048327687,43.06578658944577,0.4324937310715122,0.008333333333333333,0.8333333333333334,0.3308823529411766,0.31999999999999995,17.941176470588236,0.2778966722479829,0.004579411764706054,candidate_threshold_optimization
H,0.39,0.2792751807629882,43.23687259756586,0.4336511144698042,0.011833785004516713,0.8738095238095238,0.31772292250233436,0.31,17.66701680672269,0.2826506009310554,0.003375420168067189,0.28523310104269933,43.407958605685955,0.43480849786809617,0.007407407407407408,0.9142857142857143,0.3045634920634921,0.30000000000000004,17.392857142857142,0.2874045296141278,0.002171428571428491,0.273317260483277,43.06578658944577,0.4324937310715123,0.016260162601626018,0.8333333333333334,0.3308823529411766,0.31999999999999995,17.941176470588236,0.2778966722479829,0.004579411764705943,candidate_threshold_optimization
H,0.4,0.2791805379058453,43.23812259756586,0.43366361446980417,0.01167618059159315,0.8761904761904762,0.31772292250233436,0.31,17.774159663865547,0.2826506009310554,0.0034700630252100795,0.28504381532841355,43.41045860568595,0.4348334978680961,0.0070921985815602835,0.919047619047619,0.3045634920634921,0.30000000000000004,17.607142857142858,0.2874045296141278,0.0023607142857142716,0.273317260483277,43.06578658944577,0.4324937310715123,0.016260162601626018,0.8333333333333334,0.3308823529411766,0.31999999999999995,17.941176470588236,0.2778966722479829,0.004579411764705943,candidate_threshold_optimization
H,0.41,0.2796761261411394,43.26562259756586,0.4339386144698042,0.013962765957446808,0.8859943977591036,0.31772292250233436,0.31,17.55357142857143,0.2826506009310554,0.0029744747899159707,0.28504381532841355,43.41045860568595,0.4348334978680961,0.0070921985815602835,0.919047619047619,0.3045634920634921,0.30000000000000004,17.607142857142858,0.2874045296141278,0.0023607142857142716,0.27430843695386525,43.120786589445764,0.4330437310715123,0.020833333333333332,0.8529411764705882,0.3308823529411766,0.31999999999999995,17.5,0.2778966722479829,0.00358823529411767,candidate_threshold_optimization
H,0.42,0.2796761261411394,43.26562259756586,0.4339386144698042,0.01375,0.8859943977591036,0.31772292250233436,0.31,17.55357142857143,0.2826506009310554,0.0029744747899159707,0.28504381532841355,43.41045860568595,0.4348334978680961,0.006666666666666667,0.919047619047619,0.3045634920634921,0.30000000000000004,17.607142857142858,0.2874045296141278,0.0023607142857142716,0.27430843695386525,43.120786589445764,0.4330437310715123,0.020833333333333332,0.8529411764705882,0.3308823529411766,0.31999999999999995,17.5,0.2778966722479829,0.00358823529411767,candidate_threshold_optimization
H,0.43,0.27908095807391253,43.235622597565865,0.43363861446980423,0.013071895424836602,0.8764705882352941,0.31772292250233436,0.31,17.84873949579832,0.2826506009310554,0.0035696428571428407,0.28474024389984215,43.37295860568596,0.43445849786809615,0.006535947712418301,0.9,0.3045634920634921,0.30000000000000004,17.535714285714285,0.2874045296141278,0.0026642857142856746,0.27342167224798286,43.09828658944576,0.43281873107151225,0.0196078431372549,0.8529411764705882,0.3308823529411766,0.31999999999999995,18.16176470588235,0.2778966722479829,0.004475000000000062,candidate_threshold_optimization
H,0.44,0.2795756009310553,43.27437259756586,0.4340261144698042,0.00980392156862745,0.8931372549019607,0.31772292250233436,0.31,17.741596638655462,0.2826506009310554,0.00307500000000005,0.2857295296141278,43.45045860568596,0.4352334978680961,0.0,0.9333333333333333,0.3045634920634921,0.30000000000000004,17.321428571428573,0.2874045296141278,0.0016750000000000376,0.27342167224798286,43.09828658944576,0.43281873107151225,0.0196078431372549,0.8529411764705882,0.3308823529411766,0.31999999999999995,18.16176470588235,0.2778966722479829,0.004475000000000062,candidate_threshold_optimization
H,0.45,0.28016698748567714,43.311872597565866,0.4344011144698041,0.009375727929187049,0.9076330532212885,0.31772292250233436,0.31,17.525210084033613,0.2826506009310554,0.00248361344537823,0.2864152438998421,43.49045860568596,0.4356334978680961,0.006172839506172839,0.9476190476190476,0.3045634920634921,0.30000000000000004,17.035714285714285,0.2874045296141278,0.000989285714285748,0.27391873107151227,43.13328658944577,0.4331687310715122,0.012578616352201259,0.8676470588235294,0.3308823529411766,0.31999999999999995,18.014705882352942,0.2778966722479829,0.003977941176470656,candidate_threshold_optimization
H,0.46,0.27997413034282004,43.30687259756586,0.4343511144698042,0.008825944170771757,0.9077731092436975,0.31772292250233436,0.31,17.668067226890756,0.2826506009310554,0.0026764705882353357,0.2858295296141278,43.46045860568595,0.4353334978680961,0.005747126436781609,0.9380952380952381,0.3045634920634921,0.30000000000000004,17.321428571428573,0.2874045296141278,0.0015750000000000486,0.27411873107151224,43.15328658944576,0.43336873107151225,0.011904761904761904,0.8774509803921569,0.3308823529411766,0.31999999999999995,18.014705882352942,0.2778966722479829,0.0037779411764706783,candidate_threshold_optimization
H,0.47,0.27997413034282004,43.30687259756586,0.4343511144698042,0.008721516434765073,0.9077731092436975,0.31772292250233436,0.31,17.668067226890756,0.2826506009310554,0.0026764705882353357,0.2858295296141278,43.46045860568595,0.4353334978680961,0.005747126436781609,0.9380952380952381,0.3045634920634921,0.30000000000000004,17.321428571428573,0.2874045296141278,0.0015750000000000486,0.27411873107151224,43.15328658944576,0.43336873107151225,0.011695906432748537,0.8774509803921569,0.3308823529411766,0.31999999999999995,18.014705882352942,0.2778966722479829,0.0037779411764706783,candidate_threshold_optimization
H,0.48,0.28002413034282003,43.31187259756586,0.4344011144698042,0.005747126436781609,0.9102240896358543,0.31772292250233436,0.31,17.668067226890756,0.2826506009310554,0.002626470588235341,0.2858295296141278,43.46045860568595,0.4353334978680961,0.005747126436781609,0.9380952380952381,0.3045634920634921,0.30000000000000004,17.321428571428573,0.2874045296141278,0.0015750000000000486,0.27421873107151223,43.16328658944577,0.43346873107151224,0.005747126436781609,0.8823529411764706,0.3308823529411766,0.31999999999999995,18.014705882352942,0.2778966722479829,0.0036779411764706893,candidate_threshold_optimization
H,0.49,0.2801726597545847,43.31937259756586,0.43447611446980416,0.00847457627118644,0.9126750700280112,0.31772292250233436,0.31,17.594537815126053,0.2826506009310554,0.002477941176470655,0.2858295296141278,43.46045860568595,0.4353334978680961,0.011299435028248588,0.9380952380952381,0.3045634920634921,0.30000000000000004,17.321428571428573,0.2874045296141278,0.0015750000000000486,0.2745157898950416,43.17828658944577,0.4336187310715122,0.005649717514124294,0.8872549019607843,0.3308823529411766,0.31999999999999995,17.86764705882353,0.2778966722479829,0.0033808823529413168,candidate_threshold_optimization
H,0.5,0.2802772816033242,43.33687259756586,0.4346511144698042,0.013752276867030965,0.9222689075630253,0.31772292250233436,0.31,17.664915966386552,0.2826506009310554,0.0023733193277311604,0.28584024389984214,43.48295860568596,0.43555849786809614,0.011111111111111112,0.9523809523809523,0.3045634920634921,0.30000000000000004,17.535714285714285,0.2874045296141278,0.0015642857142856847,0.27471431930680634,43.190786589445764,0.43374373107151226,0.01639344262295082,0.8921568627450981,0.3308823529411766,0.31999999999999995,17.794117647058822,0.2778966722479829,0.0031823529411765805,candidate_threshold_optimization
H,0.51,0.28022906731761,43.33562259756586,0.43463861446980423,0.013440860215053764,0.9222689075630253,0.31772292250233436,0.31,17.70063025210084,0.2826506009310554,0.0024215336134453813,0.2857438153284136,43.48045860568595,0.43553349786809614,0.010752688172043012,0.9523809523809523,0.3045634920634921,0.30000000000000004,17.607142857142858,0.2874045296141278,0.0016607142857142376,0.27471431930680634,43.190786589445764,0.43374373107151226,0.016129032258064516,0.8921568627450981,0.3308823529411766,0.31999999999999995,17.794117647058822,0.2778966722479829,0.0031823529411765805,candidate_threshold_optimization
H,0.52,0.2802754958890385,43.33312259756586,0.4346136144698042,0.01310350529100529,0.9198879551820729,0.31772292250233436,0.31,17.629201680672267,0.2826506009310554,0.0023751050420168784,0.28583667247127065,43.47545860568595,0.4354834978680961,0.010582010582010581,0.9476190476190476,0.3045634920634921,0.30000000000000004,17.464285714285715,0.2874045296141278,0.0015678571428571764,0.27471431930680634,43.190786589445764,0.43374373107151226,0.015625,0.8921568627450981,0.3308823529411766,0.31999999999999995,17.794117647058822,0.2778966722479829,0.0031823529411765805,candidate_threshold_optimization
H,0.53,0.2802754958890385,43.33312259756586,0.4346136144698042,0.01310350529100529,0.9198879551820729,0.31772292250233436,0.31,17.629201680672267,0.2826506009310554,0.0023751050420168784,0.28583667247127065,43.47545860568595,0.4354834978680961,0.010582010582010581,0.9476190476190476,0.3045634920634921,0.30000000000000004,17.464285714285715,0.2874045296141278,0.0015678571428571764,0.27471431930680634,43.190786589445764,0.43374373107151226,0.015625,0.8921568627450981,0.3308823529411766,0.31999999999999995,17.794117647058822,0.2778966722479829,0.0031823529411765805,candidate_threshold_optimization
H,0.54,0.2802754958890385,43.33312259756586,0.4346136144698042,0.012983312983312983,0.9198879551820729,0.31772292250233436,0.31,17.629201680672267,0.2826506009310554,0.0023751050420168784,0.28583667247127065,43.47545860568595,0.4354834978680961,0.010582010582010581,0.9476190476190476,0.3045634920634921,0.30000000000000004,17.464285714285715,0.2874045296141278,0.0015678571428571764,0.27471431930680634,43.190786589445764,0.43374373107151226,0.015384615384615385,0.8921568627450981,0.3308823529411766,0.31999999999999995,17.794117647058822,0.2778966722479829,0.0031823529411765805,candidate_threshold_optimization
H,0.55,0.28022549588903845,43.32812259756586,0.4345636144698041,0.015268065268065269,0.9174369747899159,0.31772292250233436,0.31,17.629201680672267,0.2826506009310554,0.0024251050420169284,0.28583667247127065,43.47545860568595,0.4354834978680961,0.015384615384615385,0.9476190476190476,0.3045634920634921,0.30000000000000004,17.464285714285715,0.2874045296141278,0.0015678571428571764,0.27461431930680624,43.180786589445766,0.43364373107151216,0.015151515151515152,0.8872549019607843,0.3308823529411766,0.31999999999999995,17.794117647058822,0.2778966722479829,0.0032823529411766805,candidate_threshold_optimization
H,0.56,0.28022549588903845,43.32812259756586,0.4345636144698041,0.017642556448526598,0.9174369747899159,0.31772292250233436,0.31,17.629201680672267,0.2826506009310554,0.0024251050420169284,0.28583667247127065,43.47545860568595,0.4354834978680961,0.015384615384615385,0.9476190476190476,0.3045634920634921,0.30000000000000004,17.464285714285715,0.2874045296141278,0.0015678571428571764,0.27461431930680624,43.180786589445766,0.43364373107151216,0.01990049751243781,0.8872549019607843,0.3308823529411766,0.31999999999999995,17.794117647058822,0.2778966722479829,0.0032823529411766805,candidate_threshold_optimization
H,0.57,0.28032013874618134,43.32687259756586,0.4345511144698041,0.01752600633197648,0.9150560224089636,0.31772292250233436,0.31,17.522058823529413,0.2826506009310554,0.002330462184874038,0.28602595818555643,43.47295860568595,0.4354584978680961,0.015151515151515152,0.9428571428571428,0.3045634920634921,0.30000000000000004,17.25,0.2874045296141278,0.0013785714285713957,0.27461431930680624,43.180786589445766,0.43364373107151216,0.01990049751243781,0.8872549019607843,0.3308823529411766,0.31999999999999995,17.794117647058822,0.2778966722479829,0.0032823529411766805,candidate_threshold_optimization
H,0.58,0.2802272816033242,43.33187259756586,0.43460111446980415,0.017412935323383085,0.9198179271708683,0.31772292250233436,0.31,17.664915966386552,0.2826506009310554,0.002423319327731155,0.28584024389984214,43.48295860568595,0.43555849786809614,0.014925373134328358,0.9523809523809523,0.3045634920634921,0.30000000000000004,17.535714285714285,0.2874045296141278,0.0015642857142856847,0.27461431930680624,43.180786589445766,0.43364373107151216,0.01990049751243781,0.8872549019607843,0.3308823529411766,0.31999999999999995,17.794117647058822,0.2778966722479829,0.0032823529411766805,candidate_threshold_optimization
H,0.59,0.28056299588903844,43.33687259756586,0.43465111446980415,0.01719662556781311,0.9174369747899159,0.31772292250233436,0.31,17.379201680672267,0.2826506009310554,0.002087605042016938,0.2865116724712707,43.492958605685956,0.43565849786809613,0.014492753623188406,0.9476190476190476,0.3045634920634921,0.30000000000000004,16.964285714285715,0.2874045296141278,0.0008928571428571397,0.27461431930680624,43.180786589445766,0.43364373107151216,0.01990049751243781,0.8872549019607843,0.3308823529411766,0.31999999999999995,17.794117647058822,0.2778966722479829,0.0032823529411766805,candidate_threshold_optimization
H,0.6,0.2800308530318956,43.31937259756586,0.43447611446980416,0.017093105899076047,0.9150560224089636,0.31772292250233436,0.31,17.736344537815125,0.2826506009310554,0.0026197478991597523,0.285447386756985,43.45795860568595,0.43530849786809617,0.014285714285714285,0.9428571428571428,0.3045634920634921,0.30000000000000004,17.678571428571427,0.2874045296141278,0.001957142857142824,0.27461431930680624,43.180786589445766,0.43364373107151216,0.01990049751243781,0.8872549019607843,0.3308823529411766,0.31999999999999995,17.794117647058822,0.2778966722479829,0.0032823529411766805,candidate_threshold_optimization
H,0.61,0.2800308530318956,43.31937259756586,0.43447611446980416,0.019339920117721253,0.9150560224089636,0.31772292250233436,0.31,17.736344537815125,0.2826506009310554,0.0026197478991597523,0.285447386756985,43.45795860568595,0.43530849786809617,0.018779342723004695,0.9428571428571428,0.3045634920634921,0.30000000000000004,17.678571428571427,0.2874045296141278,0.001957142857142824,0.27461431930680624,43.180786589445766,0.43364373107151216,0.01990049751243781,0.8872549019607843,0.3308823529411766,0.31999999999999995,17.794117647058822,0.2778966722479829,0.0032823529411766805,candidate_threshold_optimization
H,0.62,0.2802286471495427,43.32812259756586,0.4345636144698042,0.01906318082788671,0.9175070028011205,0.31772292250233436,0.31,17.626050420168067,0.2826506009310554,0.0024219537815126646,0.285447386756985,43.45795860568595,0.43530849786809617,0.018518518518518517,0.9428571428571428,0.3045634920634921,0.30000000000000004,17.678571428571427,0.2874045296141278,0.001957142857142824,0.2750099075421004,43.198286589445765,0.4338187310715122,0.0196078431372549,0.8921568627450981,0.3308823529411766,0.31999999999999995,17.573529411764707,0.2778966722479829,0.0028867647058825052,candidate_threshold_optimization
H,0.63,0.28018011773777807,43.33062259756586,0.43458861446980424,0.018783068783068783,0.9199579831932774,0.31772292250233436,0.31,17.699579831932773,0.2826506009310554,0.0024704831932773064,0.285447386756985,43.45795860568595,0.43530849786809617,0.018518518518518517,0.9428571428571428,0.3045634920634921,0.30000000000000004,17.678571428571427,0.2874045296141278,0.001957142857142824,0.27491284871857113,43.20328658944577,0.43386873107151225,0.01904761904761905,0.8970588235294118,0.3308823529411766,0.31999999999999995,17.720588235294116,0.2778966722479829,0.0029838235294117887,candidate_threshold_optimization
H,0.64,0.280230117737778,43.33562259756586,0.4346386144698041,0.016373124592302675,0.9223389355742297,0.31772292250233436,0.31,17.699579831932773,0.2826506009310554,0.0024204831932773674,0.2855473867569849,43.46795860568596,0.43540849786809604,0.0136986301369863,0.9476190476190476,0.3045634920634921,0.30000000000000004,17.678571428571427,0.2874045296141278,0.001857142857142946,0.27491284871857113,43.20328658944577,0.43386873107151225,0.01904761904761905,0.8970588235294118,0.3308823529411766,0.31999999999999995,17.720588235294116,0.2778966722479829,0.0029838235294117887,candidate_threshold_optimization
H,0.65,0.280230117737778,43.33562259756586,0.4346386144698041,0.016373124592302675,0.9223389355742297,0.31772292250233436,0.31,17.699579831932773,0.2826506009310554,0.0024204831932773674,0.2855473867569849,43.46795860568596,0.43540849786809604,0.0136986301369863,0.9476190476190476,0.3045634920634921,0.30000000000000004,17.678571428571427,0.2874045296141278,0.001857142857142946,0.27491284871857113,43.20328658944577,0.43386873107151225,0.01904761904761905,0.8970588235294118,0.3308823529411766,0.31999999999999995,17.720588235294116,0.2778966722479829,0.0029838235294117887,candidate_threshold_optimization
H,0.66,0.280230117737778,43.33562259756586,0.4346386144698041,0.016238986429995498,0.9223389355742297,0.31772292250233436,0.31,17.699579831932773,0.2826506009310554,0.0024204831932773674,0.2855473867569849,43.46795860568596,0.43540849786809604,0.0136986301369863,0.9476190476190476,0.3045634920634921,0.30000000000000004,17.678571428571427,0.2874045296141278,0.001857142857142946,0.27491284871857113,43.20328658944577,0.43386873107151225,0.018779342723004695,0.8970588235294118,0.3308823529411766,0.31999999999999995,17.720588235294116,0.2778966722479829,0.0029838235294117887,candidate_threshold_optimization
H,0.67,0.28027938244366035,43.336872597565865,0.43465111446980415,0.016016016016016016,0.9223389355742297,0.31772292250233436,0.31,17.66281512605042,0.2826506009310554,0.0023712184873950215,0.2855473867569849,43.46795860568596,0.43540849786809604,0.013513513513513514,0.9476190476190476,0.3045634920634921,0.30000000000000004,17.678571428571427,0.2874045296141278,0.001857142857142946,0.27501137813033577,43.20578658944577,0.43389373107151225,0.018518518518518517,0.8970588235294118,0.3308823529411766,0.31999999999999995,17.647058823529413,0.2778966722479829,0.0028852941176471525,candidate_threshold_optimization
H,0.68,0.28018652530080324,43.34187259756587,0.4347011144698042,0.01579908675799087,0.9271008403361345,0.31772292250233436,0.31,17.805672268907564,0.2826506009310554,0.0024640756302521383,0.2853616724712707,43.477958605685956,0.43550849786809614,0.013333333333333334,0.9571428571428572,0.3045634920634921,0.30000000000000004,17.964285714285715,0.2874045296141278,0.002042857142857124,0.27501137813033577,43.20578658944577,0.43389373107151225,0.0182648401826484,0.8970588235294118,0.3308823529411766,0.31999999999999995,17.647058823529413,0.2778966722479829,0.0028852941176471525,candidate_threshold_optimization
H,0.69,0.28023652530080323,43.34687259756586,0.4347511144698042,0.015438596491228071,0.9295518207282913,0.31772292250233436,0.31,17.805672268907564,0.2826506009310554,0.0024140756302521438,0.2853616724712707,43.477958605685956,0.43550849786809614,0.013333333333333334,0.9571428571428572,0.3045634920634921,0.30000000000000004,17.964285714285715,0.2874045296141278,0.002042857142857124,0.27511137813033576,43.21578658944577,0.43399373107151223,0.017543859649122806,0.9019607843137255,0.3308823529411766,0.31999999999999995,17.647058823529413,0.2778966722479829,0.0027852941176471635,candidate_threshold_optimization
H,0.7,0.28023652530080323,43.34687259756586,0.4347511144698042,0.015438596491228071,0.9295518207282913,0.31772292250233436,0.31,17.805672268907564,0.2826506009310554,0.0024140756302521438,0.2853616724712707,43.477958605685956,0.43550849786809614,0.013333333333333334,0.9571428571428572,0.3045634920634921,0.30000000000000004,17.964285714285715,0.2874045296141278,0.002042857142857124,0.27511137813033576,43.21578658944577,0.43399373107151223,0.017543859649122806,0.9019607843137255,0.3308823529411766,0.31999999999999995,17.647058823529413,0.2778966722479829,0.0027852941176471635,candidate_threshold_optimization
H,0.71,0.28023652530080323,43.34687259756586,0.4347511144698042,0.015324675324675324,0.9295518207282913,0.31772292250233436,0.31,17.805672268907564,0.2826506009310554,0.0024140756302521438,0.2853616724712707,43.477958605685956,0.43550849786809614,0.013333333333333334,0.9571428571428572,0.3045634920634921,0.30000000000000004,17.964285714285715,0.2874045296141278,0.002042857142857124,0.27511137813033576,43.21578658944577,0.43399373107151223,0.017316017316017316,0.9019607843137255,0.3308823529411766,0.31999999999999995,17.647058823529413,0.2778966722479829,0.0027852941176471635,candidate_threshold_optimization
H,0.72,0.28023652530080323,43.34687259756586,0.4347511144698042,0.015213675213675216,0.9295518207282913,0.31772292250233436,0.31,17.805672268907564,0.2826506009310554,0.0024140756302521438,0.2853616724712707,43.477958605685956,0.43550849786809614,0.013333333333333334,0.9571428571428572,0.3045634920634921,0.30000000000000004,17.964285714285715,0.2874045296141278,0.002042857142857124,0.27511137813033576,43.21578658944577,0.43399373107151223,0.017094017094017096,0.9019607843137255,0.3308823529411766,0.31999999999999995,17.647058823529413,0.2778966722479829,0.0027852941176471635,candidate_threshold_optimization
H,0.73,0.2803829538722317,43.35437259756586,0.4348261144698041,0.015040515040515042,0.9319327731092437,0.31772292250233436,0.31,17.734243697478995,0.2826506009310554,0.002267647058823652,0.2856545296141277,43.492958605685956,0.435658497868096,0.012987012987012988,0.9619047619047619,0.3045634920634921,0.30000000000000004,17.821428571428573,0.2874045296141278,0.0017500000000001403,0.27511137813033576,43.21578658944577,0.43399373107151223,0.017094017094017096,0.9019607843137255,0.3308823529411766,0.31999999999999995,17.647058823529413,0.2778966722479829,0.0027852941176471635,candidate_threshold_optimization
H,0.74,0.28088074798987883,43.39312259756586,0.43521361446980417,0.014723959168403614,0.9490896358543417,0.31772292250233436,0.31,17.623949579831933,0.2826506009310554,0.0017698529411765418,0.2856545296141277,43.492958605685956,0.435658497868096,0.012987012987012988,0.9619047619047619,0.3045634920634921,0.30000000000000004,17.821428571428573,0.2874045296141278,0.0017500000000001403,0.2761069663656299,43.29328658944577,0.4347687310715123,0.01646090534979424,0.9362745098039216,0.3308823529411766,0.31999999999999995,17.426470588235293,0.2778966722479829,0.0017897058823529988,candidate_threshold_optimization
H,0.75,0.2813146765613075,43.40437259756586,0.4353261144698042,0.01448045267489712,0.9490896358543417,0.31772292250233436,0.31,17.30252100840336,0.2826506009310554,0.0013359243697478873,0.286522386756985,43.51545860568595,0.4358834978680961,0.0125,0.9619047619047619,0.3045634920634921,0.30000000000000004,17.178571428571427,0.2874045296141278,0.0008821428571428314,0.2761069663656299,43.29328658944577,0.4347687310715123,0.01646090534979424,0.9362745098039216,0.3308823529411766,0.31999999999999995,17.426470588235293,0.2778966722479829,0.0017897058823529988,candidate_threshold_optimization
H,0.76,0.281410054712568,43.40687259756585,0.43535111446980423,0.014056224899598393,0.9490196078431372,0.31772292250233436,0.31,17.232142857142858,0.2826506009310554,0.0012405462184873484,0.28691167247127075,43.53295860568595,0.43605849786809614,0.012048192771084338,0.9666666666666667,0.3045634920634921,0.30000000000000004,16.964285714285715,0.2874045296141278,0.0004928571428570727,0.2759084369538653,43.28078658944576,0.43464373107151233,0.01606425702811245,0.9313725490196079,0.3308823529411766,0.31999999999999995,17.5,0.2778966722479829,0.001988235294117624,candidate_threshold_optimization
H,0.77,0.281410054712568,43.40687259756585,0.43535111446980423,0.013960604322050105,0.9490196078431372,0.31772292250233436,0.31,17.232142857142858,0.2826506009310554,0.0012405462184873484,0.28691167247127075,43.53295860568595,0.43605849786809614,0.012048192771084338,0.9666666666666667,0.3045634920634921,0.30000000000000004,16.964285714285715,0.2874045296141278,0.0004928571428570727,0.2759084369538653,43.28078658944576,0.43464373107151233,0.015873015873015872,0.9313725490196079,0.3308823529411766,0.31999999999999995,17.5,0.2778966722479829,0.001988235294117624,candidate_threshold_optimization
H,0.78,0.2815582689982823,43.418122597565855,0.4354636144698042,0.013795518207282913,0.953781512605042,0.31772292250233436,0.31,17.19642857142857,0.2826506009310554,0.001092331932773083,0.2872081010426992,43.555458605685956,0.4362834978680961,0.011904761904761904,0.9761904761904762,0.3045634920634921,0.30000000000000004,16.892857142857142,0.2874045296141278,0.00019642857142859738,0.2759084369538653,43.28078658944576,0.43464373107151233,0.01568627450980392,0.9313725490196079,0.3308823529411766,0.31999999999999995,17.5,0.2778966722479829,0.001988235294117624,candidate_threshold_optimization
H,0.79,0.2816090042923999,43.42687259756586,0.4355511144698042,0.011696306429548563,0.9586834733893557,0.31772292250233436,0.31,17.233193277310924,0.2826506009310554,0.0010415966386554953,0.2872081010426992,43.555458605685956,0.4362834978680961,0.011764705882352941,0.9761904761904762,0.3045634920634921,0.30000000000000004,16.892857142857142,0.2874045296141278,0.00019642857142859738,0.27600990754210053,43.298286589445766,0.43481873107151225,0.011627906976744186,0.9411764705882353,0.3308823529411766,0.31999999999999995,17.573529411764707,0.2778966722479829,0.0018867647058823933,candidate_threshold_optimization
H,0.8,0.2816090042923999,43.42687259756586,0.4355511144698042,0.011696306429548563,0.9586834733893557,0.31772292250233436,0.31,17.233193277310924,0.2826506009310554,0.0010415966386554953,0.2872081010426992,43.555458605685956,0.4362834978680961,0.011764705882352941,0.9761904761904762,0.3045634920634921,0.30000000000000004,16.892857142857142,0.2874045296141278,0.00019642857142859738,0.27600990754210053,43.298286589445766,0.43481873107151225,0.011627906976744186,0.9411764705882353,0.3308823529411766,0.31999999999999995,17.573529411764707,0.2778966722479829,0.0018867647058823933,candidate_threshold_optimization
H,0.81,0.28156079000668555,43.42562259756586,0.43553861446980413,0.011627906976744186,0.9586834733893557,0.31772292250233436,0.31,17.26890756302521,0.2826506009310554,0.0010898109243698273,0.2871116724712706,43.55295860568595,0.43625849786809606,0.011627906976744186,0.9761904761904762,0.3045634920634921,0.30000000000000004,16.964285714285715,0.2874045296141278,0.00029285714285720577,0.27600990754210053,43.298286589445766,0.43481873107151225,0.011627906976744186,0.9411764705882353,0.3308823529411766,0.31999999999999995,17.573529411764707,0.2778966722479829,0.0018867647058823933,candidate_threshold_optimization
H,0.82,0.28141373118315616,43.42562259756586,0.43553861446980413,0.011561079925153702,0.9611344537815125,0.31772292250233436,0.31,17.415966386554622,0.2826506009310554,0.0012368697478992163,0.2871116724712706,43.55295860568595,0.43625849786809606,0.011627906976744186,0.9761904761904762,0.3045634920634921,0.30000000000000004,16.964285714285715,0.2874045296141278,0.00029285714285720577,0.2757157898950417,43.298286589445766,0.43481873107151225,0.011494252873563218,0.946078431372549,0.3308823529411766,0.31999999999999995,17.86764705882353,0.2778966722479829,0.002180882352941227,candidate_threshold_optimization
H,0.83,0.28141373118315616,43.42562259756586,0.43553861446980413,0.011561079925153702,0.9611344537815125,0.31772292250233436,0.31,17.415966386554622,0.2826506009310554,0.0012368697478992163,0.2871116724712706,43.55295860568595,0.43625849786809606,0.011627906976744186,0.9761904761904762,0.3045634920634921,0.30000000000000004,16.964285714285715,0.2874045296141278,0.00029285714285720577,0.2757157898950417,43.298286589445766,0.43481873107151225,0.011494252873563218,0.946078431372549,0.3308823529411766,0.31999999999999995,17.86764705882353,0.2778966722479829,0.002180882352941227,candidate_threshold_optimization
H,0.84,0.28141299588903845,43.42187259756586,0.4355011144698041,0.011428944618599791,0.9586834733893557,0.31772292250233436,0.31,17.379201680672267,0.2826506009310554,0.0012376050420169205,0.2871116724712706,43.55295860568595,0.43625849786809606,0.011494252873563218,0.9761904761904762,0.3045634920634921,0.30000000000000004,16.964285714285715,0.2874045296141278,0.00029285714285720577,0.27571431930680634,43.290786589445766,0.4347437310715122,0.011363636363636364,0.9411764705882353,0.3308823529411766,0.31999999999999995,17.794117647058822,0.2778966722479829,0.0021823529411765796,candidate_threshold_optimization
H,0.85,0.28151226059492085,43.42812259756586,0.4355636144698042,0.011365103964871497,0.9611344537815125,0.31772292250233436,0.31,17.342436974789916,0.2826506009310554,0.0011383403361345246,0.2871116724712706,43.55295860568595,0.43625849786809606,0.011494252873563218,0.9761904761904762,0.3045634920634921,0.30000000000000004,16.964285714285715,0.2874045296141278,0.00029285714285720577,0.27591284871857114,43.30328658944577,0.4348687310715123,0.011235955056179775,0.946078431372549,0.3308823529411766,0.31999999999999995,17.720588235294116,0.2778966722479829,0.001983823529411788,candidate_threshold_optimization
H,0.86,0.28151226059492085,43.42812259756586,0.4355636144698042,0.01129979570990807,0.9611344537815125,0.31772292250233436,0.31,17.342436974789916,0.2826506009310554,0.0011383403361345246,0.2871116724712706,43.55295860568595,0.43625849786809606,0.011363636363636364,0.9761904761904762,0.3045634920634921,0.30000000000000004,16.964285714285715,0.2874045296141278,0.00029285714285720577,0.27591284871857114,43.30328658944577,0.4348687310715123,0.011235955056179775,0.946078431372549,0.3308823529411766,0.31999999999999995,17.720588235294116,0.2778966722479829,0.001983823529411788,candidate_threshold_optimization
H,0.87,0.28151226059492085,43.42812259756586,0.4355636144698042,0.011237373737373737,0.9611344537815125,0.31772292250233436,0.31,17.342436974789916,0.2826506009310554,0.0011383403361345246,0.2871116724712706,43.55295860568595,0.43625849786809606,0.011363636363636364,0.9761904761904762,0.3045634920634921,0.30000000000000004,16.964285714285715,0.2874045296141278,0.00029285714285720577,0.27591284871857114,43.30328658944577,0.4348687310715123,0.011111111111111112,0.946078431372549,0.3308823529411766,0.31999999999999995,17.720588235294116,0.2778966722479829,0.001983823529411788,candidate_threshold_optimization
H,0.88,0.2823034370655091,43.46312259756586,0.43591361446980414,0.010944976076555025,0.97093837535014,0.31772292250233436,0.31,16.90126050420168,0.2826506009310554,0.000347163865546285,0.2871116724712706,43.55295860568595,0.43625849786809606,0.011363636363636364,0.9761904761904762,0.3045634920634921,0.30000000000000004,16.964285714285715,0.2874045296141278,0.00029285714285720577,0.2774952016597475,43.37328658944577,0.4355687310715122,0.010526315789473684,0.9656862745098039,0.3308823529411766,0.31999999999999995,16.83823529411765,0.2778966722479829,0.0004014705882354197,candidate_threshold_optimization
H,0.89,0.2823034370655091,43.46312259756586,0.43591361446980414,0.010944976076555025,0.97093837535014,0.31772292250233436,0.31,16.90126050420168,0.2826506009310554,0.000347163865546285,0.2871116724712706,43.55295860568595,0.43625849786809606,0.011363636363636364,0.9761904761904762,0.3045634920634921,0.30000000000000004,16.964285714285715,0.2874045296141278,0.00029285714285720577,0.2774952016597475,43.37328658944577,0.4355687310715122,0.010526315789473684,0.9656862745098039,0.3308823529411766,0.31999999999999995,16.83823529411765,0.2778966722479829,0.0004014705882354197,candidate_threshold_optimization
H,0.9,0.2823034370655091,43.46312259756586,0.43591361446980414,0.010944976076555025,0.97093837535014,0.31772292250233436,0.31,16.90126050420168,0.2826506009310554,0.000347163865546285,0.2871116724712706,43.55295860568595,0.43625849786809606,0.011363636363636364,0.9761904761904762,0.3045634920634921,0.30000000000000004,16.964285714285715,0.2874045296141278,0.00029285714285720577,0.2774952016597475,43.37328658944577,0.4355687310715122,0.010526315789473684,0.9656862745098039,0.3308823529411766,0.31999999999999995,16.83823529411765,0.2778966722479829,0.0004014705882354197,candidate_threshold_optimization
H,0.91,0.2823034370655091,43.46312259756586,0.43591361446980414,0.010944976076555025,0.97093837535014,0.31772292250233436,0.31,16.90126050420168,0.2826506009310554,0.000347163865546285,0.2871116724712706,43.55295860568595,0.43625849786809606,0.011363636363636364,0.9761904761904762,0.3045634920634921,0.30000000000000004,16.964285714285715,0.2874045296141278,0.00029285714285720577,0.2774952016597475,43.37328658944577,0.4355687310715122,0.010526315789473684,0.9656862745098039,0.3308823529411766,0.31999999999999995,16.83823529411765,0.2778966722479829,0.0004014705882354197,candidate_threshold_optimization
H,0.92,0.2823034370655091,43.46312259756586,0.43591361446980414,0.010944976076555025,0.97093837535014,0.31772292250233436,0.31,16.90126050420168,0.2826506009310554,0.000347163865546285,0.2871116724712706,43.55295860568595,0.43625849786809606,0.011363636363636364,0.9761904761904762,0.3045634920634921,0.30000000000000004,16.964285714285715,0.2874045296141278,0.00029285714285720577,0.2774952016597475,43.37328658944577,0.4355687310715122,0.010526315789473684,0.9656862745098039,0.3308823529411766,0.31999999999999995,16.83823529411765,0.2778966722479829,0.0004014705882354197,candidate_threshold_optimization
H,0.93,0.2823034370655091,43.46312259756586,0.43591361446980414,0.012670565302144249,0.97093837535014,0.31772292250233436,0.31,16.90126050420168,0.2826506009310554,0.000347163865546285,0.2871116724712706,43.55295860568595,0.43625849786809606,0.014814814814814815,0.9761904761904762,0.3045634920634921,0.30000000000000004,16.964285714285715,0.2874045296141278,0.00029285714285720577,0.2774952016597475,43.37328658944577,0.4355687310715122,0.010526315789473684,0.9656862745098039,0.3308823529411766,0.31999999999999995,16.83823529411765,0.2778966722479829,0.0004014705882354197,candidate_threshold_optimization
H,0.94,0.2823034370655091,43.46312259756586,0.43591361446980414,0.012670565302144249,0.97093837535014,0.31772292250233436,0.31,16.90126050420168,0.2826506009310554,0.000347163865546285,0.2871116724712706,43.55295860568595,0.43625849786809606,0.014814814814814815,0.9761904761904762,0.3045634920634921,0.30000000000000004,16.964285714285715,0.2874045296141278,0.00029285714285720577,0.2774952016597475,43.37328658944577,0.4355687310715122,0.010526315789473684,0.9656862745098039,0.3308823529411766,0.31999999999999995,16.83823529411765,0.2778966722479829,0.0004014705882354197,candidate_threshold_optimization
H,0.95,0.2823534370655091,43.46812259756586,0.4359636144698042,0.012263593380614658,0.9733193277310924,0.31772292250233436,0.31,16.90126050420168,0.2826506009310554,0.0002971638655462905,0.2872116724712707,43.56295860568595,0.43635849786809616,0.010638297872340425,0.9809523809523809,0.3045634920634921,0.30000000000000004,16.964285714285715,0.2874045296141278,0.00019285714285710576,0.2774952016597475,43.37328658944577,0.4355687310715122,0.013888888888888888,0.9656862745098039,0.3308823529411766,0.31999999999999995,16.83823529411765,0.2778966722479829,0.0004014705882354197,candidate_threshold_optimization
H,0.96,0.2824541723596268,43.481872597565854,0.43610111446980415,0.010421189752496743,0.980672268907563,0.31772292250233436,0.31,16.938025210084035,0.2826506009310554,0.00019642857142859738,0.2872116724712707,43.56295860568595,0.43635849786809616,0.010638297872340425,0.9809523809523809,0.3045634920634921,0.30000000000000004,16.964285714285715,0.2874045296141278,0.00019285714285710576,0.27769667224798283,43.400786589445765,0.4358437310715122,0.01020408163265306,0.9803921568627451,0.3308823529411766,0.31999999999999995,16.91176470588235,0.2778966722479829,0.000200000000000089,candidate_threshold_optimization
H,0.97,0.2825541723596268,43.49187259756586,0.43620111446980425,0.008652482269503546,0.9855742296918768,0.31772292250233436,0.31,16.938025210084035,0.2826506009310554,9.642857142855288e-05,0.2872116724712707,43.56295860568595,0.43635849786809616,0.010638297872340425,0.9809523809523809,0.3045634920634921,0.30000000000000004,16.964285714285715,0.2874045296141278,0.00019285714285710576,0.2778966722479829,43.42078658944577,0.4360437310715123,0.006666666666666667,0.9901960784313726,0.3308823529411766,0.31999999999999995,16.91176470588235,0.2778966722479829,0.0,candidate_threshold_optimization
H,0.98,0.2824077437881982,43.484372597565866,0.4361261144698042,0.010350877192982456,0.9831932773109244,0.31772292250233436,0.31,17.009453781512605,0.2826506009310554,0.00024285714285715576,0.28691881532841357,43.547958605685956,0.4362084978680961,0.014035087719298246,0.9761904761904762,0.3045634920634921,0.30000000000000004,17.107142857142858,0.2874045296141278,0.000485714285714256,0.2778966722479829,43.42078658944577,0.4360437310715123,0.006666666666666667,0.9901960784313726,0.3308823529411766,0.31999999999999995,16.91176470588235,0.2778966722479829,0.0,candidate_threshold_optimization
H,0.99,0.2824077437881982,43.484372597565866,0.4361261144698042,0.010136054421768707,0.9831932773109244,0.31772292250233436,0.31,17.009453781512605,0.2826506009310554,0.00024285714285715576,0.28691881532841357,43.547958605685956,0.4362084978680961,0.013605442176870748,0.9761904761904762,0.3045634920634921,0.30000000000000004,17.107142857142858,0.2874045296141278,0.000485714285714256,0.2778966722479829,43.42078658944577,0.4360437310715123,0.006666666666666667,0.9901960784313726,0.3308823529411766,0.31999999999999995,16.91176470588235,0.2778966722479829,0.0,candidate_threshold_optimization
H,1.0,0.2826506009310554,43.49437259756586,0.4362261144698042,0.01,0.9855742296918768,0.31772292250233436,0.31,16.866596638655462,0.2826506009310554,0.0,0.2874045296141278,43.56795860568595,0.4364084978680961,0.013333333333333334,0.9809523809523809,0.3045634920634921,0.30000000000000004,16.821428571428573,0.2874045296141278,0.0,0.2778966722479829,43.42078658944577,0.4360437310715123,0.006666666666666667,0.9901960784313726,0.3308823529411766,0.31999999999999995,16.91176470588235,0.2778966722479829,0.0,candidate_threshold_optimization
I,0.0,0.5639907970398472,59.95005725707884,0.6009370026526766,0.0,0.7623367697594502,0.3180140320733106,0.015000000000000013,18.22564432989691,0.5712484032261629,0.007257606186315657,0.5770778980354341,60.6577892344803,0.6074640091465452,0.0,0.8133333333333334,0.30777777777777793,0.0,18.075,0.5827181702316909,0.005640272196256846,0.5509036960442605,59.242325279677374,0.594409996158808,0.0,0.711340206185567,0.32825028636884324,0.030000000000000027,18.376288659793815,0.5598474210007383,0.008943724956477772,candidate_threshold_optimization
I,0.01,0.5639331671837028,59.95120864718031,0.6009485165536913,0.0,0.762233676975945,0.31808347651775504,0.015000000000000013,18.29201030927835,0.5712484032261629,0.007315236042460094,0.577545370281908,60.69259201468324,0.6078120369485747,0.0,0.82,0.30791666666666684,0.0,17.95,0.5827181702316909,0.005172799949782925,0.5503209640854976,59.209825279677375,0.5940849961588079,0.0,0.7044673539518901,0.32825028636884324,0.030000000000000027,18.6340206185567,0.5598474210007383,0.009526456915240678,candidate_threshold_optimization
I,0.02,0.5638048282122852,59.951261347976704,0.6009490435616551,0.0,0.7605154639175258,0.31872780641466225,0.015000000000000013,18.395103092783504,0.5712484032261629,0.007443575013877712,0.577545370281908,60.69259201468324,0.6078120369485747,0.0,0.82,0.30791666666666684,0.0,17.95,0.5827181702316909,0.005172799949782925,0.5500642861426623,59.209930681270166,0.5940860501747357,0.0,0.7010309278350515,0.32953894616265766,0.030000000000000027,18.84020618556701,0.5598474210007383,0.009783134858075915,candidate_threshold_optimization
I,0.03,0.5635013955992454,59.9357018781962,0.6007934488638502,0.027777777777777776,0.7570274914089348,0.31963058419243995,0.015000000000000013,18.506829896907217,0.5712484032261629,0.00774700762691749,0.5771619586640757,60.688973075122256,0.6077758475529647,0.05555555555555555,0.8233333333333334,0.30972222222222223,0.0,18.225,0.5827181702316909,0.00555621156761521,0.549840832534415,59.18243068127015,0.5938110501747357,0.0,0.6907216494845361,0.32953894616265766,0.030000000000000027,18.788659793814432,0.5598474210007383,0.010006588466323296,candidate_threshold_optimization
I,0.04,0.5638322560242628,59.94101014292018,0.6008465315110899,0.027777777777777776,0.7621821305841925,0.31784077892325324,0.015000000000000013,18.300644329896908,0.5712484032261629,0.007416147201900092,0.5771619586640757,60.688973075122256,0.6077758475529647,0.05555555555555555,0.8233333333333334,0.30972222222222223,0.0,18.225,0.5827181702316909,0.00555621156761521,0.55050255338445,59.1930472107181,0.5939172154692152,0.0,0.7010309278350515,0.32595933562428425,0.030000000000000027,18.376288659793815,0.5598474210007383,0.009344867616288277,candidate_threshold_optimization
I,0.05,0.5638322560242628,59.94101014292018,0.6008465315110899,0.027777777777777776,0.7621821305841925,0.31784077892325324,0.015000000000000013,18.300644329896908,0.5712484032261629,0.007416147201900092,0.5771619586640757,60.688973075122256,0.6077758475529647,0.05555555555555555,0.8233333333333334,0.30972222222222223,0.0,18.225,0.5827181702316909,0.00555621156761521,0.55050255338445,59.1930472107181,0.5939172154692152,0.0,0.7010309278350515,0.32595933562428425,0.030000000000000027,18.376288659793815,0.5598474210007383,0.009344867616288277,candidate_threshold_optimization
I,0.06,0.564105977913506,59.96748742920991,0.6011113043739872,0.020833333333333332,0.7707216494845361,0.3179102233676977,0.015000000000000013,18.288917525773194,0.5712484032261629,0.007142425312656853,0.5773859488343148,60.70442764770172,0.6079303932787593,0.041666666666666664,0.8266666666666667,0.30986111111111114,0.0,18.15,0.5827181702316909,0.005332221397376102,0.5508260069926972,59.2305472107181,0.5942922154692151,0.0,0.7147766323024055,0.32595933562428425,0.030000000000000027,18.427835051546392,0.5598474210007383,0.009021414008041018,candidate_threshold_optimization
I,0.07,0.5640282102719937,59.97717916448594,0.6012082217267474,0.016666666666666666,0.7690034364261169,0.3197000286368844,0.015000000000000013,18.392010309278348,0.5712484032261629,0.007220192954169202,0.5773859488343148,60.70442764770172,0.6079303932787593,0.03333333333333333,0.8266666666666667,0.30986111111111114,0.0,18.15,0.5827181702316909,0.005332221397376102,0.5506704717096725,59.24993068127016,0.5944860501747355,0.0,0.711340206185567,0.32953894616265766,0.030000000000000027,18.6340206185567,0.5598474210007383,0.009176949291065717,candidate_threshold_optimization
I,0.08,0.564133095635164,59.96962646368954,0.6011326947187836,0.015151515151515152,0.7672852233676977,0.3190556987399772,0.015000000000000013,18.23737113402062,0.5712484032261629,0.007115307590998876,0.5773859488343149,60.704427647701706,0.6079303932787594,0.030303030303030304,0.8266666666666667,0.30986111111111114,0.0,18.15,0.5827181702316909,0.005332221397375991,0.550880242436013,59.23482527967738,0.5943349961588079,0.0,0.7079037800687286,0.32825028636884324,0.030000000000000027,18.324742268041238,0.5598474210007383,0.008967178564725287,candidate_threshold_optimization
I,0.09,0.5641563593342582,59.97110374997928,0.601147467581681,0.011904761904761904,0.7672852233676977,0.3191945876288661,0.015000000000000013,18.22332474226804,0.5712484032261629,0.0070920438919046536,0.5772793834489984,60.70238222028118,0.607909939004554,0.023809523809523808,0.8266666666666667,0.31013888888888896,0.0,18.225,0.5827181702316909,0.005438786782692495,0.5510333352195181,59.23982527967738,0.5943849961588079,0.0,0.7079037800687286,0.32825028636884324,0.030000000000000027,18.221649484536083,0.5598474210007383,0.008814085781220116,candidate_threshold_optimization
I,0.1,0.5641925832683556,59.98073988909349,0.601243828972823,0.011111111111111112,0.7724398625429554,0.3194093642611685,0.015000000000000013,18.27487113402062,0.5712484032261629,0.007055819957807241,0.5772793834489984,60.70238222028118,0.607909939004554,0.022222222222222223,0.8266666666666667,0.31013888888888896,0.0,18.225,0.5827181702316909,0.005438786782692495,0.551105783087713,59.259097557905804,0.5945777189410921,0.0,0.718213058419244,0.32867983963344805,0.030000000000000027,18.324742268041238,0.5598474210007383,0.00874163791302529,candidate_threshold_optimization
I,0.11,0.5647050283395525,60.02152191053161,0.6016516491872044,0.00980392156862745,0.784364261168385,0.31934206758304706,0.015000000000000013,18.172938144329898,0.5712484032261629,0.006543374886610387,0.5775859488343149,60.72442764770172,0.6081303932787594,0.0196078431372549,0.8333333333333334,0.30986111111111114,0.0,18.15,0.5827181702316909,0.005132221397376013,0.5518241078447902,59.318616173361505,0.5951729050956494,0.0,0.7353951890034365,0.328823024054983,0.030000000000000027,18.195876288659793,0.5598474210007383,0.008023313155948064,candidate_threshold_optimization
I,0.12,0.5646678354020578,60.02155261678213,0.6016519562497096,0.008771929824561403,0.7860309278350516,0.31934206758304706,0.015000000000000013,18.2104381443299,0.5712484032261629,0.006580567824105099,0.5775115629593254,60.72448906020276,0.6081310074037699,0.017543859649122806,0.8366666666666667,0.30986111111111114,0.0,18.225,0.5827181702316909,0.005206607272365549,0.5518241078447902,59.318616173361505,0.5951729050956494,0.0,0.7353951890034365,0.328823024054983,0.030000000000000027,18.195876288659793,0.5598474210007383,0.008023313155948064,candidate_threshold_optimization
I,0.13,0.5646678354020578,60.02155261678213,0.6016519562497096,0.008333333333333333,0.7860309278350516,0.31934206758304706,0.015000000000000013,18.2104381443299,0.5712484032261629,0.006580567824105099,0.5775115629593254,60.72448906020276,0.6081310074037699,0.016666666666666666,0.8366666666666667,0.30986111111111114,0.0,18.225,0.5827181702316909,0.005206607272365549,0.5518241078447902,59.318616173361505,0.5951729050956494,0.0,0.7353951890034365,0.328823024054983,0.030000000000000027,18.195876288659793,0.5598474210007383,0.008023313155948064,candidate_threshold_optimization
I,0.14,0.5654425283395526,60.07277191053161,0.6021641491872043,0.007246376811594203,0.7976975945017182,0.31934206758304706,0.015000000000000013,17.947938144329896,0.5712484032261629,0.005805874886610329,0.5790609488343148,60.82692764770171,0.6091553932787593,0.014492753623188406,0.86,0.30986111111111114,0.0,17.7,0.5827181702316909,0.0036572213973761203,0.5518241078447902,59.318616173361505,0.5951729050956494,0.0,0.7353951890034365,0.328823024054983,0.030000000000000027,18.195876288659793,0.5598474210007383,0.008023313155948064,candidate_threshold_optimization
I,0.15,0.5655925283395524,60.087771910531615,0.6023141491872043,0.007246376811594203,0.8028522336769759,0.31934206758304706,0.015000000000000013,17.947938144329896,0.5712484032261629,0.005655874886610457,0.5790609488343148,60.82692764770171,0.6091553932787593,0.014492753623188406,0.86,0.30986111111111114,0.0,17.7,0.5827181702316909,0.0036572213973761203,0.55212410784479,59.34861617336151,0.5954729050956492,0.0,0.7457044673539519,0.328823024054983,0.030000000000000027,18.195876288659793,0.5598474210007383,0.007723313155948208,candidate_threshold_optimization
I,0.16,0.5655925283395524,60.087771910531615,0.6023141491872043,0.007246376811594203,0.8028522336769759,0.31934206758304706,0.015000000000000013,17.947938144329896,0.5712484032261629,0.005655874886610457,0.5790609488343148,60.82692764770171,0.6091553932787593,0.014492753623188406,0.86,0.30986111111111114,0.0,17.7,0.5827181702316909,0.0036572213973761203,0.55212410784479,59.34861617336151,0.5954729050956492,0.0,0.7457044673539519,0.328823024054983,0.030000000000000027,18.195876288659793,0.5598474210007383,0.007723313155948208,candidate_threshold_optimization
I,0.17,0.5657363483012401,60.09312612892259,0.602367691371114,0.006666666666666667,0.8045189003436426,0.31802262313860263,0.015000000000000013,17.910438144329895,0.5712484032261629,0.0055120549249227935,0.57934858875769,60.83763608448367,0.6092624776465789,0.013333333333333334,0.8633333333333333,0.3072222222222223,0.0,17.625,0.5827181702316909,0.0033695814740009045,0.55212410784479,59.34861617336151,0.5954729050956492,0.0,0.7457044673539519,0.328823024054983,0.030000000000000027,18.195876288659793,0.5598474210007383,0.007723313155948208,candidate_threshold_optimization
I,0.18,0.5657363483012401,60.09312612892259,0.602367691371114,0.006666666666666667,0.8045189003436426,0.31802262313860263,0.015000000000000013,17.910438144329895,0.5712484032261629,0.0055120549249227935,0.57934858875769,60.83763608448367,0.6092624776465789,0.013333333333333334,0.8633333333333333,0.3072222222222223,0.0,17.625,0.5827181702316909,0.0033695814740009045,0.55212410784479,59.34861617336151,0.5954729050956492,0.0,0.7457044673539519,0.328823024054983,0.030000000000000027,18.195876288659793,0.5598474210007383,0.007723313155948208,candidate_threshold_optimization
I,0.19,0.5656940249060021,60.07881360612273,0.6022245661431154,0.00641025641025641,0.8010824742268041,0.3164884020618558,0.015000000000000013,17.871005154639178,0.5712484032261629,0.005554378320160813,0.579280617058561,60.825283359015216,0.6091389503918944,0.01282051282051282,0.8633333333333333,0.30458333333333343,0.0,17.675,0.5827181702316909,0.0034375531731298814,0.552107432753443,59.33234385323024,0.5953101818943365,0.0,0.738831615120275,0.3283934707903782,0.030000000000000027,18.067010309278352,0.5598474210007383,0.007739988247295271,candidate_threshold_optimization
I,0.2,0.5658598006172872,60.095668955029026,0.6023931196321783,0.0,0.8044158075601375,0.31780784650630023,0.015000000000000013,17.821005154639174,0.5712484032261629,0.005388602608875637,0.5796121684811314,60.85899405682781,0.6094760573700203,0.0,0.87,0.3072222222222223,0.0,17.575,0.5827181702316909,0.0031060017505595283,0.552107432753443,59.33234385323024,0.5953101818943365,0.0,0.738831615120275,0.3283934707903782,0.030000000000000027,18.067010309278352,0.5598474210007383,0.007739988247295271,candidate_threshold_optimization
I,0.21,0.5657594613939056,60.09049614380197,0.602341391519908,0.005555555555555556,0.8043642611683849,0.31746062428407806,0.015000000000000013,17.883505154639174,0.5712484032261629,0.0054889418322572325,0.5795114900343681,60.858648434373706,0.6094726011454793,0.011111111111111112,0.8733333333333333,0.30652777777777795,0.0,17.7,0.5827181702316909,0.003206680197322842,0.5520074327534431,59.322343853230244,0.5952101818943366,0.0,0.7353951890034365,0.3283934707903782,0.030000000000000027,18.067010309278352,0.5598474210007383,0.007839988247295149,candidate_threshold_optimization
I,0.22,0.565966958450525,60.11554138210997,0.6025918439029878,0.005555555555555556,0.8129553264604811,0.31724584765177566,0.015000000000000013,17.935051546391755,0.5712484032261629,0.005281444775637856,0.5795114900343681,60.858648434373706,0.6094726011454793,0.011111111111111112,0.8733333333333333,0.30652777777777795,0.0,17.7,0.5827181702316909,0.003206680197322842,0.552422426866682,59.372434329846236,0.5957110866604964,0.0,0.7525773195876289,0.32796391752577336,0.030000000000000027,18.170103092783506,0.5598474210007383,0.007424994134056284,candidate_threshold_optimization
I,0.23,0.565966958450525,60.11554138210997,0.6025918439029878,0.005555555555555556,0.8129553264604811,0.31724584765177566,0.015000000000000013,17.935051546391755,0.5712484032261629,0.005281444775637856,0.5795114900343681,60.858648434373706,0.6094726011454793,0.011111111111111112,0.8733333333333333,0.30652777777777795,0.0,17.7,0.5827181702316909,0.003206680197322842,0.552422426866682,59.372434329846236,0.5957110866604964,0.0,0.7525773195876289,0.32796391752577336,0.030000000000000027,18.170103092783506,0.5598474210007383,0.007424994134056284,candidate_threshold_optimization
I,0.24,0.5656806097631659,60.088195173167875,0.6023183818135669,0.005555555555555556,0.8078006872852234,0.31724584765177566,0.015000000000000013,17.947938144329896,0.5712484032261629,0.005567793462996962,0.5795114900343681,60.858648434373706,0.6094726011454793,0.011111111111111112,0.8733333333333333,0.30652777777777795,0.0,17.7,0.5827181702316909,0.003206680197322842,0.5518497294919639,59.31774191196204,0.5951641624816546,0.0,0.7422680412371134,0.32796391752577336,0.030000000000000027,18.195876288659793,0.5598474210007383,0.007997691508774385,candidate_threshold_optimization
I,0.25,0.5656806097631659,60.088195173167875,0.6023183818135669,0.005555555555555556,0.8078006872852234,0.31724584765177566,0.015000000000000013,17.947938144329896,0.5712484032261629,0.005567793462996962,0.5795114900343681,60.858648434373706,0.6094726011454793,0.011111111111111112,0.8733333333333333,0.30652777777777795,0.0,17.7,0.5827181702316909,0.003206680197322842,0.5518497294919639,59.31774191196204,0.5951641624816546,0.0,0.7422680412371134,0.32796391752577336,0.030000000000000027,18.195876288659793,0.5598474210007383,0.007997691508774385,candidate_threshold_optimization
I,0.26,0.5663749983582813,60.13343586544001,0.6027707887362883,0.005555555555555556,0.8198281786941581,0.3173174398625431,0.015000000000000013,17.703092783505156,0.5712484032261629,0.00487340486788157,0.5795114900343681,60.858648434373706,0.6094726011454793,0.011111111111111112,0.8733333333333333,0.30652777777777795,0.0,17.7,0.5827181702316909,0.003206680197322842,0.5532385066821947,59.40822329650632,0.5960689763270973,0.0,0.7663230240549829,0.3281071019473083,0.030000000000000027,17.70618556701031,0.5598474210007383,0.006608914318543602,candidate_threshold_optimization
I,0.27,0.5665374983582814,60.14218586544001,0.6028582887362883,0.0,0.8214948453608248,0.3173174398625431,0.015000000000000013,17.628092783505153,0.5712484032261629,0.004710904867881505,0.5798364900343682,60.87614843437371,0.6096476011454793,0.0,0.8766666666666667,0.30652777777777795,0.0,17.55,0.5827181702316909,0.0028816801973227113,0.5532385066821947,59.40822329650632,0.5960689763270973,0.0,0.7663230240549829,0.3281071019473083,0.030000000000000027,17.70618556701031,0.5598474210007383,0.006608914318543602,candidate_threshold_optimization
I,0.28,0.5665374983582814,60.14218586544001,0.6028582887362883,0.0,0.8214948453608248,0.3173174398625431,0.015000000000000013,17.628092783505153,0.5712484032261629,0.004710904867881505,0.5798364900343682,60.87614843437371,0.6096476011454793,0.0,0.8766666666666667,0.30652777777777795,0.0,17.55,0.5827181702316909,0.0028816801973227113,0.5532385066821947,59.40822329650632,0.5960689763270973,0.0,0.7663230240549829,0.3281071019473083,0.030000000000000027,17.70618556701031,0.5598474210007383,0.006608914318543602,candidate_threshold_optimization
I,0.29,0.5667195110131871,60.166687245478116,0.6031033025366693,0.0,0.830085910652921,0.3169594788087058,0.015000000000000013,17.70541237113402,0.5712484032261629,0.00452889221297581,0.5798364900343682,60.87614843437371,0.6096476011454793,0.0,0.8766666666666667,0.30652777777777795,0.0,17.55,0.5827181702316909,0.0028816801973227113,0.5536025319920059,59.45722605658253,0.5965590039278593,0.0,0.7835051546391752,0.3273911798396336,0.030000000000000027,17.86082474226804,0.5598474210007383,0.006244889008732324,candidate_threshold_optimization
I,0.3,0.5668412283205289,60.178164531767855,0.6032180753995666,0.009259259259259259,0.8334192439862542,0.3170983676975946,0.015000000000000013,17.69291237113402,0.5712484032261629,0.004407174905634026,0.5800799246490518,60.89910300695318,0.609877146871274,0.018518518518518517,0.8833333333333333,0.30680555555555555,0.0,17.525,0.5827181702316909,0.0026382455826391427,0.5536025319920059,59.45722605658253,0.5965590039278593,0.0,0.7835051546391752,0.3273911798396336,0.030000000000000027,17.86082474226804,0.5598474210007383,0.006244889008732324,candidate_threshold_optimization
I,0.31,0.5669632031194537,60.19222340914029,0.6033586641732911,0.009259259259259259,0.8368556701030927,0.31788588201603674,0.015000000000000013,17.680025773195876,0.5712484032261629,0.004285200106709186,0.5800799246490518,60.89910300695318,0.609877146871274,0.018518518518518517,0.8833333333333333,0.30680555555555555,0.0,17.525,0.5827181702316909,0.0026382455826391427,0.5538464815898556,59.4853438113274,0.596840181475308,0.0,0.7903780068728522,0.3289662084765179,0.030000000000000027,17.835051546391753,0.5598474210007383,0.006000939410882644,candidate_threshold_optimization
I,0.32,0.5670246920610971,60.19732705702741,0.6034097006521624,0.009009009009009009,0.8402920962199313,0.3188165807560138,0.015000000000000013,17.632345360824743,0.5712484032261629,0.004223711165065813,0.5804549246490517,60.91160300695317,0.610002146871274,0.018018018018018018,0.8833333333333333,0.30680555555555555,0.0,17.275,0.5827181702316909,0.0022632455826392395,0.5535944594731423,59.483051107101645,0.5968172544330507,0.0,0.7972508591065293,0.3308276059564721,0.030000000000000027,17.989690721649485,0.5598474210007383,0.006252961527595913,candidate_threshold_optimization
I,0.33,0.56688545049674,60.18772420643364,0.6033136721462246,0.008771929824561403,0.8403436426116839,0.3167332474226805,0.015000000000000013,17.75889175257732,0.5712484032261629,0.0043629527294228865,0.5802295343038429,60.88739730576563,0.6097600898593986,0.017543859649122806,0.88,0.3026388888888889,0.0,17.425,0.5827181702316909,0.002488635927847982,0.553541366689637,59.48805110710166,0.5968672544330506,0.0,0.8006872852233677,0.3308276059564721,0.030000000000000027,18.09278350515464,0.5598474210007383,0.006306054311101206,candidate_threshold_optimization
I,0.34,0.5664230863198307,60.16773349321007,0.6031137650139888,0.008552631578947367,0.8384707903780069,0.3169480240549829,0.015000000000000013,18.012757731958764,0.5712484032261629,0.004825316906332144,0.580154534303843,60.90489730576564,0.6099350898593986,0.008333333333333333,0.89,0.3026388888888889,0.0,17.675,0.5827181702316909,0.002563635927847918,0.5526916383358186,59.43056968065451,0.5962924401685792,0.008771929824561403,0.7869415807560137,0.3312571592210769,0.030000000000000027,18.350515463917525,0.5598474210007383,0.007155782664919674,candidate_threshold_optimization
I,0.35,0.5664105863198308,60.16398349321007,0.6030762650139889,0.012322472848788638,0.8368041237113402,0.3169480240549829,0.015000000000000013,17.987757731958762,0.5712484032261629,0.004837816906332115,0.580129534303843,60.89739730576563,0.6098600898593985,0.015873015873015872,0.8866666666666667,0.3026388888888889,0.0,17.625,0.5827181702316909,0.002588635927847971,0.5526916383358186,59.43056968065451,0.5962924401685792,0.008771929824561403,0.7869415807560137,0.3312571592210769,0.030000000000000027,18.350515463917525,0.5598474210007383,0.007155782664919674,candidate_threshold_optimization
I,0.36,0.5662534260785337,60.16247422738507,0.6030611723557389,0.008149473265752336,0.8368556701030927,0.3164468785796106,0.015000000000000013,18.14987113402062,0.5712484032261629,0.004994977147629198,0.579504534303843,60.86989730576563,0.6095850898593985,0.007751937984496124,0.8833333333333333,0.3026388888888889,0.0,17.975,0.5827181702316909,0.0032136359278479576,0.5530023178532245,59.455051149004504,0.5965372548520791,0.008547008547008548,0.7903780068728522,0.33025486827033235,0.030000000000000027,18.324742268041238,0.5598474210007383,0.0068451031475137425,candidate_threshold_optimization
I,0.37,0.5663261357826908,60.17972658382597,0.6032336959201479,0.007954545454545454,0.8368041237113402,0.31794673539518914,0.015000000000000013,18.189690721649484,0.5712484032261629,0.004922267443472128,0.5796420233723736,60.89559065706314,0.6098420233723736,0.007575757575757576,0.8866666666666667,0.3075000000000001,0.0,17.9,0.5827181702316909,0.0030761468593173413,0.553010248193008,59.4638625105888,0.5966253684679221,0.008333333333333333,0.7869415807560137,0.3283934707903782,0.030000000000000027,18.47938144329897,0.5598474210007383,0.0068371728077302185,candidate_threshold_optimization
I,0.38,0.5665386357826907,60.19347658382597,0.6033711959201478,0.007870370370370371,0.8401374570446736,0.31794673539518914,0.015000000000000013,18.114690721649485,0.5712484032261629,0.004709767443472179,0.5800670233723735,60.92309065706314,0.6101170233723735,0.007407407407407408,0.8933333333333333,0.3075000000000001,0.0,17.75,0.5827181702316909,0.0026511468593174436,0.553010248193008,59.4638625105888,0.5966253684679221,0.008333333333333333,0.7869415807560137,0.3283934707903782,0.030000000000000027,18.47938144329897,0.5598474210007383,0.0068371728077302185,candidate_threshold_optimization
I,0.39,0.5667072924127055,60.19960341521232,0.6034324642340114,0.007768744354110208,0.8418556701030928,0.31816151202749154,0.015000000000000013,17.998711340206185,0.5712484032261629,0.004541110813457427,0.5800670233723735,60.92309065706314,0.6101170233723735,0.007407407407407408,0.8933333333333333,0.3075000000000001,0.0,17.75,0.5827181702316909,0.0026511468593174436,0.5533475614530375,59.476116173361504,0.5967479050956492,0.008130081300813009,0.7903780068728522,0.328823024054983,0.030000000000000027,18.24742268041237,0.5598474210007383,0.006499859547700715,candidate_threshold_optimization
I,0.4,0.5671572924127056,60.224603415212314,0.6036824642340115,0.007611139941186646,0.8468556701030927,0.31816151202749154,0.015000000000000013,17.798711340206186,0.5712484032261629,0.004091110813457255,0.5809670233723737,60.97309065706313,0.6106170233723737,0.0070921985815602835,0.9033333333333333,0.3075000000000001,0.0,17.35,0.5827181702316909,0.0017511468593172097,0.5533475614530375,59.476116173361504,0.5967479050956492,0.008130081300813009,0.7903780068728522,0.328823024054983,0.030000000000000027,18.24742268041237,0.5598474210007383,0.006499859547700715,candidate_threshold_optimization
I,0.41,0.5677788405920978,60.268716996038144,0.6041236000422696,0.010490543735224586,0.8640378006872852,0.31816151202749154,0.015000000000000013,17.618298969072164,0.5712484032261629,0.00346956263406506,0.5809670233723737,60.97309065706313,0.6106170233723737,0.0070921985815602835,0.9033333333333333,0.3075000000000001,0.0,17.35,0.5827181702316909,0.0017511468593172097,0.554590657811822,59.564343335013156,0.5976301767121657,0.013888888888888888,0.8247422680412371,0.328823024054983,0.030000000000000027,17.88659793814433,0.5598474210007383,0.005256763188916214,candidate_threshold_optimization
I,0.42,0.5677231263264164,60.265784458358894,0.6040942746654772,0.013611111111111112,0.8640378006872852,0.3185087342497137,0.015000000000000013,17.630798969072167,0.5712484032261629,0.0035252768997464656,0.5808555948410107,60.96722558170463,0.6105583726187885,0.013333333333333334,0.9033333333333333,0.30819444444444444,0.0,17.375,0.5827181702316909,0.0018625753906802434,0.554590657811822,59.564343335013156,0.5976301767121657,0.013888888888888888,0.8247422680412371,0.328823024054983,0.030000000000000027,17.88659793814433,0.5598474210007383,0.005256763188916214,candidate_threshold_optimization
I,0.43,0.5679243645685186,60.28558325393223,0.6042922626212105,0.006535947712418301,0.8692439862542956,0.3173739977090494,0.015000000000000013,17.672938144329898,0.5712484032261629,0.0033240386576443015,0.5811267315067682,60.969061470502595,0.6105767315067682,0.013071895424836602,0.9,0.3075000000000001,0.0,17.15,0.5827181702316909,0.0015914387249227335,0.5547219976302691,59.60210503736187,0.5980077937356528,0.0,0.8384879725085911,0.3272479954180987,0.030000000000000027,18.195876288659793,0.5598474210007383,0.005125423370469173,candidate_threshold_optimization
I,0.44,0.5677762192300386,60.288546497862,0.6043218950605083,0.00641025641025641,0.8725773195876289,0.3186934421534938,0.015000000000000013,17.797938144329898,0.5712484032261629,0.003472183996124256,0.5808304408298082,60.974987958362135,0.6106359963853637,0.01282051282051282,0.9066666666666666,0.31013888888888896,0.0,17.4,0.5827181702316909,0.001887729401882754,0.5547219976302691,59.60210503736187,0.5980077937356528,0.0,0.8384879725085911,0.3272479954180987,0.030000000000000027,18.195876288659793,0.5598474210007383,0.005125423370469173,candidate_threshold_optimization
I,0.45,0.5677190137972269,60.29103471746744,0.6043467772565625,0.009259259259259259,0.8725773195876289,0.3182939576174113,0.015000000000000013,17.896005154639177,0.5712484032261629,0.0035293894289359917,0.5804305948410108,60.95972558170464,0.6104833726187886,0.018518518518518517,0.9066666666666666,0.30819444444444444,0.0,17.725,0.5827181702316909,0.002287575390680141,0.555007432753443,59.622343853230234,0.5982101818943365,0.0,0.8384879725085911,0.3283934707903782,0.030000000000000027,18.067010309278352,0.5598474210007383,0.004839988247295257,candidate_threshold_optimization
I,0.46,0.5680506505972747,60.293525430691005,0.6043716843887983,0.011494252873563218,0.8673711340206185,0.31822236540664384,0.015000000000000013,17.59213917525773,0.5712484032261629,0.0031977526288882174,0.5810555948410108,60.98722558170464,0.6107583726187886,0.022988505747126436,0.91,0.30819444444444444,0.0,17.375,0.5827181702316909,0.0016625753906801544,0.5550457063535387,59.599825279677376,0.5979849961588078,0.0,0.8247422680412371,0.32825028636884324,0.030000000000000027,17.809278350515463,0.5598474210007383,0.004801714647199584,candidate_threshold_optimization
I,0.47,0.5683225833016633,60.31542087753308,0.6045906388572189,0.017342206089937487,0.8742439862542956,0.3185087342497137,0.015000000000000013,17.527706185567013,0.5712484032261629,0.002925819924499584,0.5810555948410108,60.98722558170464,0.6107583726187886,0.022988505747126436,0.91,0.30819444444444444,0.0,17.375,0.5827181702316909,0.0016625753906801544,0.5555895717623158,59.643616173361515,0.5984229050956492,0.011695906432748537,0.8384879725085911,0.328823024054983,0.030000000000000027,17.68041237113402,0.5598474210007383,0.004257849238422429,candidate_threshold_optimization
I,0.48,0.5680577637140345,60.296670877533074,0.6044031388572189,0.017241379310344827,0.8690893470790378,0.3185087342497137,0.015000000000000013,17.605025773195877,0.5712484032261629,0.0031906395121283904,0.5810555948410108,60.98722558170464,0.6107583726187886,0.022988505747126436,0.91,0.30819444444444444,0.0,17.375,0.5827181702316909,0.0016625753906801544,0.5550599325870581,59.606116173361514,0.5980479050956492,0.011494252873563218,0.8281786941580757,0.328823024054983,0.030000000000000027,17.835051546391753,0.5598474210007383,0.004787488413680152,candidate_threshold_optimization
I,0.49,0.5681437173222819,60.32292087753308,0.6046656388572189,0.011299435028248588,0.8810137457044673,0.3185087342497137,0.015000000000000013,17.781572164948454,0.5712484032261629,0.0031046859038810215,0.5808805948410108,60.99472558170464,0.6108333726187887,0.022598870056497175,0.9166666666666666,0.30819444444444444,0.0,17.625,0.5827181702316909,0.0018375753906800796,0.555406839803553,59.651116173361515,0.5984979050956493,0.0,0.845360824742268,0.328823024054983,0.030000000000000027,17.938144329896907,0.5598474210007383,0.004440581197185267,candidate_threshold_optimization
I,0.5,0.5681686883852863,60.327797708919434,0.6047144071710824,0.008333333333333333,0.8843470790378007,0.3187235108820161,0.015000000000000013,17.796778350515467,0.5712484032261629,0.0030797148408765462,0.5813055948410107,61.02222558170464,0.6111083726187886,0.016666666666666666,0.9233333333333333,0.30819444444444444,0.0,17.475,0.5827181702316909,0.001412575390680182,0.5550317819295618,59.63336983613422,0.5983204417233763,0.0,0.845360824742268,0.3292525773195878,0.030000000000000027,18.11855670103093,0.5598474210007383,0.004815639071176436,candidate_threshold_optimization
I,0.51,0.5682031245387766,60.33167087753307,0.6047531388572189,0.008064516129032258,0.8843470790378007,0.3185087342497137,0.015000000000000013,17.80966494845361,0.5712484032261629,0.0030452786873862436,0.5813055948410107,61.02222558170464,0.6111083726187886,0.016129032258064516,0.9233333333333333,0.30819444444444444,0.0,17.475,0.5827181702316909,0.001412575390680182,0.5551006542365426,59.64111617336151,0.5983979050956492,0.0,0.845360824742268,0.328823024054983,0.030000000000000027,18.144329896907216,0.5598474210007383,0.004746766764195609,candidate_threshold_optimization
I,0.52,0.5685069650302643,60.362275430691014,0.6050591843887982,0.010540674603174602,0.8946048109965636,0.31822236540664384,0.015000000000000013,17.823324742268042,0.5712484032261629,0.00274143819589856,0.5814805948410107,61.03472558170464,0.6112333726187885,0.015873015873015872,0.9266666666666666,0.30819444444444444,0.0,17.425,0.5827181702316909,0.0012375753906802567,0.5555333352195181,59.68982527967738,0.5988849961588079,0.005208333333333333,0.8625429553264605,0.32825028636884324,0.030000000000000027,18.221649484536083,0.5598474210007383,0.004314085781220167,candidate_threshold_optimization
I,0.53,0.5685069650302643,60.362275430691014,0.6050591843887982,0.010540674603174602,0.8946048109965636,0.31822236540664384,0.015000000000000013,17.823324742268042,0.5712484032261629,0.00274143819589856,0.5814805948410107,61.03472558170464,0.6112333726187885,0.015873015873015872,0.9266666666666666,0.30819444444444444,0.0,17.425,0.5827181702316909,0.0012375753906802567,0.5555333352195181,59.68982527967738,0.5988849961588079,0.005208333333333333,0.8625429553264605,0.32825028636884324,0.030000000000000027,18.221649484536083,0.5598474210007383,0.004314085781220167,candidate_threshold_optimization
I,0.54,0.5684791240418268,60.358775409739586,0.6050241841792839,0.013064713064713063,0.8946048109965636,0.3183655498281788,0.015000000000000013,17.810438144329897,0.5712484032261629,0.0027692791843361153,0.5814805948410107,61.03472558170464,0.6112333726187885,0.015873015873015872,0.9266666666666666,0.30819444444444444,0.0,17.425,0.5827181702316909,0.0012375753906802567,0.555477653242643,59.68282523777453,0.5988149957397794,0.010256410256410256,0.8625429553264605,0.3285366552119131,0.030000000000000027,18.195876288659793,0.5598474210007383,0.004369767758095278,candidate_threshold_optimization
I,0.55,0.5688156245387768,60.38542087753308,0.6052906388572189,0.012742812742812745,0.9013745704467354,0.3185087342497137,0.015000000000000013,17.734664948453606,0.5712484032261629,0.002432778687386117,0.5818305948410107,61.05972558170464,0.6114833726187886,0.015384615384615385,0.9333333333333333,0.30819444444444444,0.0,17.325,0.5827181702316909,0.0008875753906801842,0.5558006542365427,59.71111617336151,0.5990979050956492,0.010101010101010102,0.8694158075601375,0.328823024054983,0.030000000000000027,18.144329896907216,0.5598474210007383,0.004046766764195575,candidate_threshold_optimization
I,0.56,0.5687046419935338,60.37904770891943,0.6052269071710825,0.012667432070417145,0.9013745704467354,0.3187235108820161,0.015000000000000013,17.77332474226804,0.5712484032261629,0.002543761232629116,0.5818305948410107,61.05972558170464,0.6114833726187886,0.015384615384615385,0.9333333333333333,0.30819444444444444,0.0,17.325,0.5827181702316909,0.0008875753906801842,0.5555786891460567,59.698369836134226,0.5989704417233763,0.009950248756218905,0.8694158075601375,0.3292525773195878,0.030000000000000027,18.221649484536083,0.5598474210007383,0.004268731854681573,candidate_threshold_optimization
I,0.57,0.5687046419935337,60.37904770891943,0.6052269071710824,0.012550881953867029,0.9013745704467354,0.3187235108820161,0.015000000000000013,17.77332474226804,0.5712484032261629,0.002543761232629227,0.5818305948410106,61.05972558170464,0.6114833726187885,0.015151515151515152,0.9333333333333333,0.30819444444444444,0.0,17.325,0.5827181702316909,0.0008875753906802952,0.5555786891460567,59.698369836134226,0.5989704417233763,0.009950248756218905,0.8694158075601375,0.3292525773195878,0.030000000000000027,18.221649484536083,0.5598474210007383,0.004268731854681573,candidate_threshold_optimization
I,0.58,0.5685896767797392,60.38144007642886,0.6052508308461767,0.01243781094527363,0.9013745704467354,0.3196957331042384,0.015000000000000013,17.87332474226804,0.5712484032261629,0.0026587264464237315,0.5816006644134215,61.064510316723485,0.6115312199689771,0.014925373134328358,0.9333333333333333,0.31013888888888896,0.0,17.525,0.5827181702316909,0.0011175058182694153,0.5555786891460567,59.698369836134226,0.5989704417233763,0.009950248756218905,0.8694158075601375,0.3292525773195878,0.030000000000000027,18.221649484536083,0.5598474210007383,0.004268731854681573,candidate_threshold_optimization
I,0.59,0.5687009137019983,60.38131376865478,0.605249567768436,0.012221501189703655,0.9013745704467354,0.3196957331042384,0.015000000000000013,17.760824742268042,0.5712484032261629,0.0025474895241646145,0.58182313825794,61.06425770117533,0.6115286938134955,0.014492753623188406,0.9333333333333333,0.31013888888888896,0.0,17.3,0.5827181702316909,0.0008950319737509593,0.5555786891460567,59.698369836134226,0.5989704417233763,0.009950248756218905,0.8694158075601375,0.3292525773195878,0.030000000000000027,18.221649484536083,0.5598474210007383,0.004268731854681573,candidate_threshold_optimization
I,0.6,0.5686384137019984,60.38256376865478,0.6052620677684359,0.012117981520966596,0.903041237113402,0.3196957331042384,0.015000000000000013,17.83582474226804,0.5712484032261629,0.002609989524164469,0.58169813825794,61.066757701175334,0.6115536938134956,0.014285714285714285,0.9366666666666666,0.31013888888888896,0.0,17.45,0.5827181702316909,0.00102003197375089,0.5555786891460567,59.698369836134226,0.5989704417233763,0.009950248756218905,0.8694158075601375,0.3292525773195878,0.030000000000000027,18.221649484536083,0.5598474210007383,0.004268731854681573,candidate_threshold_optimization
I,0.61,0.5686884137019983,60.38756376865478,0.6053120677684359,0.012017377899236212,0.9047079037800687,0.3196957331042384,0.015000000000000013,17.83582474226804,0.5712484032261629,0.0025599895241645854,0.58179813825794,61.07675770117533,0.6116536938134955,0.014084507042253521,0.94,0.31013888888888896,0.0,17.45,0.5827181702316909,0.0009200319737509011,0.5555786891460567,59.698369836134226,0.5989704417233763,0.009950248756218905,0.8694158075601375,0.3292525773195878,0.030000000000000027,18.221649484536083,0.5598474210007383,0.004268731854681573,candidate_threshold_optimization
I,0.62,0.5688558266522079,60.39792762954056,0.6054157063772938,0.01184640522875817,0.906426116838488,0.3194093642611685,0.015000000000000013,17.783505154639176,0.5712484032261629,0.0023925765739549743,0.5817231382579401,61.07425770117533,0.6116286938134956,0.013888888888888888,0.94,0.31013888888888896,0.0,17.5,0.5827181702316909,0.0009950319737508373,0.5559885150464758,59.7215975579058,0.5992027189410921,0.00980392156862745,0.872852233676976,0.32867983963344805,0.030000000000000027,18.067010309278352,0.5598474210007383,0.003858905954262415,candidate_threshold_optimization
I,0.63,0.5689499967214781,60.41106743142748,0.6055471043961631,0.009325396825396825,0.9150171821305841,0.3203400630011456,0.015000000000000013,17.783505154639176,0.5712484032261629,0.0022984065046848245,0.5817231382579401,61.07425770117533,0.6116286938134956,0.013888888888888888,0.94,0.31013888888888896,0.0,17.5,0.5827181702316909,0.0009950319737508373,0.556176855185016,59.74787716167964,0.5994655149788305,0.004761904761904762,0.8900343642611683,0.3305412371134022,0.030000000000000027,18.067010309278352,0.5598474210007383,0.0036705658157222265,candidate_threshold_optimization
I,0.64,0.5690106420599581,60.41185418749771,0.6055549719568654,0.009230267449445531,0.9150171821305841,0.31902061855670116,0.015000000000000013,17.783505154639176,0.5712484032261629,0.002237761166204777,0.5818444289349002,61.07583121331579,0.6116444289349001,0.0136986301369863,0.94,0.3075000000000001,0.0,17.5,0.5827181702316909,0.0008737412967907421,0.556176855185016,59.74787716167964,0.5994655149788305,0.004761904761904762,0.8900343642611683,0.3305412371134022,0.030000000000000027,18.067010309278352,0.5598474210007383,0.0036705658157222265,candidate_threshold_optimization
I,0.65,0.5690106420599581,60.41185418749771,0.6055549719568654,0.009230267449445531,0.9150171821305841,0.31902061855670116,0.015000000000000013,17.783505154639176,0.5712484032261629,0.002237761166204777,0.5818444289349002,61.07583121331579,0.6116444289349001,0.0136986301369863,0.94,0.3075000000000001,0.0,17.5,0.5827181702316909,0.0008737412967907421,0.556176855185016,59.74787716167964,0.5994655149788305,0.004761904761904762,0.8900343642611683,0.3305412371134022,0.030000000000000027,18.067010309278352,0.5598474210007383,0.0036705658157222265,candidate_threshold_optimization
I,0.66,0.5690106420599581,60.41185418749771,0.6055549719568654,0.011544150749244324,0.9150171821305841,0.31902061855670116,0.015000000000000013,17.783505154639176,0.5712484032261629,0.002237761166204777,0.5818444289349002,61.07583121331579,0.6116444289349001,0.0136986301369863,0.94,0.3075000000000001,0.0,17.5,0.5827181702316909,0.0008737412967907421,0.556176855185016,59.74787716167964,0.5994655149788305,0.009389671361502348,0.8900343642611683,0.3305412371134022,0.030000000000000027,18.067010309278352,0.5598474210007383,0.0036705658157222265,candidate_threshold_optimization
I,0.67,0.569039352561138,60.42359121699715,0.6056723422518597,0.011386386386386387,0.9184536082474226,0.31837628865979395,0.015000000000000013,17.8979381443299,0.5712484032261629,0.0022090506650248587,0.5816944289349002,61.07083121331579,0.6115944289349001,0.013513513513513514,0.94,0.3075000000000001,0.0,17.6,0.5827181702316909,0.0010237412967907256,0.5563842761873758,59.77635122067851,0.5997502555688192,0.009259259259259259,0.8969072164948454,0.3292525773195878,0.030000000000000027,18.195876288659793,0.5598474210007383,0.0034631448133624065,candidate_threshold_optimization
I,0.68,0.5690161836803678,60.41984248470476,0.6056348549289359,0.011232876712328768,0.9185051546391753,0.3186626575028638,0.015000000000000013,17.87216494845361,0.5712484032261629,0.002232219545795111,0.5815517315067683,61.056561470502594,0.6114517315067682,0.013333333333333334,0.9366666666666666,0.3075000000000001,0.0,17.6,0.5827181702316909,0.0011664387249226138,0.5564806358539671,59.78312349890693,0.5998179783511034,0.0091324200913242,0.9003436426116839,0.32982531500572754,0.030000000000000027,18.144329896907216,0.5598474210007383,0.003366785146771134,candidate_threshold_optimization
I,0.69,0.5690908397376447,60.41971931609112,0.6056336232427993,0.01324561403508772,0.9185051546391753,0.31902061855670116,0.015000000000000013,17.781958762886596,0.5712484032261629,0.002157563488518144,0.5815517315067683,61.056561470502594,0.6114517315067682,0.013333333333333334,0.9366666666666666,0.3075000000000001,0.0,17.6,0.5827181702316909,0.0011664387249226138,0.5566299479685212,59.782877161679636,0.5998155149788305,0.013157894736842105,0.9003436426116839,0.3305412371134022,0.030000000000000027,17.963917525773194,0.5598474210007383,0.0032174730322170886,candidate_threshold_optimization
I,0.7,0.5690908397376447,60.41971931609112,0.6056336232427993,0.01324561403508772,0.9185051546391753,0.31902061855670116,0.015000000000000013,17.781958762886596,0.5712484032261629,0.002157563488518144,0.5815517315067683,61.056561470502594,0.6114517315067682,0.013333333333333334,0.9366666666666666,0.3075000000000001,0.0,17.6,0.5827181702316909,0.0011664387249226138,0.5566299479685212,59.782877161679636,0.5998155149788305,0.013157894736842105,0.9003436426116839,0.3305412371134022,0.030000000000000027,17.963917525773194,0.5598474210007383,0.0032174730322170886,candidate_threshold_optimization
I,0.71,0.5692575496597492,60.43109248470476,0.6057473549289358,0.01316017316017316,0.9202233676975945,0.3186626575028638,0.015000000000000013,17.743298969072164,0.5712484032261629,0.0019908535664137084,0.5815517315067683,61.056561470502594,0.6114517315067682,0.013333333333333334,0.9366666666666666,0.3075000000000001,0.0,17.6,0.5827181702316909,0.0011664387249226138,0.55696336781273,59.805623498906925,0.6000429783511034,0.012987012987012988,0.9037800687285223,0.32982531500572754,0.030000000000000027,17.88659793814433,0.5598474210007383,0.0028840531880082176,candidate_threshold_optimization
I,0.72,0.5692025665417685,60.43346931609112,0.6057711232427994,0.01094017094017094,0.923659793814433,0.31902061855670116,0.015000000000000013,17.807731958762886,0.5712484032261629,0.0020458366843943976,0.5815517315067683,61.056561470502594,0.6114517315067682,0.013333333333333334,0.9366666666666666,0.3075000000000001,0.0,17.6,0.5827181702316909,0.0011664387249226138,0.5568534015767687,59.81037716167964,0.6000905149788305,0.008547008547008548,0.9106529209621993,0.3305412371134022,0.030000000000000027,18.015463917525775,0.5598474210007383,0.002994019423969596,candidate_threshold_optimization
I,0.73,0.5694544982088897,60.448801371692134,0.6059244437988096,0.010767010767010768,0.9269931271477663,0.31936784077892333,0.015000000000000013,17.69523195876289,0.5712484032261629,0.0017939050172731674,0.5820555948410108,61.08722558170463,0.6117583726187886,0.012987012987012988,0.9433333333333334,0.30819444444444444,0.0,17.375,0.5827181702316909,0.0006625753906801535,0.5568534015767687,59.81037716167964,0.6000905149788305,0.008547008547008548,0.9106529209621993,0.3305412371134022,0.030000000000000027,18.015463917525775,0.5598474210007383,0.002994019423969596,candidate_threshold_optimization
I,0.74,0.5700831047619611,60.48488654017224,0.6062852954836107,0.010608732830955054,0.939020618556701,0.3194394329896908,0.015000000000000013,17.424613402061855,0.5712484032261629,0.0011652984642017694,0.5820555948410108,61.08722558170463,0.6117583726187886,0.012987012987012988,0.9433333333333334,0.30819444444444444,0.0,17.375,0.5827181702316909,0.0006625753906801535,0.5581106146829115,59.88254749863985,0.6008122183484327,0.00823045267489712,0.9347079037800687,0.33068442153493716,0.030000000000000027,17.47422680412371,0.5598474210007383,0.0017368063178268,candidate_threshold_optimization
I,0.75,0.5699811730948399,60.48455448457123,0.6062819749276004,0.01036522633744856,0.9406872852233676,0.31909221076746863,0.015000000000000013,17.537113402061856,0.5712484032261629,0.001267230131323016,0.5818517315067682,61.0865614705026,0.6117517315067681,0.0125,0.9466666666666667,0.3075000000000001,0.0,17.6,0.5827181702316909,0.0008664387249227579,0.5581106146829115,59.88254749863985,0.6008122183484327,0.00823045267489712,0.9347079037800687,0.33068442153493716,0.030000000000000027,17.47422680412371,0.5598474210007383,0.0017368063178268,candidate_threshold_optimization
I,0.76,0.5699017498374387,60.48557836730764,0.6062922137549646,0.012048192771084336,0.9406357388316151,0.3194394329896908,0.015000000000000013,17.612886597938143,0.5712484032261629,0.001346653388724195,0.5818694313837186,61.10110923597543,0.6118972091614965,0.01606425702811245,0.95,0.30819444444444444,0.0,17.7,0.5827181702316909,0.000848738847972319,0.5579340682911588,59.870047498639856,0.6006872183484326,0.008032128514056224,0.9312714776632303,0.33068442153493716,0.030000000000000027,17.52577319587629,0.5598474210007383,0.0019133527095794856,candidate_threshold_optimization
I,0.77,0.5698126189292732,60.488120030213885,0.606317630384027,0.012000382482310192,0.9406357388316151,0.31972580183276067,0.015000000000000013,17.715979381443297,0.5712484032261629,0.0014357842968897305,0.5818694313837186,61.10110923597543,0.6118972091614965,0.01606425702811245,0.95,0.30819444444444444,0.0,17.7,0.5827181702316909,0.000848738847972319,0.5577558064748278,59.87513082445234,0.6007380516065575,0.007936507936507936,0.9312714776632303,0.3312571592210769,0.030000000000000027,17.7319587628866,0.5598474210007383,0.0020916145259104457,candidate_threshold_optimization
I,0.78,0.5700751189292732,60.496870030213884,0.606405130384027,0.01580298786181139,0.9406357388316151,0.31972580183276067,0.015000000000000013,17.5409793814433,0.5712484032261629,0.0011732842968896762,0.5823944313837186,61.11860923597542,0.6120722091614964,0.01984126984126984,0.95,0.30819444444444444,0.0,17.35,0.5827181702316909,0.00032373884797232133,0.5577558064748278,59.87513082445234,0.6007380516065575,0.011764705882352941,0.9312714776632303,0.3312571592210769,0.030000000000000027,17.7319587628866,0.5598474210007383,0.0020916145259104457,candidate_threshold_optimization
I,0.79,0.5699089285452754,60.49784406168809,0.6064148706987691,0.013657090743274054,0.9439690721649485,0.3193785796105385,0.015000000000000013,17.730798969072165,0.5712484032261629,0.0013394746808874647,0.5822916897909806,61.128057298923835,0.6121666897909805,0.01568627450980392,0.9566666666666667,0.3075000000000001,0.0,17.575,0.5827181702316909,0.00042648044071036395,0.5575261672995703,59.86763082445235,0.6006630516065576,0.011627906976744186,0.9312714776632303,0.3312571592210769,0.030000000000000027,17.88659793814433,0.5598474210007383,0.00232125370116798,candidate_threshold_optimization
I,0.8,0.5699089285452754,60.49784406168809,0.6064148706987691,0.013657090743274054,0.9439690721649485,0.3193785796105385,0.015000000000000013,17.730798969072165,0.5712484032261629,0.0013394746808874647,0.5822916897909806,61.128057298923835,0.6121666897909805,0.01568627450980392,0.9566666666666667,0.3075000000000001,0.0,17.575,0.5827181702316909,0.00042648044071036395,0.5575261672995703,59.86763082445235,0.6006630516065576,0.011627906976744186,0.9312714776632303,0.3312571592210769,0.030000000000000027,17.88659793814433,0.5598474210007383,0.00232125370116798,candidate_threshold_optimization
I,0.81,0.5698339285452754,60.49534406168809,0.6063898706987692,0.013565891472868217,0.9439690721649485,0.3193785796105385,0.015000000000000013,17.780798969072166,0.5712484032261629,0.001414474680887512,0.5821416897909806,61.12305729892383,0.6121166897909806,0.015503875968992248,0.9566666666666667,0.3075000000000001,0.0,17.675,0.5827181702316909,0.0005764804407103474,0.5575261672995703,59.86763082445235,0.6006630516065576,0.011627906976744186,0.9312714776632303,0.3312571592210769,0.030000000000000027,17.88659793814433,0.5598474210007383,0.00232125370116798,candidate_threshold_optimization
I,0.82,0.5699487481329042,60.49909406168808,0.6064273706987691,0.015414773233538268,0.9439690721649485,0.3193785796105385,0.015000000000000013,17.7034793814433,0.5712484032261629,0.0012996550932586892,0.5821416897909806,61.12305729892383,0.6121166897909806,0.015503875968992248,0.9566666666666667,0.3075000000000001,0.0,17.675,0.5827181702316909,0.0005764804407103474,0.5577558064748279,59.87513082445234,0.6007380516065576,0.01532567049808429,0.9312714776632303,0.3312571592210769,0.030000000000000027,17.7319587628866,0.5598474210007383,0.0020916145259103347,candidate_threshold_optimization
I,0.83,0.5699487481329042,60.49909406168808,0.6064273706987691,0.015414773233538268,0.9439690721649485,0.3193785796105385,0.015000000000000013,17.7034793814433,0.5712484032261629,0.0012996550932586892,0.5821416897909806,61.12305729892383,0.6121166897909806,0.015503875968992248,0.9566666666666667,0.3075000000000001,0.0,17.675,0.5827181702316909,0.0005764804407103474,0.5577558064748279,59.87513082445234,0.6007380516065576,0.01532567049808429,0.9312714776632303,0.3312571592210769,0.030000000000000027,17.7319587628866,0.5598474210007383,0.0020916145259103347,candidate_threshold_optimization
I,0.84,0.5702685508385138,60.51546723030174,0.6065911023849055,0.01523859282479972,0.9456872852233678,0.31902061855670116,0.015000000000000013,17.561726804123712,0.5712484032261629,0.0009798523876490828,0.5821416897909806,61.12305729892383,0.6121166897909806,0.01532567049808429,0.9566666666666667,0.3075000000000001,0.0,17.675,0.5827181702316909,0.0005764804407103474,0.558395411886047,59.907877161679636,0.6010655149788305,0.015151515151515152,0.9347079037800687,0.3305412371134022,0.030000000000000027,17.448453608247423,0.5598474210007383,0.0014520091146912328,candidate_threshold_optimization
I,0.85,0.5702670937396039,60.51804202441991,0.6066168503260874,0.013280812777132032,0.9508419243986255,0.3180899198167241,0.015000000000000013,17.626159793814434,0.5712484032261629,0.0009813094865589456,0.5821416897909806,61.12305729892383,0.6121166897909806,0.01532567049808429,0.9566666666666667,0.3075000000000001,0.0,17.675,0.5827181702316909,0.0005764804407103474,0.5583924976882273,59.913026749916,0.6011170108611941,0.011235955056179775,0.9450171821305842,0.32867983963344805,0.030000000000000027,17.577319587628867,0.5598474210007383,0.0014549233125109584,candidate_threshold_optimization
I,0.86,0.5701828191974929,60.52003123687548,0.6066367424506429,0.013193735103847463,0.9525085910652921,0.3197565864833908,0.015000000000000013,17.663659793814432,0.5712484032261629,0.0010655840286699636,0.5819731407067585,61.127035723834965,0.6121564740400919,0.015151515151515152,0.96,0.3108333333333335,0.0,17.75,0.5827181702316909,0.0007450295249323835,0.5583924976882273,59.913026749916,0.6011170108611941,0.011235955056179775,0.9450171821305842,0.32867983963344805,0.030000000000000027,17.577319587628867,0.5598474210007383,0.0014549233125109584,candidate_threshold_optimization
I,0.87,0.5701062728057403,60.517531236875485,0.606611742450643,0.014983164983164984,0.9525085910652921,0.3197565864833908,0.015000000000000013,17.715206185567013,0.5712484032261629,0.001142130420422549,0.5819731407067585,61.127035723834965,0.6121564740400919,0.015151515151515152,0.96,0.3108333333333335,0.0,17.75,0.5827181702316909,0.0007450295249323835,0.5582394049047221,59.908026749916,0.6010670108611941,0.014814814814814815,0.9450171821305842,0.32867983963344805,0.030000000000000027,17.68041237113402,0.5598474210007383,0.0016080160960161294,candidate_threshold_optimization
I,0.88,0.5706689030763202,60.53771178970668,0.6068135479789549,0.018102073365231258,0.9610996563573884,0.3171792668957619,0.015000000000000013,17.457474226804123,0.5712484032261629,0.0005795001498426489,0.5819731407067585,61.127035723834965,0.6121564740400919,0.015151515151515152,0.96,0.3108333333333335,0.0,17.75,0.5827181702316909,0.0007450295249323835,0.5593646654458819,59.94838785557839,0.6014706219178179,0.021052631578947368,0.9621993127147767,0.32352520045819033,0.030000000000000027,17.164948453608247,0.5598474210007383,0.00048275555485632893,candidate_threshold_optimization
I,0.89,0.5706689030763202,60.53771178970668,0.6068135479789549,0.018102073365231258,0.9610996563573884,0.3171792668957619,0.015000000000000013,17.457474226804123,0.5712484032261629,0.0005795001498426489,0.5819731407067585,61.127035723834965,0.6121564740400919,0.015151515151515152,0.96,0.3108333333333335,0.0,17.75,0.5827181702316909,0.0007450295249323835,0.5593646654458819,59.94838785557839,0.6014706219178179,0.021052631578947368,0.9621993127147767,0.32352520045819033,0.030000000000000027,17.164948453608247,0.5598474210007383,0.00048275555485632893,candidate_threshold_optimization
I,0.9,0.5706689030763202,60.53771178970668,0.6068135479789549,0.018102073365231258,0.9610996563573884,0.3171792668957619,0.015000000000000013,17.457474226804123,0.5712484032261629,0.0005795001498426489,0.5819731407067585,61.127035723834965,0.6121564740400919,0.015151515151515152,0.96,0.3108333333333335,0.0,17.75,0.5827181702316909,0.0007450295249323835,0.5593646654458819,59.94838785557839,0.6014706219178179,0.021052631578947368,0.9621993127147767,0.32352520045819033,0.030000000000000027,17.164948453608247,0.5598474210007383,0.00048275555485632893,candidate_threshold_optimization
I,0.91,0.5706689030763202,60.53771178970668,0.6068135479789549,0.018102073365231258,0.9610996563573884,0.3171792668957619,0.015000000000000013,17.457474226804123,0.5712484032261629,0.0005795001498426489,0.5819731407067585,61.127035723834965,0.6121564740400919,0.015151515151515152,0.96,0.3108333333333335,0.0,17.75,0.5827181702316909,0.0007450295249323835,0.5593646654458819,59.94838785557839,0.6014706219178179,0.021052631578947368,0.9621993127147767,0.32352520045819033,0.030000000000000027,17.164948453608247,0.5598474210007383,0.00048275555485632893,candidate_threshold_optimization
I,0.92,0.5706689030763202,60.53771178970668,0.6068135479789549,0.018102073365231258,0.9610996563573884,0.3171792668957619,0.015000000000000013,17.457474226804123,0.5712484032261629,0.0005795001498426489,0.5819731407067585,61.127035723834965,0.6121564740400919,0.015151515151515152,0.96,0.3108333333333335,0.0,17.75,0.5827181702316909,0.0007450295249323835,0.5593646654458819,59.94838785557839,0.6014706219178179,0.021052631578947368,0.9621993127147767,0.32352520045819033,0.030000000000000027,17.164948453608247,0.5598474210007383,0.00048275555485632893,candidate_threshold_optimization
I,0.93,0.5705189030763202,60.53271178970668,0.6067635479789548,0.021637426900584796,0.9610996563573884,0.3171792668957619,0.015000000000000013,17.557474226804125,0.5712484032261629,0.0007295001498426323,0.5816731407067586,61.11703572383497,0.6120564740400919,0.022222222222222223,0.96,0.3108333333333335,0.0,17.95,0.5827181702316909,0.0010450295249323505,0.5593646654458819,59.94838785557839,0.6014706219178179,0.021052631578947368,0.9621993127147767,0.32352520045819033,0.030000000000000027,17.164948453608247,0.5598474210007383,0.00048275555485632893,candidate_threshold_optimization
I,0.94,0.5705189030763202,60.53271178970668,0.6067635479789548,0.021637426900584796,0.9610996563573884,0.3171792668957619,0.015000000000000013,17.557474226804125,0.5712484032261629,0.0007295001498426323,0.5816731407067586,61.11703572383497,0.6120564740400919,0.022222222222222223,0.96,0.3108333333333335,0.0,17.95,0.5827181702316909,0.0010450295249323505,0.5593646654458819,59.94838785557839,0.6014706219178179,0.021052631578947368,0.9621993127147767,0.32352520045819033,0.030000000000000027,17.164948453608247,0.5598474210007383,0.00048275555485632893,candidate_threshold_optimization
I,0.95,0.5704493733757681,60.543081270968756,0.6068672427915757,0.02105496453900709,0.9662027491408935,0.31745704467353963,0.015000000000000013,17.71958762886598,0.5712484032261629,0.0007990298503948168,0.5810513257507979,61.09207645046112,0.6118068813063534,0.02127659574468085,0.9633333333333334,0.31138888888888894,0.0,18.3,0.5827181702316909,0.0016668444808930483,0.5598474210007383,59.9940860914764,0.6019276042767979,0.020833333333333332,0.9690721649484536,0.32352520045819033,0.030000000000000027,17.13917525773196,0.5598474210007383,0.0,candidate_threshold_optimization
I,0.96,0.5703444921567891,60.55034801734117,0.6069399102552999,0.024243740049211173,0.9662027491408935,0.32189576174112267,0.015000000000000013,17.71958762886598,0.5712484032261629,0.0009039110693738195,0.5810513257507979,61.09207645046112,0.6118068813063534,0.02127659574468085,0.9633333333333334,0.31138888888888894,0.0,18.3,0.5827181702316909,0.0016668444808930483,0.5596376585627801,60.00861958422122,0.6020729392042464,0.027210884353741496,0.9690721649484536,0.3324026345933564,0.030000000000000027,17.13917525773196,0.5598474210007383,0.00020976243795811644,candidate_threshold_optimization
I,0.97,0.5704149809857163,60.55367410527399,0.606973171134628,0.02397163120567376,0.9679209621993128,0.3216093928980528,0.015000000000000013,17.69381443298969,0.5712484032261629,0.0008334222404465796,0.5810513257507979,61.09207645046112,0.6118068813063534,0.02127659574468085,0.9633333333333334,0.31138888888888894,0.0,18.3,0.5827181702316909,0.0016668444808930483,0.5597786362206347,60.01527176008686,0.6021394609629027,0.02666666666666667,0.9725085910652921,0.33182989690721665,0.030000000000000027,17.087628865979383,0.5598474210007383,6.878478010352573e-05,candidate_threshold_optimization
I,0.98,0.5704149809857163,60.55367410527399,0.606973171134628,0.023859649122807018,0.9679209621993128,0.3216093928980528,0.015000000000000013,17.69381443298969,0.5712484032261629,0.0008334222404465796,0.5810513257507979,61.09207645046112,0.6118068813063534,0.021052631578947368,0.9633333333333334,0.31138888888888894,0.0,18.3,0.5827181702316909,0.0016668444808930483,0.5597786362206347,60.01527176008686,0.6021394609629027,0.02666666666666667,0.9725085910652921,0.33182989690721665,0.030000000000000027,17.087628865979383,0.5598474210007383,6.878478010352573e-05,candidate_threshold_optimization
I,0.99,0.570665514274901,60.572338545303566,0.6071598155349238,0.023537414965986395,0.9729209621993127,0.32001217067583054,0.015000000000000013,17.69381443298969,0.5712484032261629,0.0005828889512619062,0.5815523923291672,61.12940533052028,0.612180170106945,0.02040816326530612,0.9733333333333334,0.30819444444444444,0.0,18.3,0.5827181702316909,0.0011657779025237014,0.5597786362206347,60.01527176008686,0.6021394609629027,0.02666666666666667,0.9725085910652921,0.33182989690721665,0.030000000000000027,17.087628865979383,0.5598474210007383,6.878478010352573e-05,candidate_threshold_optimization
I,1.0,0.5712484032261629,60.5975718848742,0.6074121489306301,0.023333333333333334,0.9762542955326461,0.31862328178694166,0.015000000000000013,17.41881443298969,0.5712484032261629,0.0,0.5827181702316909,61.17987200966153,0.6126848368983576,0.02,0.98,0.30541666666666667,0.0,17.75,0.5827181702316909,0.0,0.5597786362206347,60.01527176008686,0.6021394609629027,0.02666666666666667,0.9725085910652921,0.33182989690721665,0.030000000000000027,17.087628865979383,0.5598474210007383,6.878478010352573e-05,candidate_threshold_optimization
