scenario,scenario_description,seed,policy,policy_name,threshold_percentile,n_patients,n_service_needs,assigned_count,unassigned_rate,tps_proxy,simulated_outcome_utility,expected_outcome_utility,scenario_oracle_utility,high_risk_full_pool_share,zip_fallback_rate,zip_continuity_rate,workload_spread,workload_gini,new_assignment_workload_gini,max_overload,mean_utilization,travel_proxy,top_tier_access_rate,fairness_gap_age_group,fairness_gap_zip,fairness_gap_area_type,fairness_gap_housing_type,fairness_gap_house_price_group,fairness_gap_clinical_need_decile,assignment_signature,threshold_rerun_id,rerun_design_fingerprint,common_random_numbers,capacity_constraints_enforced,availability_constraints_enforced,discipline_constraints_enforced,ot_deterministic_rotation_preserved,cms_model,performance_year,payment_year,measure_set_version,cms_version_locked,threshold_source,risk_reference_id,risk_reference_config_hash,risk_reference_sample_size,threshold_raw_equivalent,risk_percentile_semantics,public_data_only,synthetic_data,production_validated,metric_performance_DFS,metric_performance_Dyspnea,metric_performance_Oral_Meds,metric_performance_DTC,metric_performance_PPH,metric_performance_Care_of_Patients,metric_performance_Communications,metric_performance_Care_Issues,metric_performance_Agency_Rating,metric_performance_Recommend,config_hash,design_label,capacity_ratio,zip_sparsity,roster_RN,roster_PT,roster_OT,best_included_policy_utility,regret_vs_best_included_policy,regret_vs_scenario_oracle,oracle_regret_available,regret_reference,roster_scale
F,positive ZIP-continuity benefit,0,P4,threshold_hard_zip_sponsor_policy,0.25,200,600,420,0.30000000000000004,47.056008621200704,0.4711311314005093,0.4704745653915363,0.7029544111314228,0.675,0.015384615384615385,0.8714285714285714,0.7278708115918284,0.29761904761904767,0.29761904761904767,0.0,1.0,17.803571428571427,0.2714285714285714,0.06722385729327535,0.19778162183155668,0.09559636095045315,0.08486942284585858,0.05487121964113062,0.28075867358505213,7da3dd621adf26cf992cb6a4580b6328ae58c2982fec208d1b225501b27537b6,ca1f84dca4095dac,1c43b094085f16de35ae0156f4405b86aadc4ae13ebed174cbf06d02664514e4,True,True,True,True,True,Expanded HHVBP,2025,2027,CY2025,True,public_only_semi_synthetic_capacity_pilot_not_outcome_validated,9237e030d3eeed990f7138399b26f3024037939e48d5eb89866d5bdd875af8d7,3e8af15c2120cedd72f05b7b33402c6efb6bc20946872df2b2c8592affe4e91b,10000,0.33454808638309824,persisted_reference_ecdf,True,True,False,0.4673277727091592,0.46413317337405224,0.46769254812048494,0.46532447703840435,0.5276749578117375,0.47280658931675373,0.4733398187621618,0.47705093746799015,0.47504304475669357,0.4762679102711301,33cf4c1d243131a52e4341d8d681a56379ff183a2fc8d62ee54f8bdb043103cd,design_001_roster_0.75_capacity_0.7_zip_0.2,0.7,0.2,18,14,4,0.4704745653915363,0.0,0.23247984573988645,True,unconstrained_latent_information_upper_bound,0.75
F,positive ZIP-continuity benefit,0,P5,threshold_soft_zip_bonus,0.25,200,600,420,0.30000000000000004,46.4947586212007,0.46551863140050925,0.46486206539153635,0.7029544111314228,0.675,0.0,0.780952380952381,0.7278708115918284,0.29761904761904767,0.29761904761904767,0.0,1.0,17.553571428571427,0.2714285714285714,0.07052028002017613,0.19563352242272913,0.09335867731485531,0.08902206395153522,0.06111779586551547,0.24586711376242742,c1f49986f00cd13e0f3ed2516d2fd711e3c4b0492dd9de15a54e246e7f35b5ac,dc97e5f9546c9102,1c43b094085f16de35ae0156f4405b86aadc4ae13ebed174cbf06d02664514e4,True,True,True,True,False,Expanded HHVBP,2025,2027,CY2025,True,public_only_semi_synthetic_capacity_pilot_not_outcome_validated,9237e030d3eeed990f7138399b26f3024037939e48d5eb89866d5bdd875af8d7,3e8af15c2120cedd72f05b7b33402c6efb6bc20946872df2b2c8592affe4e91b,10000,0.33454808638309824,persisted_reference_ecdf,True,True,False,0.4617152727091592,0.45852067337405233,0.4620800481204849,0.4597119770384044,0.5332874578117374,0.4671940893167537,0.4677273187621619,0.4714384374679902,0.46943054475669355,0.4706554102711301,33cf4c1d243131a52e4341d8d681a56379ff183a2fc8d62ee54f8bdb043103cd,design_001_roster_0.75_capacity_0.7_zip_0.2,0.7,0.2,18,14,4,0.4704745653915363,0.005612499999999965,0.2380923457398864,True,unconstrained_latent_information_upper_bound,0.75
F,positive ZIP-continuity benefit,0,P6,capacity_constrained_greedy_optimization,0.25,200,600,420,0.30000000000000004,45.8421785812562,0.4589403129284843,0.4583977003032876,0.7029544111314228,0.675,0.0,0.9809523809523809,0.7278708115918284,0.29761904761904767,0.29761904761904767,0.0,1.0,12.732142857142858,0.2714285714285714,0.13423685665354196,0.351478551814982,0.2211201162830893,0.05641870734812682,0.14506847772496795,0.64374459746387,4a4595593dd06983c8727a3da629f89f3cc35c244fd3472ccf2cf387c0ebf27e,61f65b4af40b2d32,1c43b094085f16de35ae0156f4405b86aadc4ae13ebed174cbf06d02664514e4,True,True,True,True,False,Expanded HHVBP,2025,2027,CY2025,True,public_only_semi_synthetic_capacity_pilot_not_outcome_validated,9237e030d3eeed990f7138399b26f3024037939e48d5eb89866d5bdd875af8d7,3e8af15c2120cedd72f05b7b33402c6efb6bc20946872df2b2c8592affe4e91b,10000,0.33454808638309824,persisted_reference_ecdf,True,True,False,0.4554223967189921,0.45179571187378637,0.4548422751739553,0.4539019425702444,0.5398193200875676,0.4604176883404323,0.4614611505259998,0.4647218029724758,0.4625760238953613,0.4640834573011637,33cf4c1d243131a52e4341d8d681a56379ff183a2fc8d62ee54f8bdb043103cd,design_001_roster_0.75_capacity_0.7_zip_0.2,0.7,0.2,18,14,4,0.4704745653915363,0.012076865088248734,0.24455671082813518,True,unconstrained_latent_information_upper_bound,0.75
F,positive ZIP-continuity benefit,0,P4,threshold_hard_zip_sponsor_policy,0.75,200,600,420,0.30000000000000004,47.469758621200704,0.47526863140050923,0.4746120653915364,0.7029544111314228,0.16,0.021825396825396824,0.9380952380952381,0.7278708115918284,0.29761904761904767,0.29761904761904767,0.0,1.0,17.982142857142858,0.2714285714285714,0.06375753634225623,0.201852480965933,0.09002982286642747,0.08927533401540633,0.051279540575389304,0.2801393988626157,fcf7170fc5e38803ad1c03bd2e50c87a6c2a533268c08b2d89db5100da1ab833,7050a2c1e22ec441,1c43b094085f16de35ae0156f4405b86aadc4ae13ebed174cbf06d02664514e4,True,True,True,True,True,Expanded HHVBP,2025,2027,CY2025,True,public_only_semi_synthetic_capacity_pilot_not_outcome_validated,9237e030d3eeed990f7138399b26f3024037939e48d5eb89866d5bdd875af8d7,3e8af15c2120cedd72f05b7b33402c6efb6bc20946872df2b2c8592affe4e91b,10000,0.5696213523887566,persisted_reference_ecdf,True,True,False,0.47146527270915917,0.46827067337405226,0.47183004812048485,0.46946197703840425,0.5235374578117373,0.47694408931675364,0.4774773187621618,0.4811884374679901,0.4791805447566936,0.48040541027113004,33cf4c1d243131a52e4341d8d681a56379ff183a2fc8d62ee54f8bdb043103cd,design_001_roster_0.75_capacity_0.7_zip_0.2,0.7,0.2,18,14,4,0.4746120653915364,0.0,0.22834234573988638,True,unconstrained_latent_information_upper_bound,0.75
F,positive ZIP-continuity benefit,0,P5,threshold_soft_zip_bonus,0.75,200,600,420,0.30000000000000004,46.678508621200706,0.4673561314005092,0.46669956539153634,0.7029544111314228,0.16,0.0,0.8071428571428572,0.7278708115918284,0.29761904761904767,0.29761904761904767,0.0,1.0,17.017857142857142,0.2714285714285714,0.07656995923906296,0.20037019476109708,0.09317214691681686,0.08880961932967807,0.06412500126409493,0.2483587518999663,0f8e840ba83742f17f58d4f9c054d99a4b6f90243361556b84c7ced2628b764a,4f84240a16b70f35,1c43b094085f16de35ae0156f4405b86aadc4ae13ebed174cbf06d02664514e4,True,True,True,True,False,Expanded HHVBP,2025,2027,CY2025,True,public_only_semi_synthetic_capacity_pilot_not_outcome_validated,9237e030d3eeed990f7138399b26f3024037939e48d5eb89866d5bdd875af8d7,3e8af15c2120cedd72f05b7b33402c6efb6bc20946872df2b2c8592affe4e91b,10000,0.5696213523887566,persisted_reference_ecdf,True,True,False,0.46355277270915923,0.46035817337405227,0.46391754812048497,0.4615494770384043,0.5314499578117374,0.46903158931675365,0.46956481876216183,0.4732759374679902,0.4712680447566936,0.4724929102711301,33cf4c1d243131a52e4341d8d681a56379ff183a2fc8d62ee54f8bdb043103cd,design_001_roster_0.75_capacity_0.7_zip_0.2,0.7,0.2,18,14,4,0.4746120653915364,0.007912500000000044,0.23625484573988642,True,unconstrained_latent_information_upper_bound,0.75
F,positive ZIP-continuity benefit,0,P6,capacity_constrained_greedy_optimization,0.75,200,600,420,0.30000000000000004,45.8421785812562,0.4589403129284843,0.4583977003032876,0.7029544111314228,0.16,0.0,0.9809523809523809,0.7278708115918284,0.29761904761904767,0.29761904761904767,0.0,1.0,12.732142857142858,0.2714285714285714,0.13423685665354196,0.351478551814982,0.2211201162830893,0.05641870734812682,0.14506847772496795,0.64374459746387,2350c8f98aed1a34bcd40ea2c6d8f70a7f03abc48a205b484ffce42102234fed,2201553338598705,1c43b094085f16de35ae0156f4405b86aadc4ae13ebed174cbf06d02664514e4,True,True,True,True,False,Expanded HHVBP,2025,2027,CY2025,True,public_only_semi_synthetic_capacity_pilot_not_outcome_validated,9237e030d3eeed990f7138399b26f3024037939e48d5eb89866d5bdd875af8d7,3e8af15c2120cedd72f05b7b33402c6efb6bc20946872df2b2c8592affe4e91b,10000,0.5696213523887566,persisted_reference_ecdf,True,True,False,0.4554223967189921,0.45179571187378637,0.4548422751739553,0.4539019425702444,0.5398193200875676,0.4604176883404323,0.4614611505259998,0.4647218029724758,0.4625760238953613,0.4640834573011637,33cf4c1d243131a52e4341d8d681a56379ff183a2fc8d62ee54f8bdb043103cd,design_001_roster_0.75_capacity_0.7_zip_0.2,0.7,0.2,18,14,4,0.4746120653915364,0.016214365088248806,0.24455671082813518,True,unconstrained_latent_information_upper_bound,0.75
G,sparse ZIP coverage,0,P4,threshold_hard_zip_sponsor_policy,0.25,200,600,420,0.30000000000000004,42.638508621200714,0.4269561314005093,0.4262995653915364,0.6324408529703586,0.675,0.13333333333333333,0.49523809523809526,0.7278708115918284,0.29761904761904767,0.29761904761904767,0.0,1.0,16.875,0.2714285714285714,0.05419501999704124,0.1758192876696439,0.0886748721115671,0.08017393534442357,0.04054003634007686,0.2695429380627378,ad4ad304bc9c7a23f89225c56f8ab7de8d4211517c8362630dc65708c695113f,7f79e8b85aa4a3b4,d255a591d21a4287f643a862490bb96552cb815fcc5a1e0e05c5785516154532,True,True,True,True,True,Expanded HHVBP,2025,2027,CY2025,True,public_only_semi_synthetic_capacity_pilot_not_outcome_validated,9237e030d3eeed990f7138399b26f3024037939e48d5eb89866d5bdd875af8d7,3e8af15c2120cedd72f05b7b33402c6efb6bc20946872df2b2c8592affe4e91b,10000,0.33454808638309824,persisted_reference_ecdf,True,True,False,0.4231527727091593,0.41995817337405233,0.423517548120485,0.42114947703840444,0.5718499578117374,0.4286315893167537,0.42916481876216184,0.4328759374679902,0.4308680447566936,0.4320929102711301,33cf4c1d243131a52e4341d8d681a56379ff183a2fc8d62ee54f8bdb043103cd,design_001_roster_0.75_capacity_0.7_zip_0.2,0.7,0.2,18,14,4,0.4262995653915364,0.0,0.20614128757882216,True,unconstrained_latent_information_upper_bound,0.75
G,sparse ZIP coverage,0,P5,threshold_soft_zip_bonus,0.25,200,600,420,0.30000000000000004,42.20350862120071,0.42260613140050934,0.42194956539153644,0.6324408529703586,0.675,0.0,0.3,0.7278708115918284,0.29761904761904767,0.29761904761904767,0.0,1.0,17.589285714285715,0.2714285714285714,0.062074463205795294,0.17986363684590467,0.08820947166270177,0.08016996141719585,0.045014801070414834,0.23917717665142385,90cc1b0fd00a90277bea9c3c08618f8ad59124b0bcd1b05d22fc23330bdf00a2,a5c7dbca4ae78aad,d255a591d21a4287f643a862490bb96552cb815fcc5a1e0e05c5785516154532,True,True,True,True,False,Expanded HHVBP,2025,2027,CY2025,True,public_only_semi_synthetic_capacity_pilot_not_outcome_validated,9237e030d3eeed990f7138399b26f3024037939e48d5eb89866d5bdd875af8d7,3e8af15c2120cedd72f05b7b33402c6efb6bc20946872df2b2c8592affe4e91b,10000,0.33454808638309824,persisted_reference_ecdf,True,True,False,0.4188027727091593,0.41560817337405226,0.4191675481204849,0.41679947703840436,0.5761999578117374,0.4242815893167537,0.42481481876216187,0.42852593746799017,0.4265180447566936,0.4277429102711302,33cf4c1d243131a52e4341d8d681a56379ff183a2fc8d62ee54f8bdb043103cd,design_001_roster_0.75_capacity_0.7_zip_0.2,0.7,0.2,18,14,4,0.4262995653915364,0.004349999999999965,0.21049128757882213,True,unconstrained_latent_information_upper_bound,0.75
G,sparse ZIP coverage,0,P6,capacity_constrained_greedy_optimization,0.25,200,600,420,0.30000000000000004,41.24717858125621,0.4129903129284844,0.41244770030328765,0.6324408529703586,0.675,0.0,0.75,0.7278708115918284,0.29761904761904767,0.29761904761904767,0.0,1.0,12.446428571428571,0.2714285714285714,0.1198047483815432,0.3159020896699372,0.19985132599066113,0.05268169046920651,0.12846738645382905,0.5732309647219465,545084db52c9fbe20488033eb2ebbf7f57095ded2accd782778455e7d4f62337,6e3e113a0f3f6a6f,d255a591d21a4287f643a862490bb96552cb815fcc5a1e0e05c5785516154532,True,True,True,True,False,Expanded HHVBP,2025,2027,CY2025,True,public_only_semi_synthetic_capacity_pilot_not_outcome_validated,9237e030d3eeed990f7138399b26f3024037939e48d5eb89866d5bdd875af8d7,3e8af15c2120cedd72f05b7b33402c6efb6bc20946872df2b2c8592affe4e91b,10000,0.33454808638309824,persisted_reference_ecdf,True,True,False,0.4094723967189922,0.4058457118737864,0.4088922751739553,0.4079519425702445,0.5857693200875675,0.4144676883404323,0.4155111505259999,0.4187718029724758,0.4166260238953613,0.41813345730116375,33cf4c1d243131a52e4341d8d681a56379ff183a2fc8d62ee54f8bdb043103cd,design_001_roster_0.75_capacity_0.7_zip_0.2,0.7,0.2,18,14,4,0.4262995653915364,0.01385186508824876,0.21999315266707092,True,unconstrained_latent_information_upper_bound,0.75
G,sparse ZIP coverage,0,P4,threshold_hard_zip_sponsor_policy,0.75,200,600,420,0.30000000000000004,43.1747586212007,0.43231863140050936,0.4316620653915364,0.6324408529703586,0.16,0.1746031746031746,0.7119047619047619,0.7278708115918284,0.29761904761904767,0.29761904761904767,0.0,1.0,14.553571428571429,0.2714285714285714,0.05680628002317967,0.1688396919756298,0.08649556555314292,0.08128360544124191,0.034978253511296964,0.2604060377255386,04a02e2be0fa0aed9eea9e5e417c894d72c057ed93b627c656a03c08c6910248,a02b91dfb0761268,d255a591d21a4287f643a862490bb96552cb815fcc5a1e0e05c5785516154532,True,True,True,True,True,Expanded HHVBP,2025,2027,CY2025,True,public_only_semi_synthetic_capacity_pilot_not_outcome_validated,9237e030d3eeed990f7138399b26f3024037939e48d5eb89866d5bdd875af8d7,3e8af15c2120cedd72f05b7b33402c6efb6bc20946872df2b2c8592affe4e91b,10000,0.5696213523887566,persisted_reference_ecdf,True,True,False,0.4285152727091592,0.42532067337405227,0.42888004812048486,0.4265119770384044,0.5664874578117375,0.43399408931675376,0.4345273187621619,0.4382384374679901,0.43623054475669365,0.43745541027113005,33cf4c1d243131a52e4341d8d681a56379ff183a2fc8d62ee54f8bdb043103cd,design_001_roster_0.75_capacity_0.7_zip_0.2,0.7,0.2,18,14,4,0.4316620653915364,0.0,0.20077878757882217,True,unconstrained_latent_information_upper_bound,0.75
G,sparse ZIP coverage,0,P5,threshold_soft_zip_bonus,0.75,200,600,420,0.30000000000000004,42.2297586212007,0.4228686314005093,0.4222120653915364,0.6324408529703586,0.16,0.0,0.30714285714285716,0.7278708115918284,0.29761904761904767,0.29761904761904767,0.0,1.0,17.267857142857142,0.2714285714285714,0.06423722610046073,0.17844595840716587,0.08745223616429326,0.0793417758978302,0.044499229975341836,0.2417885846364679,2708df28f8f36cd0866c59426fb0576f7aec5df0e7cd7f36e09d414686845e94,86cd63ddb87337ed,d255a591d21a4287f643a862490bb96552cb815fcc5a1e0e05c5785516154532,True,True,True,True,False,Expanded HHVBP,2025,2027,CY2025,True,public_only_semi_synthetic_capacity_pilot_not_outcome_validated,9237e030d3eeed990f7138399b26f3024037939e48d5eb89866d5bdd875af8d7,3e8af15c2120cedd72f05b7b33402c6efb6bc20946872df2b2c8592affe4e91b,10000,0.5696213523887566,persisted_reference_ecdf,True,True,False,0.4190652727091593,0.41587067337405226,0.41943004812048496,0.41706197703840436,0.5759374578117374,0.4245440893167537,0.4250773187621618,0.4287884374679902,0.4267805447566936,0.42800541027113015,33cf4c1d243131a52e4341d8d681a56379ff183a2fc8d62ee54f8bdb043103cd,design_001_roster_0.75_capacity_0.7_zip_0.2,0.7,0.2,18,14,4,0.4316620653915364,0.009450000000000014,0.21022878757882218,True,unconstrained_latent_information_upper_bound,0.75
G,sparse ZIP coverage,0,P6,capacity_constrained_greedy_optimization,0.75,200,600,420,0.30000000000000004,41.3209285812562,0.4137278129284844,0.41318520030328765,0.6324408529703586,0.16,0.0,0.7857142857142857,0.7278708115918284,0.29761904761904767,0.29761904761904767,0.0,1.0,12.482142857142858,0.2714285714285714,0.11938514680234058,0.3280401401427924,0.2119663529106039,0.05391928734119783,0.1308065812629054,0.5771998838986456,01ff5431da85eb9755c61ae38563720c667d92581d5ecc93872c71b0bb166292,6aa8e3a18bbd0005,d255a591d21a4287f643a862490bb96552cb815fcc5a1e0e05c5785516154532,True,True,True,True,False,Expanded HHVBP,2025,2027,CY2025,True,public_only_semi_synthetic_capacity_pilot_not_outcome_validated,9237e030d3eeed990f7138399b26f3024037939e48d5eb89866d5bdd875af8d7,3e8af15c2120cedd72f05b7b33402c6efb6bc20946872df2b2c8592affe4e91b,10000,0.5696213523887566,persisted_reference_ecdf,True,True,False,0.4102098967189922,0.4065832118737864,0.40962977517395527,0.4086894425702444,0.5850318200875675,0.4152051883404323,0.4162486505259998,0.41950930297247574,0.41736352389536124,0.4188709573011637,33cf4c1d243131a52e4341d8d681a56379ff183a2fc8d62ee54f8bdb043103cd,design_001_roster_0.75_capacity_0.7_zip_0.2,0.7,0.2,18,14,4,0.4316620653915364,0.01847686508824875,0.21925565266707092,True,unconstrained_latent_information_upper_bound,0.75
H,clinician capacity shortage,0,P4,threshold_hard_zip_sponsor_policy,0.25,200,600,285,0.525,30.6892371896637,0.3074493804045508,0.3059034886665438,0.6429544111314229,0.675,0.010256410256410256,0.8982456140350877,0.7289046158848026,0.2961988304093568,0.2961988304093568,0.0,1.0,17.789473684210527,0.2736842105263158,0.0461157082474819,0.138731649386793,0.040525969517052896,0.016128385878872276,0.08850827052467869,0.2187186182509793,48179ab4dc0b99a8a8ae90494cf49b4a02791e362183839e0fb11e6ebfbeaaea,0cbf62d072aa139d,608fc046b5da2eca8f6c7a1ef8f8550886190fd11f944d36bd66052a7ad44d8b,True,True,True,True,True,Expanded HHVBP,2025,2027,CY2025,True,public_only_semi_synthetic_capacity_pilot_not_outcome_validated,9237e030d3eeed990f7138399b26f3024037939e48d5eb89866d5bdd875af8d7,3e8af15c2120cedd72f05b7b33402c6efb6bc20946872df2b2c8592affe4e91b,10000,0.33454808638309824,persisted_reference_ecdf,True,True,False,0.30407877388569887,0.3004817921425496,0.3037241544792859,0.30274460165119277,0.6917117368700284,0.309179781356946,0.30925935090777995,0.3130246422931932,0.31114445329865414,0.31256799090023596,33cf4c1d243131a52e4341d8d681a56379ff183a2fc8d62ee54f8bdb043103cd,design_001_roster_0.75_capacity_0.7_zip_0.2,0.7,0.2,18,14,4,0.3059034886665438,0.0,0.3370509224648791,True,unconstrained_latent_information_upper_bound,0.75
H,clinician capacity shortage,0,P5,threshold_soft_zip_bonus,0.25,200,600,285,0.525,30.507987189663698,0.3056368804045507,0.30409098866654377,0.6429544111314229,0.675,0.0,0.775438596491228,0.7289046158848026,0.2961988304093568,0.2961988304093568,0.0,1.0,18.05263157894737,0.2736842105263158,0.04660382170753086,0.1373917692265736,0.03851828178101574,0.016391699959093564,0.08863150118997049,0.20807604202885863,98a5dbfeb2849f3b5094c741aa23935319eaddba69d1782870d47eed7aa9e62e,cfd65d68c28369a8,608fc046b5da2eca8f6c7a1ef8f8550886190fd11f944d36bd66052a7ad44d8b,True,True,True,True,False,Expanded HHVBP,2025,2027,CY2025,True,public_only_semi_synthetic_capacity_pilot_not_outcome_validated,9237e030d3eeed990f7138399b26f3024037939e48d5eb89866d5bdd875af8d7,3e8af15c2120cedd72f05b7b33402c6efb6bc20946872df2b2c8592affe4e91b,10000,0.33454808638309824,persisted_reference_ecdf,True,True,False,0.3022662738856989,0.29866929214254956,0.30191165447928586,0.3009321016511927,0.6935242368700284,0.307367281356946,0.30744685090777996,0.31121214229319316,0.30933195329865415,0.3107554909002359,33cf4c1d243131a52e4341d8d681a56379ff183a2fc8d62ee54f8bdb043103cd,design_001_roster_0.75_capacity_0.7_zip_0.2,0.7,0.2,18,14,4,0.3059034886665438,0.0018125000000000502,0.33886342246487916,True,unconstrained_latent_information_upper_bound,0.75
H,clinician capacity shortage,0,P6,capacity_constrained_greedy_optimization,0.25,200,600,285,0.525,28.162390765634736,0.2821321802354551,0.28062356002116995,0.6429544111314229,0.675,0.0,0.9824561403508771,0.7289046158848026,0.2961988304093568,0.2961988304093568,0.0,1.0,12.552631578947368,0.2736842105263158,0.24571877612524634,0.21496725463603444,0.1256511637325039,0.015942181946747014,0.06313063672862473,0.5421038206707194,1ae5aef2556c284e5a23cf0171a2e715140a8c7c0ec8311b418987fd3a607326,9b6b5a1ce641e889,608fc046b5da2eca8f6c7a1ef8f8550886190fd11f944d36bd66052a7ad44d8b,True,True,True,True,False,Expanded HHVBP,2025,2027,CY2025,True,public_only_semi_synthetic_capacity_pilot_not_outcome_validated,9237e030d3eeed990f7138399b26f3024037939e48d5eb89866d5bdd875af8d7,3e8af15c2120cedd72f05b7b33402c6efb6bc20946872df2b2c8592affe4e91b,10000,0.33454808638309824,persisted_reference_ecdf,True,True,False,0.2784458784109576,0.2754251640804959,0.27856060256548243,0.2771581816951633,0.7165469349513959,0.2835772774246358,0.28462085477833265,0.2873845461023494,0.28549499480065704,0.28720123744787307,33cf4c1d243131a52e4341d8d681a56379ff183a2fc8d62ee54f8bdb043103cd,design_001_roster_0.75_capacity_0.7_zip_0.2,0.7,0.2,18,14,4,0.3059034886665438,0.025279928645373873,0.362330851110253,True,unconstrained_latent_information_upper_bound,0.75
H,clinician capacity shortage,0,P4,threshold_hard_zip_sponsor_policy,0.75,200,600,285,0.525,30.7454871896637,0.30801188040455074,0.3064659886665438,0.6429544111314229,0.16,0.017857142857142856,0.9333333333333333,0.7289046158848026,0.2961988304093568,0.2961988304093568,0.0,1.0,17.526315789473685,0.2736842105263158,0.04571705969403411,0.13769608521490273,0.04065179319302348,0.016986486505040033,0.0875543353031305,0.2175559848406142,a1a311443b0436d1bc15be91c26b0a42fcd1ae5d3c95dd93384b807f3bdd1f97,28f227fe56fb3810,608fc046b5da2eca8f6c7a1ef8f8550886190fd11f944d36bd66052a7ad44d8b,True,True,True,True,True,Expanded HHVBP,2025,2027,CY2025,True,public_only_semi_synthetic_capacity_pilot_not_outcome_validated,9237e030d3eeed990f7138399b26f3024037939e48d5eb89866d5bdd875af8d7,3e8af15c2120cedd72f05b7b33402c6efb6bc20946872df2b2c8592affe4e91b,10000,0.5696213523887566,persisted_reference_ecdf,True,True,False,0.30464127388569884,0.3010442921425496,0.3042866544792858,0.30330710165119273,0.6911492368700284,0.30974228135694604,0.30982185090777997,0.3135871422931932,0.31170695329865417,0.3131304909002359,33cf4c1d243131a52e4341d8d681a56379ff183a2fc8d62ee54f8bdb043103cd,design_001_roster_0.75_capacity_0.7_zip_0.2,0.7,0.2,18,14,4,0.3064659886665438,0.0,0.33648842246487914,True,unconstrained_latent_information_upper_bound,0.75
H,clinician capacity shortage,0,P5,threshold_soft_zip_bonus,0.75,200,600,285,0.525,30.5004871896637,0.3055618804045508,0.3040159886665438,0.6429544111314229,0.16,0.0,0.7719298245614035,0.7289046158848026,0.2961988304093568,0.2961988304093568,0.0,1.0,18.157894736842106,0.2736842105263158,0.04608295004780488,0.13856195465486915,0.039192470728427964,0.016094201077336445,0.09016241661472213,0.20798735883579247,d30e752a39ea137c37d0b1ae1f68065813dfe5c94a5f1254c83790f3e24a15b5,022df2726a1e4bba,608fc046b5da2eca8f6c7a1ef8f8550886190fd11f944d36bd66052a7ad44d8b,True,True,True,True,False,Expanded HHVBP,2025,2027,CY2025,True,public_only_semi_synthetic_capacity_pilot_not_outcome_validated,9237e030d3eeed990f7138399b26f3024037939e48d5eb89866d5bdd875af8d7,3e8af15c2120cedd72f05b7b33402c6efb6bc20946872df2b2c8592affe4e91b,10000,0.5696213523887566,persisted_reference_ecdf,True,True,False,0.3021912738856989,0.29859429214254957,0.30183665447928587,0.3008571016511928,0.6935992368700283,0.30729228135694603,0.30737185090777996,0.3111371422931931,0.30925695329865416,0.310680490900236,33cf4c1d243131a52e4341d8d681a56379ff183a2fc8d62ee54f8bdb043103cd,design_001_roster_0.75_capacity_0.7_zip_0.2,0.7,0.2,18,14,4,0.3064659886665438,0.0024500000000000077,0.33893842246487915,True,unconstrained_latent_information_upper_bound,0.75
H,clinician capacity shortage,0,P6,capacity_constrained_greedy_optimization,0.75,200,600,285,0.525,28.162390765634736,0.2821321802354551,0.28062356002116995,0.6429544111314229,0.16,0.0,0.9824561403508771,0.7289046158848026,0.2961988304093568,0.2961988304093568,0.0,1.0,12.552631578947368,0.2736842105263158,0.24571877612524634,0.21496725463603444,0.1256511637325039,0.015942181946747014,0.06313063672862473,0.5421038206707194,be0806f70911230abd938cea4369693e4f212263db6cb207472a9a635f9c55e4,8fad17ae1ec95961,608fc046b5da2eca8f6c7a1ef8f8550886190fd11f944d36bd66052a7ad44d8b,True,True,True,True,False,Expanded HHVBP,2025,2027,CY2025,True,public_only_semi_synthetic_capacity_pilot_not_outcome_validated,9237e030d3eeed990f7138399b26f3024037939e48d5eb89866d5bdd875af8d7,3e8af15c2120cedd72f05b7b33402c6efb6bc20946872df2b2c8592affe4e91b,10000,0.5696213523887566,persisted_reference_ecdf,True,True,False,0.2784458784109576,0.2754251640804959,0.27856060256548243,0.2771581816951633,0.7165469349513959,0.2835772774246358,0.28462085477833265,0.2873845461023494,0.28549499480065704,0.28720123744787307,33cf4c1d243131a52e4341d8d681a56379ff183a2fc8d62ee54f8bdb043103cd,design_001_roster_0.75_capacity_0.7_zip_0.2,0.7,0.2,18,14,4,0.3064659886665438,0.02584242864537384,0.362330851110253,True,unconstrained_latent_information_upper_bound,0.75
F,positive ZIP-continuity benefit,0,P4,threshold_hard_zip_sponsor_policy,0.25,200,600,420,0.30000000000000004,44.641008621200704,0.44698113140050927,0.4463245653915364,0.686972518237354,0.675,0.1282051282051282,0.48333333333333334,0.7278708115918284,0.29761904761904767,0.29761904761904767,0.0,1.0,16.946428571428573,0.2714285714285714,0.04915490623466351,0.17002003858590614,0.10047830788496243,0.08805945967706769,0.03851342250957174,0.2941892590681964,e203b687986cce23bdd1a60086ac39713546ca764ff51d100a6e10fba0843b15,d736fa92e0e9b558,e2f3c38885594ea1f421143d89cb3d4ad5ccf2ba80b4381e944cd6ebf6e1a310,True,True,True,True,True,Expanded HHVBP,2025,2027,CY2025,True,public_only_semi_synthetic_capacity_pilot_not_outcome_validated,9237e030d3eeed990f7138399b26f3024037939e48d5eb89866d5bdd875af8d7,3e8af15c2120cedd72f05b7b33402c6efb6bc20946872df2b2c8592affe4e91b,10000,0.33454808638309824,persisted_reference_ecdf,True,True,False,0.4431777727091593,0.4399831733740522,0.4435425481204849,0.4411744770384044,0.5518249578117375,0.4486565893167536,0.4491898187621618,0.45290093746799015,0.45089304475669356,0.4521179102711301,4e0fa4296ff231eb3350882d7fe58f53fca5013cd0bb2fa800133d1c4fb1c1e0,design_002_roster_0.75_capacity_0.7_zip_0.8,0.7,0.8,18,14,4,0.4471102003032877,0.0007856349117512651,0.24064795284581753,True,unconstrained_latent_information_upper_bound,0.75
F,positive ZIP-continuity benefit,0,P5,threshold_soft_zip_bonus,0.25,200,600,420,0.30000000000000004,43.52600862120071,0.4358311314005093,0.4351745653915364,0.686972518237354,0.675,0.0,0.30952380952380953,0.7278708115918284,0.29761904761904767,0.29761904761904767,0.0,1.0,17.517857142857142,0.2714285714285714,0.06342488609595309,0.18271977745041457,0.09337115547988173,0.08689746322591563,0.04389313016874946,0.24341759510796374,f915f4d5aa070e7068c7e23ea9cdbcd45c219f6f522856307191a263db4658a9,9864a5501ecb0088,e2f3c38885594ea1f421143d89cb3d4ad5ccf2ba80b4381e944cd6ebf6e1a310,True,True,True,True,False,Expanded HHVBP,2025,2027,CY2025,True,public_only_semi_synthetic_capacity_pilot_not_outcome_validated,9237e030d3eeed990f7138399b26f3024037939e48d5eb89866d5bdd875af8d7,3e8af15c2120cedd72f05b7b33402c6efb6bc20946872df2b2c8592affe4e91b,10000,0.33454808638309824,persisted_reference_ecdf,True,True,False,0.4320277727091593,0.4288331733740523,0.4323925481204849,0.4300244770384044,0.5629749578117375,0.4375065893167537,0.4380398187621618,0.44175093746799016,0.4397430447566937,0.4409679102711301,4e0fa4296ff231eb3350882d7fe58f53fca5013cd0bb2fa800133d1c4fb1c1e0,design_002_roster_0.75_capacity_0.7_zip_0.8,0.7,0.8,18,14,4,0.4471102003032877,0.011935634911751258,0.2517979528458175,True,unconstrained_latent_information_upper_bound,0.75
F,positive ZIP-continuity benefit,0,P6,capacity_constrained_greedy_optimization,0.25,200,600,420,0.30000000000000004,44.713428581256196,0.4476528129284843,0.4471102003032877,0.686972518237354,0.675,0.0,0.8,0.7278708115918284,0.29761904761904767,0.29761904761904767,0.0,1.0,12.410714285714286,0.2714285714285714,0.1465518660949106,0.35443216521469934,0.23325050304352035,0.05715522158294739,0.1461553513857733,0.6312160286582018,03beb417e9a6a5471d03e7b9fa0da3c6cdd4215fc71719199a92baa7f5655958,3f5bc24744b0964a,e2f3c38885594ea1f421143d89cb3d4ad5ccf2ba80b4381e944cd6ebf6e1a310,True,True,True,True,False,Expanded HHVBP,2025,2027,CY2025,True,public_only_semi_synthetic_capacity_pilot_not_outcome_validated,9237e030d3eeed990f7138399b26f3024037939e48d5eb89866d5bdd875af8d7,3e8af15c2120cedd72f05b7b33402c6efb6bc20946872df2b2c8592affe4e91b,10000,0.33454808638309824,persisted_reference_ecdf,True,True,False,0.44413489671899214,0.4405082118737863,0.4435547751739553,0.44261444257024435,0.5511068200875675,0.44913018834043233,0.45017365052599984,0.4534343029724757,0.4512885238953612,0.4527959573011637,4e0fa4296ff231eb3350882d7fe58f53fca5013cd0bb2fa800133d1c4fb1c1e0,design_002_roster_0.75_capacity_0.7_zip_0.8,0.7,0.8,18,14,4,0.4471102003032877,0.0,0.23986231793406626,True,unconstrained_latent_information_upper_bound,0.75
F,positive ZIP-continuity benefit,0,P4,threshold_hard_zip_sponsor_policy,0.75,200,600,420,0.30000000000000004,46.05225862120071,0.46109363140050924,0.4604370653915364,0.686972518237354,0.16,0.18253968253968253,0.6952380952380952,0.7278708115918284,0.29761904761904767,0.29761904761904767,0.0,1.0,14.767857142857142,0.2714285714285714,0.05749209852984094,0.1694165159402502,0.08387146904062026,0.08900911909408765,0.032534619972290846,0.2812976056353302,b60c010ee23fd4c5b5aa2ee36543066ab4a6b879fa63167ad6a099a8fd028256,bedf0444657d2c97,e2f3c38885594ea1f421143d89cb3d4ad5ccf2ba80b4381e944cd6ebf6e1a310,True,True,True,True,True,Expanded HHVBP,2025,2027,CY2025,True,public_only_semi_synthetic_capacity_pilot_not_outcome_validated,9237e030d3eeed990f7138399b26f3024037939e48d5eb89866d5bdd875af8d7,3e8af15c2120cedd72f05b7b33402c6efb6bc20946872df2b2c8592affe4e91b,10000,0.5696213523887566,persisted_reference_ecdf,True,True,False,0.4572902727091593,0.45409567337405227,0.45765504812048485,0.4552869770384044,0.5377124578117375,0.46276908931675376,0.4633023187621618,0.4670134374679901,0.4650055447566937,0.46623041027113005,4e0fa4296ff231eb3350882d7fe58f53fca5013cd0bb2fa800133d1c4fb1c1e0,design_002_roster_0.75_capacity_0.7_zip_0.8,0.7,0.8,18,14,4,0.4604370653915364,0.0,0.22653545284581755,True,unconstrained_latent_information_upper_bound,0.75
F,positive ZIP-continuity benefit,0,P5,threshold_soft_zip_bonus,0.75,200,600,420,0.30000000000000004,43.373508621200706,0.43430613140050933,0.4336495653915364,0.686972518237354,0.16,0.0,0.2833333333333333,0.7278708115918284,0.29761904761904767,0.29761904761904767,0.0,1.0,17.160714285714285,0.2714285714285714,0.06803402712540824,0.17837995717140076,0.09373716839917623,0.08469506011185235,0.04202999784849254,0.23791788217082083,097fcf727e3ac6b49ab065e0dbb2b18ef761999a69c40e85a2e1095696cbdcd9,09a87134b6abf015,e2f3c38885594ea1f421143d89cb3d4ad5ccf2ba80b4381e944cd6ebf6e1a310,True,True,True,True,False,Expanded HHVBP,2025,2027,CY2025,True,public_only_semi_synthetic_capacity_pilot_not_outcome_validated,9237e030d3eeed990f7138399b26f3024037939e48d5eb89866d5bdd875af8d7,3e8af15c2120cedd72f05b7b33402c6efb6bc20946872df2b2c8592affe4e91b,10000,0.5696213523887566,persisted_reference_ecdf,True,True,False,0.43050277270915926,0.42730817337405225,0.4308675481204849,0.4284994770384043,0.5644999578117375,0.4359815893167537,0.43651481876216186,0.44022593746799016,0.4382180447566935,0.43944291027113014,4e0fa4296ff231eb3350882d7fe58f53fca5013cd0bb2fa800133d1c4fb1c1e0,design_002_roster_0.75_capacity_0.7_zip_0.8,0.7,0.8,18,14,4,0.4604370653915364,0.02678750000000002,0.2533229528458176,True,unconstrained_latent_information_upper_bound,0.75
F,positive ZIP-continuity benefit,0,P6,capacity_constrained_greedy_optimization,0.75,200,600,420,0.30000000000000004,44.8084285812562,0.4486028129284843,0.4480602003032876,0.686972518237354,0.16,0.0,0.8142857142857143,0.7278708115918284,0.29761904761904767,0.29761904761904767,0.0,1.0,12.267857142857142,0.2714285714285714,0.14065882582459344,0.36549170985234886,0.24469851852656427,0.05791804232441372,0.14877127468581247,0.6328331925814562,9585dea40f0216955c9d5f471011a43fa4a90156e7601ea52234bfae5b17f7c7,b74f8910dc40b5b3,e2f3c38885594ea1f421143d89cb3d4ad5ccf2ba80b4381e944cd6ebf6e1a310,True,True,True,True,False,Expanded HHVBP,2025,2027,CY2025,True,public_only_semi_synthetic_capacity_pilot_not_outcome_validated,9237e030d3eeed990f7138399b26f3024037939e48d5eb89866d5bdd875af8d7,3e8af15c2120cedd72f05b7b33402c6efb6bc20946872df2b2c8592affe4e91b,10000,0.5696213523887566,persisted_reference_ecdf,True,True,False,0.44508489671899215,0.4414582118737863,0.4445047751739552,0.44356444257024435,0.5501568200875675,0.45008018834043223,0.45112365052599984,0.4543843029724758,0.4522385238953613,0.4537459573011637,4e0fa4296ff231eb3350882d7fe58f53fca5013cd0bb2fa800133d1c4fb1c1e0,design_002_roster_0.75_capacity_0.7_zip_0.8,0.7,0.8,18,14,4,0.4604370653915364,0.012376865088248812,0.23891231793406636,True,unconstrained_latent_information_upper_bound,0.75
G,sparse ZIP coverage,0,P4,threshold_hard_zip_sponsor_policy,0.25,200,600,420,0.30000000000000004,42.638508621200714,0.4269561314005093,0.4262995653915364,0.6324408529703586,0.675,0.13333333333333333,0.49523809523809526,0.7278708115918284,0.29761904761904767,0.29761904761904767,0.0,1.0,16.875,0.2714285714285714,0.05419501999704124,0.1758192876696439,0.0886748721115671,0.08017393534442357,0.04054003634007686,0.2695429380627378,ad4ad304bc9c7a23f89225c56f8ab7de8d4211517c8362630dc65708c695113f,2bc296ef4c35df4f,4f8954599d45d0e9d3555d92f01cb36c1dd4c710487f83ec705286224d4f8c44,True,True,True,True,True,Expanded HHVBP,2025,2027,CY2025,True,public_only_semi_synthetic_capacity_pilot_not_outcome_validated,9237e030d3eeed990f7138399b26f3024037939e48d5eb89866d5bdd875af8d7,3e8af15c2120cedd72f05b7b33402c6efb6bc20946872df2b2c8592affe4e91b,10000,0.33454808638309824,persisted_reference_ecdf,True,True,False,0.4231527727091593,0.41995817337405233,0.423517548120485,0.42114947703840444,0.5718499578117374,0.4286315893167537,0.42916481876216184,0.4328759374679902,0.4308680447566936,0.4320929102711301,4e0fa4296ff231eb3350882d7fe58f53fca5013cd0bb2fa800133d1c4fb1c1e0,design_002_roster_0.75_capacity_0.7_zip_0.8,0.7,0.8,18,14,4,0.4262995653915364,0.0,0.20614128757882216,True,unconstrained_latent_information_upper_bound,0.75
G,sparse ZIP coverage,0,P5,threshold_soft_zip_bonus,0.25,200,600,420,0.30000000000000004,42.20350862120071,0.42260613140050934,0.42194956539153644,0.6324408529703586,0.675,0.0,0.3,0.7278708115918284,0.29761904761904767,0.29761904761904767,0.0,1.0,17.589285714285715,0.2714285714285714,0.062074463205795294,0.17986363684590467,0.08820947166270177,0.08016996141719585,0.045014801070414834,0.23917717665142385,90cc1b0fd00a90277bea9c3c08618f8ad59124b0bcd1b05d22fc23330bdf00a2,be6dc59f1bd4de6c,4f8954599d45d0e9d3555d92f01cb36c1dd4c710487f83ec705286224d4f8c44,True,True,True,True,False,Expanded HHVBP,2025,2027,CY2025,True,public_only_semi_synthetic_capacity_pilot_not_outcome_validated,9237e030d3eeed990f7138399b26f3024037939e48d5eb89866d5bdd875af8d7,3e8af15c2120cedd72f05b7b33402c6efb6bc20946872df2b2c8592affe4e91b,10000,0.33454808638309824,persisted_reference_ecdf,True,True,False,0.4188027727091593,0.41560817337405226,0.4191675481204849,0.41679947703840436,0.5761999578117374,0.4242815893167537,0.42481481876216187,0.42852593746799017,0.4265180447566936,0.4277429102711302,4e0fa4296ff231eb3350882d7fe58f53fca5013cd0bb2fa800133d1c4fb1c1e0,design_002_roster_0.75_capacity_0.7_zip_0.8,0.7,0.8,18,14,4,0.4262995653915364,0.004349999999999965,0.21049128757882213,True,unconstrained_latent_information_upper_bound,0.75
G,sparse ZIP coverage,0,P6,capacity_constrained_greedy_optimization,0.25,200,600,420,0.30000000000000004,41.24717858125621,0.4129903129284844,0.41244770030328765,0.6324408529703586,0.675,0.0,0.75,0.7278708115918284,0.29761904761904767,0.29761904761904767,0.0,1.0,12.446428571428571,0.2714285714285714,0.1198047483815432,0.3159020896699372,0.19985132599066113,0.05268169046920651,0.12846738645382905,0.5732309647219465,545084db52c9fbe20488033eb2ebbf7f57095ded2accd782778455e7d4f62337,01ee5bb3ae5b6721,4f8954599d45d0e9d3555d92f01cb36c1dd4c710487f83ec705286224d4f8c44,True,True,True,True,False,Expanded HHVBP,2025,2027,CY2025,True,public_only_semi_synthetic_capacity_pilot_not_outcome_validated,9237e030d3eeed990f7138399b26f3024037939e48d5eb89866d5bdd875af8d7,3e8af15c2120cedd72f05b7b33402c6efb6bc20946872df2b2c8592affe4e91b,10000,0.33454808638309824,persisted_reference_ecdf,True,True,False,0.4094723967189922,0.4058457118737864,0.4088922751739553,0.4079519425702445,0.5857693200875675,0.4144676883404323,0.4155111505259999,0.4187718029724758,0.4166260238953613,0.41813345730116375,4e0fa4296ff231eb3350882d7fe58f53fca5013cd0bb2fa800133d1c4fb1c1e0,design_002_roster_0.75_capacity_0.7_zip_0.8,0.7,0.8,18,14,4,0.4262995653915364,0.01385186508824876,0.21999315266707092,True,unconstrained_latent_information_upper_bound,0.75
G,sparse ZIP coverage,0,P4,threshold_hard_zip_sponsor_policy,0.75,200,600,420,0.30000000000000004,43.1747586212007,0.43231863140050936,0.4316620653915364,0.6324408529703586,0.16,0.1746031746031746,0.7119047619047619,0.7278708115918284,0.29761904761904767,0.29761904761904767,0.0,1.0,14.553571428571429,0.2714285714285714,0.05680628002317967,0.1688396919756298,0.08649556555314292,0.08128360544124191,0.034978253511296964,0.2604060377255386,04a02e2be0fa0aed9eea9e5e417c894d72c057ed93b627c656a03c08c6910248,4ba9c259db728b33,4f8954599d45d0e9d3555d92f01cb36c1dd4c710487f83ec705286224d4f8c44,True,True,True,True,True,Expanded HHVBP,2025,2027,CY2025,True,public_only_semi_synthetic_capacity_pilot_not_outcome_validated,9237e030d3eeed990f7138399b26f3024037939e48d5eb89866d5bdd875af8d7,3e8af15c2120cedd72f05b7b33402c6efb6bc20946872df2b2c8592affe4e91b,10000,0.5696213523887566,persisted_reference_ecdf,True,True,False,0.4285152727091592,0.42532067337405227,0.42888004812048486,0.4265119770384044,0.5664874578117375,0.43399408931675376,0.4345273187621619,0.4382384374679901,0.43623054475669365,0.43745541027113005,4e0fa4296ff231eb3350882d7fe58f53fca5013cd0bb2fa800133d1c4fb1c1e0,design_002_roster_0.75_capacity_0.7_zip_0.8,0.7,0.8,18,14,4,0.4316620653915364,0.0,0.20077878757882217,True,unconstrained_latent_information_upper_bound,0.75
G,sparse ZIP coverage,0,P5,threshold_soft_zip_bonus,0.75,200,600,420,0.30000000000000004,42.2297586212007,0.4228686314005093,0.4222120653915364,0.6324408529703586,0.16,0.0,0.30714285714285716,0.7278708115918284,0.29761904761904767,0.29761904761904767,0.0,1.0,17.267857142857142,0.2714285714285714,0.06423722610046073,0.17844595840716587,0.08745223616429326,0.0793417758978302,0.044499229975341836,0.2417885846364679,2708df28f8f36cd0866c59426fb0576f7aec5df0e7cd7f36e09d414686845e94,b7ae016b53bb7add,4f8954599d45d0e9d3555d92f01cb36c1dd4c710487f83ec705286224d4f8c44,True,True,True,True,False,Expanded HHVBP,2025,2027,CY2025,True,public_only_semi_synthetic_capacity_pilot_not_outcome_validated,9237e030d3eeed990f7138399b26f3024037939e48d5eb89866d5bdd875af8d7,3e8af15c2120cedd72f05b7b33402c6efb6bc20946872df2b2c8592affe4e91b,10000,0.5696213523887566,persisted_reference_ecdf,True,True,False,0.4190652727091593,0.41587067337405226,0.41943004812048496,0.41706197703840436,0.5759374578117374,0.4245440893167537,0.4250773187621618,0.4287884374679902,0.4267805447566936,0.42800541027113015,4e0fa4296ff231eb3350882d7fe58f53fca5013cd0bb2fa800133d1c4fb1c1e0,design_002_roster_0.75_capacity_0.7_zip_0.8,0.7,0.8,18,14,4,0.4316620653915364,0.009450000000000014,0.21022878757882218,True,unconstrained_latent_information_upper_bound,0.75
G,sparse ZIP coverage,0,P6,capacity_constrained_greedy_optimization,0.75,200,600,420,0.30000000000000004,41.3209285812562,0.4137278129284844,0.41318520030328765,0.6324408529703586,0.16,0.0,0.7857142857142857,0.7278708115918284,0.29761904761904767,0.29761904761904767,0.0,1.0,12.482142857142858,0.2714285714285714,0.11938514680234058,0.3280401401427924,0.2119663529106039,0.05391928734119783,0.1308065812629054,0.5771998838986456,01ff5431da85eb9755c61ae38563720c667d92581d5ecc93872c71b0bb166292,a27f8364d30f3711,4f8954599d45d0e9d3555d92f01cb36c1dd4c710487f83ec705286224d4f8c44,True,True,True,True,False,Expanded HHVBP,2025,2027,CY2025,True,public_only_semi_synthetic_capacity_pilot_not_outcome_validated,9237e030d3eeed990f7138399b26f3024037939e48d5eb89866d5bdd875af8d7,3e8af15c2120cedd72f05b7b33402c6efb6bc20946872df2b2c8592affe4e91b,10000,0.5696213523887566,persisted_reference_ecdf,True,True,False,0.4102098967189922,0.4065832118737864,0.40962977517395527,0.4086894425702444,0.5850318200875675,0.4152051883404323,0.4162486505259998,0.41950930297247574,0.41736352389536124,0.4188709573011637,4e0fa4296ff231eb3350882d7fe58f53fca5013cd0bb2fa800133d1c4fb1c1e0,design_002_roster_0.75_capacity_0.7_zip_0.8,0.7,0.8,18,14,4,0.4316620653915364,0.01847686508824875,0.21925565266707092,True,unconstrained_latent_information_upper_bound,0.75
H,clinician capacity shortage,0,P4,threshold_hard_zip_sponsor_policy,0.25,200,600,285,0.525,30.1554871896637,0.3021118804045508,0.30056598866654377,0.6324408529703586,0.675,0.13333333333333333,0.5052631578947369,0.7289046158848026,0.2961988304093568,0.2961988304093568,0.0,1.0,16.68421052631579,0.2736842105263158,0.041876335312873325,0.12646999081615046,0.038213907071695474,0.016016130002237672,0.08052319984883644,0.21764647972465492,0160f17b53df32a667a1b18355a66c6b83ad2ff8202227f657aedb2a771cbe3a,8d5701c777b37d0d,5153cacb5375a4b63a4d42b74141f86ac3c8f91fd7f7e2131b7f50fe311a2de8,True,True,True,True,True,Expanded HHVBP,2025,2027,CY2025,True,public_only_semi_synthetic_capacity_pilot_not_outcome_validated,9237e030d3eeed990f7138399b26f3024037939e48d5eb89866d5bdd875af8d7,3e8af15c2120cedd72f05b7b33402c6efb6bc20946872df2b2c8592affe4e91b,10000,0.33454808638309824,persisted_reference_ecdf,True,True,False,0.2987412738856988,0.29514429214254956,0.29838665447928586,0.2974071016511928,0.6970492368700284,0.303842281356946,0.30392185090777996,0.30768714229319316,0.3058069532986541,0.30723049090023596,4e0fa4296ff231eb3350882d7fe58f53fca5013cd0bb2fa800133d1c4fb1c1e0,design_002_roster_0.75_capacity_0.7_zip_0.8,0.7,0.8,18,14,4,0.30056598866654377,0.0,0.3318748643038148,True,unconstrained_latent_information_upper_bound,0.75
H,clinician capacity shortage,0,P5,threshold_soft_zip_bonus,0.25,200,600,285,0.525,29.785487189663694,0.29841188040455074,0.2968659886665438,0.6324408529703586,0.675,0.0,0.26666666666666666,0.7289046158848026,0.2961988304093568,0.2961988304093568,0.0,1.0,17.94736842105263,0.2736842105263158,0.04657032701682495,0.13583893548049633,0.038366825241753666,0.01680641634671437,0.08537699992535497,0.2020843848504322,98d695f91111cd1b59ee4d334fc351722d631df845574de30eaf3b95f3093fbd,1daf459a37b3dc58,5153cacb5375a4b63a4d42b74141f86ac3c8f91fd7f7e2131b7f50fe311a2de8,True,True,True,True,False,Expanded HHVBP,2025,2027,CY2025,True,public_only_semi_synthetic_capacity_pilot_not_outcome_validated,9237e030d3eeed990f7138399b26f3024037939e48d5eb89866d5bdd875af8d7,3e8af15c2120cedd72f05b7b33402c6efb6bc20946872df2b2c8592affe4e91b,10000,0.33454808638309824,persisted_reference_ecdf,True,True,False,0.29504127388569884,0.2914442921425496,0.2946866544792859,0.2937071016511928,0.7007492368700284,0.30014228135694604,0.3002218509077799,0.3039871422931931,0.3021069532986541,0.3035304909002359,4e0fa4296ff231eb3350882d7fe58f53fca5013cd0bb2fa800133d1c4fb1c1e0,design_002_roster_0.75_capacity_0.7_zip_0.8,0.7,0.8,18,14,4,0.30056598866654377,0.003699999999999981,0.3355748643038148,True,unconstrained_latent_information_upper_bound,0.75
H,clinician capacity shortage,0,P6,capacity_constrained_greedy_optimization,0.25,200,600,285,0.525,27.859890765634738,0.27910718023545517,0.27759856002117,0.6324408529703586,0.675,0.0,0.7649122807017544,0.7289046158848026,0.2961988304093568,0.2961988304093568,0.0,1.0,12.236842105263158,0.2736842105263158,0.24284482202067587,0.21169806530167745,0.12652800595594604,0.012930147535679337,0.06215179400146492,0.5337027701306368,9efee74b87bb09f5cb75f024e1589f977ecfb6b8990b7939adb1966f89dca056,a2f4b2f9530ac7e0,5153cacb5375a4b63a4d42b74141f86ac3c8f91fd7f7e2131b7f50fe311a2de8,True,True,True,True,False,Expanded HHVBP,2025,2027,CY2025,True,public_only_semi_synthetic_capacity_pilot_not_outcome_validated,9237e030d3eeed990f7138399b26f3024037939e48d5eb89866d5bdd875af8d7,3e8af15c2120cedd72f05b7b33402c6efb6bc20946872df2b2c8592affe4e91b,10000,0.33454808638309824,persisted_reference_ecdf,True,True,False,0.2754208784109576,0.2724001640804959,0.27553560256548243,0.27413318169516326,0.7195719349513958,0.2805522774246358,0.28159585477833265,0.2843595461023494,0.2824699948006571,0.28417623744787307,4e0fa4296ff231eb3350882d7fe58f53fca5013cd0bb2fa800133d1c4fb1c1e0,design_002_roster_0.75_capacity_0.7_zip_0.8,0.7,0.8,18,14,4,0.30056598866654377,0.022967428645373766,0.35484229294918856,True,unconstrained_latent_information_upper_bound,0.75
H,clinician capacity shortage,0,P4,threshold_hard_zip_sponsor_policy,0.75,200,600,285,0.525,30.457987189663697,0.3051368804045508,0.30359098866654377,0.6324408529703586,0.16,0.1488095238095238,0.6912280701754386,0.7289046158848026,0.2961988304093568,0.2961988304093568,0.0,1.0,15.105263157894736,0.2736842105263158,0.04788562088264453,0.1276931684432317,0.03634606662736428,0.016531493614858672,0.08147506366476809,0.21651582133461605,049d12ffe04f05c94ed6266b012a34e7b55d6b2b737c907070f52787be0fe06c,f2072aa9aa5cfcb3,5153cacb5375a4b63a4d42b74141f86ac3c8f91fd7f7e2131b7f50fe311a2de8,True,True,True,True,True,Expanded HHVBP,2025,2027,CY2025,True,public_only_semi_synthetic_capacity_pilot_not_outcome_validated,9237e030d3eeed990f7138399b26f3024037939e48d5eb89866d5bdd875af8d7,3e8af15c2120cedd72f05b7b33402c6efb6bc20946872df2b2c8592affe4e91b,10000,0.5696213523887566,persisted_reference_ecdf,True,True,False,0.3017662738856988,0.2981692921425496,0.3014116544792859,0.30043210165119283,0.6940242368700285,0.306867281356946,0.30694685090777996,0.31071214229319316,0.3088319532986541,0.31025549090023596,4e0fa4296ff231eb3350882d7fe58f53fca5013cd0bb2fa800133d1c4fb1c1e0,design_002_roster_0.75_capacity_0.7_zip_0.8,0.7,0.8,18,14,4,0.30359098866654377,0.0,0.3288498643038148,True,unconstrained_latent_information_upper_bound,0.75
H,clinician capacity shortage,0,P5,threshold_soft_zip_bonus,0.75,200,600,285,0.525,29.7842371896637,0.2983993804045508,0.29685348866654376,0.6324408529703586,0.16,0.0,0.2736842105263158,0.7289046158848026,0.2961988304093568,0.2961988304093568,0.0,1.0,18.42105263157895,0.2736842105263158,0.04605773415866299,0.13277713726327123,0.038396350907329235,0.016394912578776177,0.08418293410458311,0.20337841316783056,45ce9390c0598f62cd6fd0a9306d382fe5976ac536be71319343f186cb6fb11e,25ecd36f299545b8,5153cacb5375a4b63a4d42b74141f86ac3c8f91fd7f7e2131b7f50fe311a2de8,True,True,True,True,False,Expanded HHVBP,2025,2027,CY2025,True,public_only_semi_synthetic_capacity_pilot_not_outcome_validated,9237e030d3eeed990f7138399b26f3024037939e48d5eb89866d5bdd875af8d7,3e8af15c2120cedd72f05b7b33402c6efb6bc20946872df2b2c8592affe4e91b,10000,0.5696213523887566,persisted_reference_ecdf,True,True,False,0.29502877388569887,0.29143179214254955,0.29467415447928585,0.29369460165119277,0.7007617368700284,0.300129781356946,0.3002093509077799,0.3039746422931931,0.30209445329865414,0.30351799090023596,4e0fa4296ff231eb3350882d7fe58f53fca5013cd0bb2fa800133d1c4fb1c1e0,design_002_roster_0.75_capacity_0.7_zip_0.8,0.7,0.8,18,14,4,0.30359098866654377,0.006737500000000007,0.3355873643038148,True,unconstrained_latent_information_upper_bound,0.75
H,clinician capacity shortage,0,P6,capacity_constrained_greedy_optimization,0.75,200,600,285,0.525,27.93739076563474,0.2798821802354552,0.27837356002117,0.6324408529703586,0.16,0.0,0.8105263157894737,0.7289046158848026,0.2961988304093568,0.2961988304093568,0.0,1.0,11.710526315789474,0.2736842105263158,0.24646813157355324,0.21470092967916576,0.1291898445782077,0.01226394758509608,0.06550266413509379,0.5365180457143641,b6cfb6b05412a03f6d5a31685ebc9a10864d6fdebf146af60e2f6f27bc92807c,7a8aab5ae0c9c203,5153cacb5375a4b63a4d42b74141f86ac3c8f91fd7f7e2131b7f50fe311a2de8,True,True,True,True,False,Expanded HHVBP,2025,2027,CY2025,True,public_only_semi_synthetic_capacity_pilot_not_outcome_validated,9237e030d3eeed990f7138399b26f3024037939e48d5eb89866d5bdd875af8d7,3e8af15c2120cedd72f05b7b33402c6efb6bc20946872df2b2c8592affe4e91b,10000,0.5696213523887566,persisted_reference_ecdf,True,True,False,0.27619587841095755,0.27317516408049597,0.27631060256548245,0.27490818169516323,0.7187969349513957,0.2813272774246358,0.2823708547783326,0.28513454610234945,0.2832449948006571,0.2849512374478731,4e0fa4296ff231eb3350882d7fe58f53fca5013cd0bb2fa800133d1c4fb1c1e0,design_002_roster_0.75_capacity_0.7_zip_0.8,0.7,0.8,18,14,4,0.30359098866654377,0.025217428645373796,0.3540672929491886,True,unconstrained_latent_information_upper_bound,0.75
F,positive ZIP-continuity benefit,0,P4,threshold_hard_zip_sponsor_policy,0.25,200,600,600,0.0,65.88944301926657,0.659462244870013,0.660158590390356,0.7029544111314228,0.675,0.0,0.8883333333333333,0.7534792900247768,0.3235511258767074,0.32166666666666677,0.0,0.8497517429054031,17.5125,0.245,0.045185154271881856,0.052630939915228825,0.028579517399331178,0.004441533791432195,0.02205567423022592,0.16708851203086095,c509ffa5577c3d5d0acf99c63bbd8ead1548309ba8f982f939abaabe2638e21c,b7a5916784280f69,3251bd431cb53df6d04b876acea84827d04c31a65dd7adc25912ba3eeb85e81b,True,True,True,True,True,Expanded HHVBP,2025,2027,CY2025,True,public_only_semi_synthetic_capacity_pilot_not_outcome_validated,9237e030d3eeed990f7138399b26f3024037939e48d5eb89866d5bdd875af8d7,3e8af15c2120cedd72f05b7b33402c6efb6bc20946872df2b2c8592affe4e91b,10000,0.33454808638309824,persisted_reference_ecdf,True,True,False,0.6550247763182655,0.6518103475623938,0.6555068141271072,0.6538778173227432,0.33883962178697397,0.6615049543933315,0.6618514849838033,0.6655881119038127,0.6635329962153491,0.6647647676602976,d9da0ba752ddd5f1bca0817c72cf8d626a05be85133f0c212eb49180ba249cf8,design_003_roster_0.75_capacity_1.2_zip_0.2,1.2,0.2,18,14,4,0.6779015065002221,0.017742916109866114,0.0427958207410668,True,unconstrained_latent_information_upper_bound,0.75
F,positive ZIP-continuity benefit,0,P5,threshold_soft_zip_bonus,0.25,200,600,600,0.0,64.86092674863832,0.6491770821637306,0.6498734276840734,0.7029544111314228,0.675,0.0,0.7866666666666666,0.7857476480734187,0.33416389811738667,0.33231481481481495,0.0,0.848024095099324,17.8125,0.20333333333333334,0.028603426837379042,0.04831068996411081,0.019028181944741762,0.0063553406076477525,0.02082495446933852,0.11994760076916788,8b5524b5c7f2ab2d7b8cdf1bdde63daab8b6a1d59b62dfa8ca6a1cc7c72da3e7,8db5808125b7bcef,3251bd431cb53df6d04b876acea84827d04c31a65dd7adc25912ba3eeb85e81b,True,True,True,True,False,Expanded HHVBP,2025,2027,CY2025,True,public_only_semi_synthetic_capacity_pilot_not_outcome_validated,9237e030d3eeed990f7138399b26f3024037939e48d5eb89866d5bdd875af8d7,3e8af15c2120cedd72f05b7b33402c6efb6bc20946872df2b2c8592affe4e91b,10000,0.33454808638309824,persisted_reference_ecdf,True,True,False,0.644739613611983,0.6415251848561112,0.6452216514208248,0.6435926546164606,0.34912478449325646,0.651219791687049,0.6515663222775209,0.6553029491975302,0.6532478335090666,0.6544796049540151,d9da0ba752ddd5f1bca0817c72cf8d626a05be85133f0c212eb49180ba249cf8,design_003_roster_0.75_capacity_1.2_zip_0.2,1.2,0.2,18,14,4,0.6779015065002221,0.02802807881614866,0.05308098344734935,True,unconstrained_latent_information_upper_bound,0.75
F,positive ZIP-continuity benefit,0,P6,capacity_constrained_greedy_optimization,0.25,200,600,600,0.0,67.66373463025319,0.6772051609798792,0.6779015065002221,0.7029544111314228,0.675,0.0,0.9766666666666667,0.815646757288433,0.3782761166482098,0.3763888888888889,0.0,0.8344073498964804,11.5875,0.32666666666666666,0.03969842545811553,0.05161365685851127,0.027860462067659686,0.004536407943551812,0.024424523832365486,0.1450254110863869,0a4c90889bba13a127582a865f5af3a5febf970872d2155a57a95c08b1c5dc2e,39327af1e0fcd02b,3251bd431cb53df6d04b876acea84827d04c31a65dd7adc25912ba3eeb85e81b,True,True,True,True,False,Expanded HHVBP,2025,2027,CY2025,True,public_only_semi_synthetic_capacity_pilot_not_outcome_validated,9237e030d3eeed990f7138399b26f3024037939e48d5eb89866d5bdd875af8d7,3e8af15c2120cedd72f05b7b33402c6efb6bc20946872df2b2c8592affe4e91b,10000,0.33454808638309824,persisted_reference_ecdf,True,True,False,0.6727676924281316,0.6695532636722599,0.6732497302369734,0.6716207334326094,0.32109670567710774,0.6792478705031978,0.6795944010936695,0.6833310280136788,0.6812759123252154,0.6825076837701638,d9da0ba752ddd5f1bca0817c72cf8d626a05be85133f0c212eb49180ba249cf8,design_003_roster_0.75_capacity_1.2_zip_0.2,1.2,0.2,18,14,4,0.6779015065002221,0.0,0.02505290463120069,True,unconstrained_latent_information_upper_bound,0.75
F,positive ZIP-continuity benefit,0,P4,threshold_hard_zip_sponsor_policy,0.75,200,600,600,0.0,66.57464822344261,0.6663142969117735,0.6670106424321164,0.7029544111314228,0.16,0.003968253968253968,0.9633333333333334,0.7669383226768556,0.3265965300849023,0.32472222222222236,0.0,0.8520047762539182,17.9125,0.25833333333333336,0.051871337580517984,0.04419179985267774,0.02629344875733175,0.000886297534917091,0.02328701611747619,0.1665066181184185,8948c80083bf00434bb05eb0eff1e00e10f1f58be209eecda0262527a07622d8,0ddfdd930a02f936,3251bd431cb53df6d04b876acea84827d04c31a65dd7adc25912ba3eeb85e81b,True,True,True,True,True,Expanded HHVBP,2025,2027,CY2025,True,public_only_semi_synthetic_capacity_pilot_not_outcome_validated,9237e030d3eeed990f7138399b26f3024037939e48d5eb89866d5bdd875af8d7,3e8af15c2120cedd72f05b7b33402c6efb6bc20946872df2b2c8592affe4e91b,10000,0.5696213523887566,persisted_reference_ecdf,True,True,False,0.6618768283600259,0.6586623996041541,0.6623588661688676,0.6607298693645036,0.33198756974521354,0.6683570064350919,0.6687035370255637,0.6724401639455732,0.6703850482571095,0.6716168197020581,d9da0ba752ddd5f1bca0817c72cf8d626a05be85133f0c212eb49180ba249cf8,design_003_roster_0.75_capacity_1.2_zip_0.2,1.2,0.2,18,14,4,0.6779015065002221,0.010890864068105688,0.03594376869930638,True,unconstrained_latent_information_upper_bound,0.75
F,positive ZIP-continuity benefit,0,P5,threshold_soft_zip_bonus,0.75,200,600,600,0.0,64.92427647553104,0.6498105794326577,0.6505069249530008,0.7029544111314228,0.16,0.0,0.7966666666666666,0.7910395977532535,0.32613510520487266,0.32425925925925925,0.0,0.8514884280020626,17.7875,0.195,0.025616305509791104,0.05659676510410738,0.022380084802156475,0.005350919854318015,0.02666741574979048,0.11952864779300676,4646d0418bc43e70ca0976e7e4e9607110e5dd7486883bec3c8b372979ec4a98,c0b799ce419da3b6,3251bd431cb53df6d04b876acea84827d04c31a65dd7adc25912ba3eeb85e81b,True,True,True,True,False,Expanded HHVBP,2025,2027,CY2025,True,public_only_semi_synthetic_capacity_pilot_not_outcome_validated,9237e030d3eeed990f7138399b26f3024037939e48d5eb89866d5bdd875af8d7,3e8af15c2120cedd72f05b7b33402c6efb6bc20946872df2b2c8592affe4e91b,10000,0.5696213523887566,persisted_reference_ecdf,True,True,False,0.6453731108809103,0.6421586821250386,0.6458551486897521,0.644226151885388,0.3484912872243291,0.6518532889559763,0.6521998195464482,0.6559364464664575,0.653881330777994,0.6551131022229424,d9da0ba752ddd5f1bca0817c72cf8d626a05be85133f0c212eb49180ba249cf8,design_003_roster_0.75_capacity_1.2_zip_0.2,1.2,0.2,18,14,4,0.6779015065002221,0.027394581547221297,0.05244748617842199,True,unconstrained_latent_information_upper_bound,0.75
F,positive ZIP-continuity benefit,0,P6,capacity_constrained_greedy_optimization,0.75,200,600,600,0.0,67.66373463025319,0.6772051609798792,0.6779015065002221,0.7029544111314228,0.16,0.0,0.9766666666666667,0.815646757288433,0.3782761166482098,0.3763888888888889,0.0,0.8344073498964804,11.5875,0.32666666666666666,0.03969842545811553,0.05161365685851127,0.027860462067659686,0.004536407943551812,0.024424523832365486,0.1450254110863869,4787dfe8bfc82fef4963cb3f24544485f9516e68841abc7c59175cbbde6c0b28,fd0f43e51d08cad3,3251bd431cb53df6d04b876acea84827d04c31a65dd7adc25912ba3eeb85e81b,True,True,True,True,False,Expanded HHVBP,2025,2027,CY2025,True,public_only_semi_synthetic_capacity_pilot_not_outcome_validated,9237e030d3eeed990f7138399b26f3024037939e48d5eb89866d5bdd875af8d7,3e8af15c2120cedd72f05b7b33402c6efb6bc20946872df2b2c8592affe4e91b,10000,0.5696213523887566,persisted_reference_ecdf,True,True,False,0.6727676924281316,0.6695532636722599,0.6732497302369734,0.6716207334326094,0.32109670567710774,0.6792478705031978,0.6795944010936695,0.6833310280136788,0.6812759123252154,0.6825076837701638,d9da0ba752ddd5f1bca0817c72cf8d626a05be85133f0c212eb49180ba249cf8,design_003_roster_0.75_capacity_1.2_zip_0.2,1.2,0.2,18,14,4,0.6779015065002221,0.0,0.02505290463120069,True,unconstrained_latent_information_upper_bound,0.75
G,sparse ZIP coverage,0,P4,threshold_hard_zip_sponsor_policy,0.25,200,600,600,0.0,59.598213411805744,0.5965499487954047,0.5972462943157476,0.6324408529703586,0.675,0.09743589743589744,0.53,0.7528198150800153,0.32465854558877827,0.32287037037037036,0.0,0.8517584980105172,16.775,0.25166666666666665,0.0551796017097278,0.06068905446643824,0.035425434749402296,0.0021287219436239013,0.021977235804600093,0.17103017246465624,58a1cb5eaef8aa16d14da63d9500f689434be5bed90556b303ff09a2f416faf4,85925a224a1eeb6c,afe2db5e3543d1ced1904e5784763c09f0fcdada4d8edb987b639659518f40e2,True,True,True,True,True,Expanded HHVBP,2025,2027,CY2025,True,public_only_semi_synthetic_capacity_pilot_not_outcome_validated,9237e030d3eeed990f7138399b26f3024037939e48d5eb89866d5bdd875af8d7,3e8af15c2120cedd72f05b7b33402c6efb6bc20946872df2b2c8592affe4e91b,10000,0.33454808638309824,persisted_reference_ecdf,True,True,False,0.5921124802436573,0.5888980514877854,0.592594518052499,0.590965521248135,0.4017519178615822,0.5985926583187233,0.5989391889091951,0.6026758158292045,0.600620700140741,0.6018524715856893,d9da0ba752ddd5f1bca0817c72cf8d626a05be85133f0c212eb49180ba249cf8,design_003_roster_0.75_capacity_1.2_zip_0.2,1.2,0.2,18,14,4,0.6149905426579584,0.017744248342210778,0.03519455865461096,True,unconstrained_latent_information_upper_bound,0.75
G,sparse ZIP coverage,0,P5,threshold_soft_zip_bonus,0.25,200,600,600,0.0,58.69049746829097,0.587472789360257,0.5881691348805999,0.6324408529703586,0.675,0.0,0.30666666666666664,0.7945479832714798,0.3375784422296051,0.3357407407407409,0.0,0.8496755434899028,17.75,0.19666666666666666,0.037299536762929186,0.04691894929687179,0.02329352558320763,0.0021739824877101688,0.017876531395590534,0.12432855556749367,5147d6b451bfbdc9fbbaa83ed2c7e1a10f76f698db0e9ac217f6ebba7472e477,8a5d83e80d2ab5eb,afe2db5e3543d1ced1904e5784763c09f0fcdada4d8edb987b639659518f40e2,True,True,True,True,False,Expanded HHVBP,2025,2027,CY2025,True,public_only_semi_synthetic_capacity_pilot_not_outcome_validated,9237e030d3eeed990f7138399b26f3024037939e48d5eb89866d5bdd875af8d7,3e8af15c2120cedd72f05b7b33402c6efb6bc20946872df2b2c8592affe4e91b,10000,0.33454808638309824,persisted_reference_ecdf,True,True,False,0.5830353208085095,0.5798208920526376,0.5835173586173513,0.5818883618129872,0.41082907729672996,0.5895154988835756,0.5898620294740474,0.5935986563940567,0.5915435407055931,0.5927753121505416,d9da0ba752ddd5f1bca0817c72cf8d626a05be85133f0c212eb49180ba249cf8,design_003_roster_0.75_capacity_1.2_zip_0.2,1.2,0.2,18,14,4,0.6149905426579584,0.02682140777735853,0.044271718089758716,True,unconstrained_latent_information_upper_bound,0.75
G,sparse ZIP coverage,0,P6,capacity_constrained_greedy_optimization,0.25,200,600,600,0.0,61.37263824602681,0.6142941971376155,0.6149905426579584,0.6324408529703586,0.675,0.0,0.8516666666666667,0.8125963327996684,0.37449243263196763,0.3725925925925926,0.0,0.8344881885213693,11.9375,0.3233333333333333,0.043872806536746634,0.0519002593675999,0.01638208331784452,0.001974046108970118,0.01823789043334556,0.15083141793588362,a2ffa263d9aae02ff67b20bee0df7764795db3a2ab51b4afe2e5d6c08b7bc236,4a7407db224508ce,afe2db5e3543d1ced1904e5784763c09f0fcdada4d8edb987b639659518f40e2,True,True,True,True,False,Expanded HHVBP,2025,2027,CY2025,True,public_only_semi_synthetic_capacity_pilot_not_outcome_validated,9237e030d3eeed990f7138399b26f3024037939e48d5eb89866d5bdd875af8d7,3e8af15c2120cedd72f05b7b33402c6efb6bc20946872df2b2c8592affe4e91b,10000,0.33454808638309824,persisted_reference_ecdf,True,True,False,0.6098567285858678,0.6066422998299962,0.6103387663947097,0.6087097695903456,0.3840076695193715,0.616336906660934,0.6166834372514058,0.6204200641714153,0.6183649484829516,0.6195967199279001,d9da0ba752ddd5f1bca0817c72cf8d626a05be85133f0c212eb49180ba249cf8,design_003_roster_0.75_capacity_1.2_zip_0.2,1.2,0.2,18,14,4,0.6149905426579584,0.0,0.017450310312400186,True,unconstrained_latent_information_upper_bound,0.75
G,sparse ZIP coverage,0,P4,threshold_hard_zip_sponsor_policy,0.75,200,600,600,0.0,60.51632779181375,0.6057310925954849,0.6064274381158278,0.6324408529703586,0.16,0.12698412698412698,0.7866666666666666,0.7659014325353982,0.32475083056478415,0.32305555555555565,0.0,0.847991052930732,14.2125,0.27,0.0532115143585189,0.06090266805441502,0.028182203594166677,0.0007479997727501964,0.021797072292898956,0.17133471135804945,189709baa27440f585a817f9af10df56d91f1570de21ed7ff55421c446153fb7,c3f2b59e9e808280,afe2db5e3543d1ced1904e5784763c09f0fcdada4d8edb987b639659518f40e2,True,True,True,True,True,Expanded HHVBP,2025,2027,CY2025,True,public_only_semi_synthetic_capacity_pilot_not_outcome_validated,9237e030d3eeed990f7138399b26f3024037939e48d5eb89866d5bdd875af8d7,3e8af15c2120cedd72f05b7b33402c6efb6bc20946872df2b2c8592affe4e91b,10000,0.5696213523887566,persisted_reference_ecdf,True,True,False,0.6012936240437373,0.5980791952878656,0.601775661852579,0.600146665048215,0.3925707740615021,0.6077738021188035,0.6081203327092752,0.6118569596292845,0.6098018439408212,0.6110336153857694,d9da0ba752ddd5f1bca0817c72cf8d626a05be85133f0c212eb49180ba249cf8,design_003_roster_0.75_capacity_1.2_zip_0.2,1.2,0.2,18,14,4,0.6155553264786875,0.009127888362859715,0.026013414854530792,True,unconstrained_latent_information_upper_bound,0.75
G,sparse ZIP coverage,0,P5,threshold_soft_zip_bonus,0.75,200,600,600,0.0,58.62146287467911,0.5867824434241384,0.5874787889444814,0.6324408529703586,0.16,0.0,0.2916666666666667,0.790285774508607,0.334717607973422,0.33287037037037037,0.0,0.8482777384555888,17.7,0.19833333333333333,0.036959540148430836,0.04892108514190219,0.02550906599032532,0.0011807770168916765,0.018157119434835778,0.12346330267390926,dcafc20664d06c2ad7cf637df8e8fbe9ea50eba3baadb4b0bd79ff5e55b70e30,6d749fa312125712,afe2db5e3543d1ced1904e5784763c09f0fcdada4d8edb987b639659518f40e2,True,True,True,True,False,Expanded HHVBP,2025,2027,CY2025,True,public_only_semi_synthetic_capacity_pilot_not_outcome_validated,9237e030d3eeed990f7138399b26f3024037939e48d5eb89866d5bdd875af8d7,3e8af15c2120cedd72f05b7b33402c6efb6bc20946872df2b2c8592affe4e91b,10000,0.5696213523887566,persisted_reference_ecdf,True,True,False,0.5823449748723908,0.579130546116519,0.5828270126812326,0.5811980158768686,0.41151942323284857,0.588825152947457,0.5891716835379287,0.592908310457938,0.5908531947694746,0.592084966214423,d9da0ba752ddd5f1bca0817c72cf8d626a05be85133f0c212eb49180ba249cf8,design_003_roster_0.75_capacity_1.2_zip_0.2,1.2,0.2,18,14,4,0.6155553264786875,0.028076537534206136,0.04496206402587721,True,unconstrained_latent_information_upper_bound,0.75
G,sparse ZIP coverage,0,P6,capacity_constrained_greedy_optimization,0.75,200,600,600,0.0,61.42911662809972,0.6148589809583446,0.6155553264786875,0.6324408529703586,0.16,0.0,0.8816666666666667,0.8083063988646483,0.3680324843115541,0.3661111111111113,0.0,0.8387833329480927,11.975,0.31666666666666665,0.04645638685656572,0.05316895962665691,0.014284579393859076,0.0012605896492957624,0.020674869542749996,0.15409749946810758,5caa6e9ae2e9cda664d2d7ead14b8d3df42b59e217e8586319a5f5b264adfcd1,c43f1adaba138504,afe2db5e3543d1ced1904e5784763c09f0fcdada4d8edb987b639659518f40e2,True,True,True,True,False,Expanded HHVBP,2025,2027,CY2025,True,public_only_semi_synthetic_capacity_pilot_not_outcome_validated,9237e030d3eeed990f7138399b26f3024037939e48d5eb89866d5bdd875af8d7,3e8af15c2120cedd72f05b7b33402c6efb6bc20946872df2b2c8592affe4e91b,10000,0.5696213523887566,persisted_reference_ecdf,True,True,False,0.6104215124065969,0.6072070836507252,0.6109035502154387,0.6092745534110747,0.3834428856986424,0.6169016904816631,0.617248221072135,0.6209848479921443,0.6189297323036808,0.6201615037486291,d9da0ba752ddd5f1bca0817c72cf8d626a05be85133f0c212eb49180ba249cf8,design_003_roster_0.75_capacity_1.2_zip_0.2,1.2,0.2,18,14,4,0.6155553264786875,0.0,0.016885526491671077,True,unconstrained_latent_information_upper_bound,0.75
H,clinician capacity shortage,0,P4,threshold_hard_zip_sponsor_policy,0.25,200,600,489,0.18500000000000005,50.05937434284042,0.5011502116017275,0.5009664931398646,0.6429544111314229,0.675,0.005128205128205128,0.8875255623721882,0.7274273254123972,0.2937400590774826,0.2937400590774826,0.0,1.0,17.438650306748468,0.2740286298568507,0.07599499213362182,0.12440495437616117,0.07047162377987054,0.03087566236453121,0.06144214354118693,0.23598039901548534,14fee65d9bdf8e807eecacfd62daeba0eb672c99443e5e7452002536dfd4c816,90aef5769fec85e4,7cdafe5b30e8f8c713c6dd40a3c783db2de95aa4fbe5874ad13b0662de2a725b,True,True,True,True,True,Expanded HHVBP,2025,2027,CY2025,True,public_only_semi_synthetic_capacity_pilot_not_outcome_validated,9237e030d3eeed990f7138399b26f3024037939e48d5eb89866d5bdd875af8d7,3e8af15c2120cedd72f05b7b33402c6efb6bc20946872df2b2c8592affe4e91b,10000,0.33454808638309824,persisted_reference_ecdf,True,True,False,0.4973605982823069,0.49421028133263245,0.4976424757408339,0.49500823970210744,0.49753194377721693,0.5029862388181287,0.5033951283611735,0.5071680198284264,0.504880494278323,0.5063825834505591,d9da0ba752ddd5f1bca0817c72cf8d626a05be85133f0c212eb49180ba249cf8,design_003_roster_0.75_capacity_1.2_zip_0.2,1.2,0.2,18,14,4,0.5009664931398646,0.0,0.1419879179915583,True,unconstrained_latent_information_upper_bound,0.75
H,clinician capacity shortage,0,P5,threshold_soft_zip_bonus,0.25,200,600,489,0.18500000000000005,49.77437434284043,0.4983002116017275,0.49811649313986456,0.6429544111314229,0.675,0.0,0.7750511247443763,0.7274273254123972,0.2937400590774826,0.2937400590774826,0.0,1.0,17.6840490797546,0.2740286298568507,0.07449363380150431,0.12795194824059336,0.07004089578281553,0.02952655089832812,0.06769808510130954,0.22000408826947188,9d0fcbcb6d5afec2a6eaf3e0cea8a52137c6431b42315c21a39e5927ea8e232d,be12f3ee1c3eccfd,7cdafe5b30e8f8c713c6dd40a3c783db2de95aa4fbe5874ad13b0662de2a725b,True,True,True,True,False,Expanded HHVBP,2025,2027,CY2025,True,public_only_semi_synthetic_capacity_pilot_not_outcome_validated,9237e030d3eeed990f7138399b26f3024037939e48d5eb89866d5bdd875af8d7,3e8af15c2120cedd72f05b7b33402c6efb6bc20946872df2b2c8592affe4e91b,10000,0.33454808638309824,persisted_reference_ecdf,True,True,False,0.4945105982823069,0.4913602813326325,0.4947924757408339,0.4921582397021075,0.500381943777217,0.5001362388181287,0.5005451283611736,0.5043180198284264,0.502030494278323,0.5035325834505592,d9da0ba752ddd5f1bca0817c72cf8d626a05be85133f0c212eb49180ba249cf8,design_003_roster_0.75_capacity_1.2_zip_0.2,1.2,0.2,18,14,4,0.5009664931398646,0.0028500000000000747,0.14483791799155837,True,unconstrained_latent_information_upper_bound,0.75
H,clinician capacity shortage,0,P6,capacity_constrained_greedy_optimization,0.25,200,600,489,0.18500000000000005,48.97001961688279,0.49027535836337743,0.4902409566406787,0.6429544111314229,0.675,0.0,0.9754601226993865,0.7274273254123972,0.2937400590774826,0.2937400590774826,0.0,1.0,12.54601226993865,0.2740286298568507,0.11020254957809211,0.23145133618538244,0.11621946877992562,0.06391561702081644,0.09875491055941787,0.6000962875052333,aba147bdafd43f0a52d7805a7e8a01be52c6cd9ac6a034d09fe42f95da4ca7fc,5c65abf265e0812f,7cdafe5b30e8f8c713c6dd40a3c783db2de95aa4fbe5874ad13b0662de2a725b,True,True,True,True,False,Expanded HHVBP,2025,2027,CY2025,True,public_only_semi_synthetic_capacity_pilot_not_outcome_validated,9237e030d3eeed990f7138399b26f3024037939e48d5eb89866d5bdd875af8d7,3e8af15c2120cedd72f05b7b33402c6efb6bc20946872df2b2c8592affe4e91b,10000,0.33454808638309824,persisted_reference_ecdf,True,True,False,0.4862871795655994,0.48298763039553666,0.4861981001358246,0.48504649640083786,0.5084128094224123,0.49215777253043597,0.4926120427790737,0.4961877708591411,0.49421858339614433,0.4954708169935938,d9da0ba752ddd5f1bca0817c72cf8d626a05be85133f0c212eb49180ba249cf8,design_003_roster_0.75_capacity_1.2_zip_0.2,1.2,0.2,18,14,4,0.5009664931398646,0.01072553649918595,0.15271345449074425,True,unconstrained_latent_information_upper_bound,0.75
H,clinician capacity shortage,0,P4,threshold_hard_zip_sponsor_policy,0.75,200,600,489,0.18500000000000005,50.19187434284043,0.5024752116017275,0.5022914931398645,0.6429544111314229,0.16,0.017857142857142856,0.9468302658486708,0.7274273254123972,0.2937400590774826,0.2937400590774826,0.0,1.0,17.745398773006134,0.2740286298568507,0.07509723133833496,0.12428962060084303,0.06736975791012817,0.03208740203783833,0.06339549352704532,0.23575515621379106,290d3dfc27a8f652c3c63b328b5b74f020b318c2643287c2f38e1602470504f8,1dea8a370a170c64,7cdafe5b30e8f8c713c6dd40a3c783db2de95aa4fbe5874ad13b0662de2a725b,True,True,True,True,True,Expanded HHVBP,2025,2027,CY2025,True,public_only_semi_synthetic_capacity_pilot_not_outcome_validated,9237e030d3eeed990f7138399b26f3024037939e48d5eb89866d5bdd875af8d7,3e8af15c2120cedd72f05b7b33402c6efb6bc20946872df2b2c8592affe4e91b,10000,0.5696213523887566,persisted_reference_ecdf,True,True,False,0.4986855982823069,0.49553528133263247,0.4989674757408339,0.49633323970210746,0.4962069437772169,0.5043112388181287,0.5047201283611735,0.5084930198284263,0.5062054942783231,0.5077075834505591,d9da0ba752ddd5f1bca0817c72cf8d626a05be85133f0c212eb49180ba249cf8,design_003_roster_0.75_capacity_1.2_zip_0.2,1.2,0.2,18,14,4,0.5022914931398645,0.0,0.1406629179915584,True,unconstrained_latent_information_upper_bound,0.75
H,clinician capacity shortage,0,P5,threshold_soft_zip_bonus,0.75,200,600,489,0.18500000000000005,49.88812434284043,0.4994377116017274,0.49925399313986457,0.6429544111314229,0.16,0.0,0.8159509202453987,0.7274273254123972,0.2937400590774826,0.2937400590774826,0.0,1.0,17.346625766871167,0.2740286298568507,0.07238666020404383,0.12963083622798566,0.06831431264548588,0.029990501652313595,0.06904831029768177,0.22113288451573165,4f35b174c400bd88735f01f4048dcf27b8ce3333f4caf5e71a6c9172f583d9ea,da3a0f7efc4d1d42,7cdafe5b30e8f8c713c6dd40a3c783db2de95aa4fbe5874ad13b0662de2a725b,True,True,True,True,False,Expanded HHVBP,2025,2027,CY2025,True,public_only_semi_synthetic_capacity_pilot_not_outcome_validated,9237e030d3eeed990f7138399b26f3024037939e48d5eb89866d5bdd875af8d7,3e8af15c2120cedd72f05b7b33402c6efb6bc20946872df2b2c8592affe4e91b,10000,0.5696213523887566,persisted_reference_ecdf,True,True,False,0.49564809828230694,0.4924977813326325,0.49592997574083386,0.4932957397021074,0.4992444437772169,0.5012737388181288,0.5016826283611736,0.5054555198284263,0.503167994278323,0.5046700834505592,d9da0ba752ddd5f1bca0817c72cf8d626a05be85133f0c212eb49180ba249cf8,design_003_roster_0.75_capacity_1.2_zip_0.2,1.2,0.2,18,14,4,0.5022914931398645,0.0030374999999999708,0.14370041799155836,True,unconstrained_latent_information_upper_bound,0.75
H,clinician capacity shortage,0,P6,capacity_constrained_greedy_optimization,0.75,200,600,489,0.18500000000000005,48.97001961688279,0.49027535836337743,0.4902409566406787,0.6429544111314229,0.16,0.0,0.9754601226993865,0.7274273254123972,0.2937400590774826,0.2937400590774826,0.0,1.0,12.54601226993865,0.2740286298568507,0.11020254957809211,0.23145133618538244,0.11621946877992562,0.06391561702081644,0.09875491055941787,0.6000962875052333,c17df2d5c62a8f550134d737de4889a0994493bac3fab5483adbbeccdb0ebe7a,43852b171323109c,7cdafe5b30e8f8c713c6dd40a3c783db2de95aa4fbe5874ad13b0662de2a725b,True,True,True,True,False,Expanded HHVBP,2025,2027,CY2025,True,public_only_semi_synthetic_capacity_pilot_not_outcome_validated,9237e030d3eeed990f7138399b26f3024037939e48d5eb89866d5bdd875af8d7,3e8af15c2120cedd72f05b7b33402c6efb6bc20946872df2b2c8592affe4e91b,10000,0.5696213523887566,persisted_reference_ecdf,True,True,False,0.4862871795655994,0.48298763039553666,0.4861981001358246,0.48504649640083786,0.5084128094224123,0.49215777253043597,0.4926120427790737,0.4961877708591411,0.49421858339614433,0.4954708169935938,d9da0ba752ddd5f1bca0817c72cf8d626a05be85133f0c212eb49180ba249cf8,design_003_roster_0.75_capacity_1.2_zip_0.2,1.2,0.2,18,14,4,0.5022914931398645,0.01205053649918586,0.15271345449074425,True,unconstrained_latent_information_upper_bound,0.75
F,positive ZIP-continuity benefit,0,P4,threshold_hard_zip_sponsor_policy,0.25,200,600,600,0.0,62.67009458085509,0.6272687604858983,0.6279651060062412,0.686972518237354,0.675,0.09743589743589744,0.5216666666666666,0.7472572483531948,0.3166297526762645,0.3148148148148149,0.0,0.8521200728286137,16.525,0.25,0.06563870301723118,0.09340079357083053,0.05256715135054513,0.001319379324973835,0.027358974910305922,0.199837695565947,6e6695c7073ffd2dd284b5114f3e7f2a2f6c6fe9716c395518bdab0feb48c6b9,86f42059e73ab68a,46cfcd7a1cc74d419050e8694f69da26d4a7c4f1b7d558f47beff741cfeada51,True,True,True,True,True,Expanded HHVBP,2025,2027,CY2025,True,public_only_semi_synthetic_capacity_pilot_not_outcome_validated,9237e030d3eeed990f7138399b26f3024037939e48d5eb89866d5bdd875af8d7,3e8af15c2120cedd72f05b7b33402c6efb6bc20946872df2b2c8592affe4e91b,10000,0.33454808638309824,persisted_reference_ecdf,True,True,False,0.6228312919341509,0.6196168631782789,0.6233133297429926,0.6216843329386285,0.3710331061710886,0.6293114700092168,0.6296580005996886,0.6333946275196981,0.6313395118312345,0.632571283276183,5335ca09ca7b33af14d23d52f8bc5ca1fdefe6ffeb12bd918e783b5595dac8df,design_004_roster_0.75_capacity_1.2_zip_0.8,1.2,0.8,18,14,4,0.668704741047189,0.0407396350409478,0.05900741223111272,True,unconstrained_latent_information_upper_bound,0.75
F,positive ZIP-continuity benefit,0,P5,threshold_soft_zip_bonus,0.25,200,600,600,0.0,60.50410946711894,0.6056089093485367,0.6063052548688797,0.686972518237354,0.675,0.0,0.3016666666666667,0.7946729962850142,0.33776301218161686,0.33592592592592596,0.0,0.8478002448754737,17.3875,0.2,0.03415789478322795,0.06734165544767745,0.01959751406970689,0.003966102188669662,0.018460857135606412,0.11558589431282129,038c5898534a0796eff21b2bc3cc1f6277ab02e6ea8ba65d6c2ab680cdf3ebfc,e9241272afa5c321,46cfcd7a1cc74d419050e8694f69da26d4a7c4f1b7d558f47beff741cfeada51,True,True,True,True,False,Expanded HHVBP,2025,2027,CY2025,True,public_only_semi_synthetic_capacity_pilot_not_outcome_validated,9237e030d3eeed990f7138399b26f3024037939e48d5eb89866d5bdd875af8d7,3e8af15c2120cedd72f05b7b33402c6efb6bc20946872df2b2c8592affe4e91b,10000,0.33454808638309824,persisted_reference_ecdf,True,True,False,0.6011714407967891,0.5979570120409173,0.6016534786056309,0.6000244818012669,0.3926929573084503,0.6076516188718551,0.6079981494623271,0.6117347763823363,0.6096796606938729,0.6109114321388213,5335ca09ca7b33af14d23d52f8bc5ca1fdefe6ffeb12bd918e783b5595dac8df,design_004_roster_0.75_capacity_1.2_zip_0.8,1.2,0.8,18,14,4,0.668704741047189,0.06239948617830937,0.0806672633684743,True,unconstrained_latent_information_upper_bound,0.75
F,positive ZIP-continuity benefit,0,P6,capacity_constrained_greedy_optimization,0.25,200,600,600,0.0,66.74405808494987,0.6680083955268462,0.668704741047189,0.686972518237354,0.675,0.0,0.895,0.7889018944384502,0.35243632336655595,0.35055555555555573,0.0,0.8409023491975437,11.8625,0.31666666666666665,0.04785910208566402,0.0728537804152436,0.008737300683431815,0.00132285012201383,0.02379011233924988,0.14579430659366166,8be1c13e7f0656ff2e7f8594afa8e323c64cfd16c1c0b697e2a35740dc209cae,6c8cd3db800cea1b,46cfcd7a1cc74d419050e8694f69da26d4a7c4f1b7d558f47beff741cfeada51,True,True,True,True,False,Expanded HHVBP,2025,2027,CY2025,True,public_only_semi_synthetic_capacity_pilot_not_outcome_validated,9237e030d3eeed990f7138399b26f3024037939e48d5eb89866d5bdd875af8d7,3e8af15c2120cedd72f05b7b33402c6efb6bc20946872df2b2c8592affe4e91b,10000,0.33454808638309824,persisted_reference_ecdf,True,True,False,0.6635709269750986,0.6603564982192267,0.6640529647839404,0.6624239679795763,0.33029347113014085,0.6700511050501646,0.6703976356406365,0.6741342625606458,0.6720791468721823,0.6733109183171307,5335ca09ca7b33af14d23d52f8bc5ca1fdefe6ffeb12bd918e783b5595dac8df,design_004_roster_0.75_capacity_1.2_zip_0.8,1.2,0.8,18,14,4,0.668704741047189,0.0,0.018267777190164924,True,unconstrained_latent_information_upper_bound,0.75
F,positive ZIP-continuity benefit,0,P4,threshold_hard_zip_sponsor_policy,0.75,200,600,600,0.0,65.28391615247958,0.653406976202143,0.654103321722486,0.686972518237354,0.16,0.12301587301587301,0.7916666666666666,0.7636933666038497,0.3295496493170913,0.3278703703703705,0.0,0.8481566854652902,13.925,0.2783333333333333,0.06063776108205143,0.09810840258847497,0.02605558505243688,0.007619072427686224,0.029521566025526802,0.2029884968320741,d685d7e379dbb3ed97d68c0ca3cabb1a47cbe2b339f0e4fe33fccef4a824e39b,bdde27aaf5bd2081,46cfcd7a1cc74d419050e8694f69da26d4a7c4f1b7d558f47beff741cfeada51,True,True,True,True,True,Expanded HHVBP,2025,2027,CY2025,True,public_only_semi_synthetic_capacity_pilot_not_outcome_validated,9237e030d3eeed990f7138399b26f3024037939e48d5eb89866d5bdd875af8d7,3e8af15c2120cedd72f05b7b33402c6efb6bc20946872df2b2c8592affe4e91b,10000,0.5696213523887566,persisted_reference_ecdf,True,True,False,0.6489695076503955,0.6457550788945238,0.6494515454592372,0.6478225486548732,0.34489489045484395,0.6554496857254616,0.6557962163159334,0.6595328432359427,0.6574777275474791,0.6587094989924276,5335ca09ca7b33af14d23d52f8bc5ca1fdefe6ffeb12bd918e783b5595dac8df,design_004_roster_0.75_capacity_1.2_zip_0.8,1.2,0.8,18,14,4,0.6687790690902738,0.014675747367787872,0.03286919651486797,True,unconstrained_latent_information_upper_bound,0.75
F,positive ZIP-continuity benefit,0,P5,threshold_soft_zip_bonus,0.75,200,600,600,0.0,60.294375267419134,0.6035115673515385,0.6042079128718815,0.686972518237354,0.16,0.0,0.2783333333333333,0.7905371287917616,0.33517903285345163,0.3333333333333335,0.0,0.8474962664464952,17.625,0.21,0.03896920939249604,0.06616997417367987,0.03300440200584165,0.0016381581651355726,0.015796839020789766,0.11329016164708838,2b5825e513b68e24f29f88d0c5905146cc244ede536b201b3b67f167a35431c8,593843d7d4630f80,46cfcd7a1cc74d419050e8694f69da26d4a7c4f1b7d558f47beff741cfeada51,True,True,True,True,False,Expanded HHVBP,2025,2027,CY2025,True,public_only_semi_synthetic_capacity_pilot_not_outcome_validated,9237e030d3eeed990f7138399b26f3024037939e48d5eb89866d5bdd875af8d7,3e8af15c2120cedd72f05b7b33402c6efb6bc20946872df2b2c8592affe4e91b,10000,0.5696213523887566,persisted_reference_ecdf,True,True,False,0.599074098799791,0.5958596700439193,0.5995561366086328,0.5979271398042688,0.3947902993054484,0.6055542768748571,0.6059008074653288,0.6096374343853384,0.6075823186968747,0.6088140901418231,5335ca09ca7b33af14d23d52f8bc5ca1fdefe6ffeb12bd918e783b5595dac8df,design_004_roster_0.75_capacity_1.2_zip_0.8,1.2,0.8,18,14,4,0.6687790690902738,0.06457115621839238,0.08276460536547248,True,unconstrained_latent_information_upper_bound,0.75
F,positive ZIP-continuity benefit,0,P6,capacity_constrained_greedy_optimization,0.75,200,600,600,0.0,66.75149088925836,0.6680827235699308,0.6687790690902738,0.686972518237354,0.16,0.0,0.8966666666666666,0.7883980630577861,0.3508674787744557,0.34898148148148156,0.0,0.8405551269753215,11.8375,0.31666666666666665,0.04801163787639695,0.0728537804152436,0.008737300683431815,0.0012203286832761506,0.024042666855407457,0.14579430659366166,bd96f9999dc8e1639bb48275a63cd99268520101450bcb747204f0c2d64c86a3,085cc65f86707c31,46cfcd7a1cc74d419050e8694f69da26d4a7c4f1b7d558f47beff741cfeada51,True,True,True,True,False,Expanded HHVBP,2025,2027,CY2025,True,public_only_semi_synthetic_capacity_pilot_not_outcome_validated,9237e030d3eeed990f7138399b26f3024037939e48d5eb89866d5bdd875af8d7,3e8af15c2120cedd72f05b7b33402c6efb6bc20946872df2b2c8592affe4e91b,10000,0.5696213523887566,persisted_reference_ecdf,True,True,False,0.6636452550181834,0.6604308262623115,0.6641272928270251,0.662498296022661,0.330219143087056,0.6701254330932493,0.6704719636837212,0.6742085906037306,0.6721534749152671,0.6733852463602155,5335ca09ca7b33af14d23d52f8bc5ca1fdefe6ffeb12bd918e783b5595dac8df,design_004_roster_0.75_capacity_1.2_zip_0.8,1.2,0.8,18,14,4,0.6687790690902738,0.0,0.0181934491470801,True,unconstrained_latent_information_upper_bound,0.75
G,sparse ZIP coverage,0,P4,threshold_hard_zip_sponsor_policy,0.25,200,600,600,0.0,59.598213411805744,0.5965499487954047,0.5972462943157476,0.6324408529703586,0.675,0.09743589743589744,0.53,0.7528198150800153,0.32465854558877827,0.32287037037037036,0.0,0.8517584980105172,16.775,0.25166666666666665,0.0551796017097278,0.06068905446643824,0.035425434749402296,0.0021287219436239013,0.021977235804600093,0.17103017246465624,58a1cb5eaef8aa16d14da63d9500f689434be5bed90556b303ff09a2f416faf4,efe5ba09d0f33e81,2b0bfae149323eaf6e37e07b5e61108496caa83b8e927c367386e482f535c5e8,True,True,True,True,True,Expanded HHVBP,2025,2027,CY2025,True,public_only_semi_synthetic_capacity_pilot_not_outcome_validated,9237e030d3eeed990f7138399b26f3024037939e48d5eb89866d5bdd875af8d7,3e8af15c2120cedd72f05b7b33402c6efb6bc20946872df2b2c8592affe4e91b,10000,0.33454808638309824,persisted_reference_ecdf,True,True,False,0.5921124802436573,0.5888980514877854,0.592594518052499,0.590965521248135,0.4017519178615822,0.5985926583187233,0.5989391889091951,0.6026758158292045,0.600620700140741,0.6018524715856893,5335ca09ca7b33af14d23d52f8bc5ca1fdefe6ffeb12bd918e783b5595dac8df,design_004_roster_0.75_capacity_1.2_zip_0.8,1.2,0.8,18,14,4,0.6149905426579584,0.017744248342210778,0.03519455865461096,True,unconstrained_latent_information_upper_bound,0.75
G,sparse ZIP coverage,0,P5,threshold_soft_zip_bonus,0.25,200,600,600,0.0,58.69049746829097,0.587472789360257,0.5881691348805999,0.6324408529703586,0.675,0.0,0.30666666666666664,0.7945479832714798,0.3375784422296051,0.3357407407407409,0.0,0.8496755434899028,17.75,0.19666666666666666,0.037299536762929186,0.04691894929687179,0.02329352558320763,0.0021739824877101688,0.017876531395590534,0.12432855556749367,5147d6b451bfbdc9fbbaa83ed2c7e1a10f76f698db0e9ac217f6ebba7472e477,2d04f2ffdd9faa75,2b0bfae149323eaf6e37e07b5e61108496caa83b8e927c367386e482f535c5e8,True,True,True,True,False,Expanded HHVBP,2025,2027,CY2025,True,public_only_semi_synthetic_capacity_pilot_not_outcome_validated,9237e030d3eeed990f7138399b26f3024037939e48d5eb89866d5bdd875af8d7,3e8af15c2120cedd72f05b7b33402c6efb6bc20946872df2b2c8592affe4e91b,10000,0.33454808638309824,persisted_reference_ecdf,True,True,False,0.5830353208085095,0.5798208920526376,0.5835173586173513,0.5818883618129872,0.41082907729672996,0.5895154988835756,0.5898620294740474,0.5935986563940567,0.5915435407055931,0.5927753121505416,5335ca09ca7b33af14d23d52f8bc5ca1fdefe6ffeb12bd918e783b5595dac8df,design_004_roster_0.75_capacity_1.2_zip_0.8,1.2,0.8,18,14,4,0.6149905426579584,0.02682140777735853,0.044271718089758716,True,unconstrained_latent_information_upper_bound,0.75
G,sparse ZIP coverage,0,P6,capacity_constrained_greedy_optimization,0.25,200,600,600,0.0,61.37263824602681,0.6142941971376155,0.6149905426579584,0.6324408529703586,0.675,0.0,0.8516666666666667,0.8125963327996684,0.37449243263196763,0.3725925925925926,0.0,0.8344881885213693,11.9375,0.3233333333333333,0.043872806536746634,0.0519002593675999,0.01638208331784452,0.001974046108970118,0.01823789043334556,0.15083141793588362,a2ffa263d9aae02ff67b20bee0df7764795db3a2ab51b4afe2e5d6c08b7bc236,0bfb075b5a4c541c,2b0bfae149323eaf6e37e07b5e61108496caa83b8e927c367386e482f535c5e8,True,True,True,True,False,Expanded HHVBP,2025,2027,CY2025,True,public_only_semi_synthetic_capacity_pilot_not_outcome_validated,9237e030d3eeed990f7138399b26f3024037939e48d5eb89866d5bdd875af8d7,3e8af15c2120cedd72f05b7b33402c6efb6bc20946872df2b2c8592affe4e91b,10000,0.33454808638309824,persisted_reference_ecdf,True,True,False,0.6098567285858678,0.6066422998299962,0.6103387663947097,0.6087097695903456,0.3840076695193715,0.616336906660934,0.6166834372514058,0.6204200641714153,0.6183649484829516,0.6195967199279001,5335ca09ca7b33af14d23d52f8bc5ca1fdefe6ffeb12bd918e783b5595dac8df,design_004_roster_0.75_capacity_1.2_zip_0.8,1.2,0.8,18,14,4,0.6149905426579584,0.0,0.017450310312400186,True,unconstrained_latent_information_upper_bound,0.75
G,sparse ZIP coverage,0,P4,threshold_hard_zip_sponsor_policy,0.75,200,600,600,0.0,60.51632779181375,0.6057310925954849,0.6064274381158278,0.6324408529703586,0.16,0.12698412698412698,0.7866666666666666,0.7659014325353982,0.32475083056478415,0.32305555555555565,0.0,0.847991052930732,14.2125,0.27,0.0532115143585189,0.06090266805441502,0.028182203594166677,0.0007479997727501964,0.021797072292898956,0.17133471135804945,189709baa27440f585a817f9af10df56d91f1570de21ed7ff55421c446153fb7,12a7e55af3ff3816,2b0bfae149323eaf6e37e07b5e61108496caa83b8e927c367386e482f535c5e8,True,True,True,True,True,Expanded HHVBP,2025,2027,CY2025,True,public_only_semi_synthetic_capacity_pilot_not_outcome_validated,9237e030d3eeed990f7138399b26f3024037939e48d5eb89866d5bdd875af8d7,3e8af15c2120cedd72f05b7b33402c6efb6bc20946872df2b2c8592affe4e91b,10000,0.5696213523887566,persisted_reference_ecdf,True,True,False,0.6012936240437373,0.5980791952878656,0.601775661852579,0.600146665048215,0.3925707740615021,0.6077738021188035,0.6081203327092752,0.6118569596292845,0.6098018439408212,0.6110336153857694,5335ca09ca7b33af14d23d52f8bc5ca1fdefe6ffeb12bd918e783b5595dac8df,design_004_roster_0.75_capacity_1.2_zip_0.8,1.2,0.8,18,14,4,0.6155553264786875,0.009127888362859715,0.026013414854530792,True,unconstrained_latent_information_upper_bound,0.75
G,sparse ZIP coverage,0,P5,threshold_soft_zip_bonus,0.75,200,600,600,0.0,58.62146287467911,0.5867824434241384,0.5874787889444814,0.6324408529703586,0.16,0.0,0.2916666666666667,0.790285774508607,0.334717607973422,0.33287037037037037,0.0,0.8482777384555888,17.7,0.19833333333333333,0.036959540148430836,0.04892108514190219,0.02550906599032532,0.0011807770168916765,0.018157119434835778,0.12346330267390926,dcafc20664d06c2ad7cf637df8e8fbe9ea50eba3baadb4b0bd79ff5e55b70e30,d3c0d961e62698b4,2b0bfae149323eaf6e37e07b5e61108496caa83b8e927c367386e482f535c5e8,True,True,True,True,False,Expanded HHVBP,2025,2027,CY2025,True,public_only_semi_synthetic_capacity_pilot_not_outcome_validated,9237e030d3eeed990f7138399b26f3024037939e48d5eb89866d5bdd875af8d7,3e8af15c2120cedd72f05b7b33402c6efb6bc20946872df2b2c8592affe4e91b,10000,0.5696213523887566,persisted_reference_ecdf,True,True,False,0.5823449748723908,0.579130546116519,0.5828270126812326,0.5811980158768686,0.41151942323284857,0.588825152947457,0.5891716835379287,0.592908310457938,0.5908531947694746,0.592084966214423,5335ca09ca7b33af14d23d52f8bc5ca1fdefe6ffeb12bd918e783b5595dac8df,design_004_roster_0.75_capacity_1.2_zip_0.8,1.2,0.8,18,14,4,0.6155553264786875,0.028076537534206136,0.04496206402587721,True,unconstrained_latent_information_upper_bound,0.75
G,sparse ZIP coverage,0,P6,capacity_constrained_greedy_optimization,0.75,200,600,600,0.0,61.42911662809972,0.6148589809583446,0.6155553264786875,0.6324408529703586,0.16,0.0,0.8816666666666667,0.8083063988646483,0.3680324843115541,0.3661111111111113,0.0,0.8387833329480927,11.975,0.31666666666666665,0.04645638685656572,0.05316895962665691,0.014284579393859076,0.0012605896492957624,0.020674869542749996,0.15409749946810758,5caa6e9ae2e9cda664d2d7ead14b8d3df42b59e217e8586319a5f5b264adfcd1,c0bb7a9157e1a38a,2b0bfae149323eaf6e37e07b5e61108496caa83b8e927c367386e482f535c5e8,True,True,True,True,False,Expanded HHVBP,2025,2027,CY2025,True,public_only_semi_synthetic_capacity_pilot_not_outcome_validated,9237e030d3eeed990f7138399b26f3024037939e48d5eb89866d5bdd875af8d7,3e8af15c2120cedd72f05b7b33402c6efb6bc20946872df2b2c8592affe4e91b,10000,0.5696213523887566,persisted_reference_ecdf,True,True,False,0.6104215124065969,0.6072070836507252,0.6109035502154387,0.6092745534110747,0.3834428856986424,0.6169016904816631,0.617248221072135,0.6209848479921443,0.6189297323036808,0.6201615037486291,5335ca09ca7b33af14d23d52f8bc5ca1fdefe6ffeb12bd918e783b5595dac8df,design_004_roster_0.75_capacity_1.2_zip_0.8,1.2,0.8,18,14,4,0.6155553264786875,0.0,0.016885526491671077,True,unconstrained_latent_information_upper_bound,0.75
H,clinician capacity shortage,0,P4,threshold_hard_zip_sponsor_policy,0.25,200,600,489,0.18500000000000005,49.13312434284043,0.49188771160172734,0.4917039931398646,0.6324408529703586,0.675,0.16923076923076924,0.49693251533742333,0.7274273254123972,0.2937400590774826,0.2937400590774826,0.0,1.0,16.733128834355828,0.2740286298568507,0.0785108566859391,0.1283952400374328,0.07462118834538184,0.03243747245818257,0.05141593244477266,0.24687399496038015,3d1eebd0ea628d6ae7222f5bc06580720c78099b5607d75d7afc0e3cd8aefd38,d21d4c848af3bae2,3f7775b85c5af17e3403dbe48f974d98ae6974462bf68aac4a89affcfed59da8,True,True,True,True,True,Expanded HHVBP,2025,2027,CY2025,True,public_only_semi_synthetic_capacity_pilot_not_outcome_validated,9237e030d3eeed990f7138399b26f3024037939e48d5eb89866d5bdd875af8d7,3e8af15c2120cedd72f05b7b33402c6efb6bc20946872df2b2c8592affe4e91b,10000,0.33454808638309824,persisted_reference_ecdf,True,True,False,0.4880980982823069,0.48494778133263244,0.4883799757408339,0.48574573970210744,0.506794443777217,0.49372373881812864,0.49413262836117355,0.4979055198284264,0.49561799427832304,0.49712008345055914,5335ca09ca7b33af14d23d52f8bc5ca1fdefe6ffeb12bd918e783b5595dac8df,design_004_roster_0.75_capacity_1.2_zip_0.8,1.2,0.8,18,14,4,0.4917039931398646,0.0,0.14073685983049394,True,unconstrained_latent_information_upper_bound,0.75
H,clinician capacity shortage,0,P5,threshold_soft_zip_bonus,0.25,200,600,489,0.18500000000000005,48.61187434284043,0.48667521160172744,0.4864914931398646,0.6324408529703586,0.675,0.0,0.294478527607362,0.7274273254123972,0.2937400590774826,0.2937400590774826,0.0,1.0,17.37730061349693,0.2740286298568507,0.07433217905612133,0.12416640497683634,0.06819907375004058,0.031656264201103124,0.05993592724743124,0.2131079453359036,0a40f388e20250cc9c7697e1cbf3c57558f37e55953624fb9fabd381a91589ca,0e6aab7ddf3aa123,3f7775b85c5af17e3403dbe48f974d98ae6974462bf68aac4a89affcfed59da8,True,True,True,True,False,Expanded HHVBP,2025,2027,CY2025,True,public_only_semi_synthetic_capacity_pilot_not_outcome_validated,9237e030d3eeed990f7138399b26f3024037939e48d5eb89866d5bdd875af8d7,3e8af15c2120cedd72f05b7b33402c6efb6bc20946872df2b2c8592affe4e91b,10000,0.33454808638309824,persisted_reference_ecdf,True,True,False,0.48288559828230687,0.47973528133263244,0.48316747574083385,0.48053323970210743,0.5120069437772169,0.48851123881812875,0.48892012836117354,0.4926930198284264,0.4904054942783229,0.4919075834505591,5335ca09ca7b33af14d23d52f8bc5ca1fdefe6ffeb12bd918e783b5595dac8df,design_004_roster_0.75_capacity_1.2_zip_0.8,1.2,0.8,18,14,4,0.4917039931398646,0.005212500000000009,0.14594935983049395,True,unconstrained_latent_information_upper_bound,0.75
H,clinician capacity shortage,0,P6,capacity_constrained_greedy_optimization,0.25,200,600,489,0.18500000000000005,48.44251961688278,0.4850003583633775,0.48496595664067865,0.6324408529703586,0.675,0.0,0.7586912065439673,0.7274273254123972,0.2937400590774826,0.2937400590774826,0.0,1.0,12.484662576687116,0.2740286298568507,0.11107389218335356,0.2396315723418977,0.12472854275486739,0.06476934496085673,0.10141834685825174,0.592866087336448,2da347543c495b6f7df21ec27dd16a23204f73d01d12cfe293736a24d0571529,13ae1117b9e864ac,3f7775b85c5af17e3403dbe48f974d98ae6974462bf68aac4a89affcfed59da8,True,True,True,True,False,Expanded HHVBP,2025,2027,CY2025,True,public_only_semi_synthetic_capacity_pilot_not_outcome_validated,9237e030d3eeed990f7138399b26f3024037939e48d5eb89866d5bdd875af8d7,3e8af15c2120cedd72f05b7b33402c6efb6bc20946872df2b2c8592affe4e91b,10000,0.33454808638309824,persisted_reference_ecdf,True,True,False,0.48101217956559933,0.4777126303955365,0.4809231001358247,0.4797714964008378,0.5136878094224124,0.48688277253043605,0.4873370427790737,0.4909127708591412,0.4889435833961443,0.49019581699359377,5335ca09ca7b33af14d23d52f8bc5ca1fdefe6ffeb12bd918e783b5595dac8df,design_004_roster_0.75_capacity_1.2_zip_0.8,1.2,0.8,18,14,4,0.4917039931398646,0.006738036499185973,0.14747489632967992,True,unconstrained_latent_information_upper_bound,0.75
H,clinician capacity shortage,0,P4,threshold_hard_zip_sponsor_policy,0.75,200,600,489,0.18500000000000005,49.77812434284043,0.49833771160172746,0.49815399313986464,0.6324408529703586,0.16,0.18452380952380953,0.7198364008179959,0.7274273254123972,0.2937400590774826,0.2937400590774826,0.0,1.0,14.279141104294478,0.2740286298568507,0.07613506842444229,0.13112910081132445,0.06764724231395808,0.03514713523382268,0.05005323152503899,0.24499005288090436,7aa79cc6d78ceee7d4bc468c90ffb6e1cc94ffa114ee0322d3e2edb964bc1c63,31d4c155fcdf9498,3f7775b85c5af17e3403dbe48f974d98ae6974462bf68aac4a89affcfed59da8,True,True,True,True,True,Expanded HHVBP,2025,2027,CY2025,True,public_only_semi_synthetic_capacity_pilot_not_outcome_validated,9237e030d3eeed990f7138399b26f3024037939e48d5eb89866d5bdd875af8d7,3e8af15c2120cedd72f05b7b33402c6efb6bc20946872df2b2c8592affe4e91b,10000,0.5696213523887566,persisted_reference_ecdf,True,True,False,0.4945480982823069,0.4913977813326325,0.4948299757408339,0.49219573970210745,0.500344443777217,0.5001737388181287,0.5005826283611735,0.5043555198284264,0.502067994278323,0.5035700834505591,5335ca09ca7b33af14d23d52f8bc5ca1fdefe6ffeb12bd918e783b5595dac8df,design_004_roster_0.75_capacity_1.2_zip_0.8,1.2,0.8,18,14,4,0.49815399313986464,0.0,0.13428685983049393,True,unconstrained_latent_information_upper_bound,0.75
H,clinician capacity shortage,0,P5,threshold_soft_zip_bonus,0.75,200,600,489,0.18500000000000005,48.57437434284043,0.48630021160172743,0.48611649313986455,0.6324408529703586,0.16,0.0,0.2822085889570552,0.7274273254123972,0.2937400590774826,0.2937400590774826,0.0,1.0,17.561349693251532,0.2740286298568507,0.0740810836890678,0.12295832296415077,0.0715258233024953,0.03103367360582665,0.056907854766735544,0.21278291839961505,0c7621cced8eb90999ec42a8e06a385b9af0a9dacf1d31368d4136e0b3bfc39d,b4e93253aba42944,3f7775b85c5af17e3403dbe48f974d98ae6974462bf68aac4a89affcfed59da8,True,True,True,True,False,Expanded HHVBP,2025,2027,CY2025,True,public_only_semi_synthetic_capacity_pilot_not_outcome_validated,9237e030d3eeed990f7138399b26f3024037939e48d5eb89866d5bdd875af8d7,3e8af15c2120cedd72f05b7b33402c6efb6bc20946872df2b2c8592affe4e91b,10000,0.5696213523887566,persisted_reference_ecdf,True,True,False,0.48251059828230686,0.4793602813326325,0.4827924757408339,0.4801582397021074,0.512381943777217,0.48813623881812873,0.48854512836117353,0.49231801982842643,0.4900304942783229,0.49153258345055917,5335ca09ca7b33af14d23d52f8bc5ca1fdefe6ffeb12bd918e783b5595dac8df,design_004_roster_0.75_capacity_1.2_zip_0.8,1.2,0.8,18,14,4,0.49815399313986464,0.01203750000000009,0.14632435983049402,True,unconstrained_latent_information_upper_bound,0.75
H,clinician capacity shortage,0,P6,capacity_constrained_greedy_optimization,0.75,200,600,489,0.18500000000000005,48.53126961688278,0.48588785836337745,0.4858534566406786,0.6324408529703586,0.16,0.0,0.7934560327198364,0.7274273254123972,0.2937400590774826,0.2937400590774826,0.0,1.0,12.392638036809815,0.2740286298568507,0.10736116731220863,0.24503687892689385,0.13304076025244171,0.06479198384593865,0.10367371203739822,0.5945532849199855,b31500796b4a9af7edbd6bdeceb9a11defdb257528c6cdfd5157e7728c436dfa,680c4f54363157f8,3f7775b85c5af17e3403dbe48f974d98ae6974462bf68aac4a89affcfed59da8,True,True,True,True,False,Expanded HHVBP,2025,2027,CY2025,True,public_only_semi_synthetic_capacity_pilot_not_outcome_validated,9237e030d3eeed990f7138399b26f3024037939e48d5eb89866d5bdd875af8d7,3e8af15c2120cedd72f05b7b33402c6efb6bc20946872df2b2c8592affe4e91b,10000,0.5696213523887566,persisted_reference_ecdf,True,True,False,0.4818996795655993,0.4786001303955366,0.4818106001358247,0.48065899640083787,0.5128003094224124,0.487770272530436,0.48822454277907373,0.49180027085914113,0.48983108339614434,0.4910833169935938,5335ca09ca7b33af14d23d52f8bc5ca1fdefe6ffeb12bd918e783b5595dac8df,design_004_roster_0.75_capacity_1.2_zip_0.8,1.2,0.8,18,14,4,0.49815399313986464,0.012300536499186054,0.14658739632968,True,unconstrained_latent_information_upper_bound,0.75
F,positive ZIP-continuity benefit,0,P4,threshold_hard_zip_sponsor_policy,0.25,200,600,411,0.31499999999999995,46.998805531671536,0.4705541039186373,0.46982591291725195,0.7155608699620188,0.675,0.0,0.8978102189781022,0.6571100062419816,0.3065287915652879,0.3065287915652879,0.0,0.9666666666666667,16.843065693430656,0.26277372262773724,0.06751473915942258,0.19891135955345612,0.09981817287883071,0.08541920202862135,0.042517162369488826,0.2900671473427448,659903e66896326e12dc83f2883c43640c70f107b3a1b29767f444a6c8cf79e8,4455c6925333e2a2,06ea77fdc445fd5dce574dce221b607006d8db00ccc8962da2dc7f7570f7c6c6,True,True,True,True,True,Expanded HHVBP,2025,2027,CY2025,True,public_only_semi_synthetic_capacity_pilot_not_outcome_validated,9237e030d3eeed990f7138399b26f3024037939e48d5eb89866d5bdd875af8d7,3e8af15c2120cedd72f05b7b33402c6efb6bc20946872df2b2c8592affe4e91b,10000,0.33454808638309824,persisted_reference_ecdf,True,True,False,0.4667639193531316,0.4635956123631936,0.46706822537695797,0.4649117284208908,0.5282537717892044,0.47224317774966657,0.4726911662878775,0.4764233847458307,0.47439439228240926,0.475703204395619,244b73db4e0e789ff7c64c580755ae1a14f04840de2ab0446cd422ce5ad91d76,design_005_roster_1.25_capacity_0.7_zip_0.2,0.7,0.2,30,22,8,0.46982591291725195,0.0,0.2457349570447669,True,unconstrained_latent_information_upper_bound,1.25
F,positive ZIP-continuity benefit,0,P5,threshold_soft_zip_bonus,0.25,200,600,411,0.31499999999999995,46.568805531671536,0.4662541039186372,0.465525912917252,0.7155608699620188,0.675,0.0,0.829683698296837,0.6571100062419816,0.3065287915652879,0.3065287915652879,0.0,0.9666666666666667,17.135036496350367,0.26277372262773724,0.07076798877113483,0.20545335189325425,0.0951721351667491,0.08541322084582115,0.04295670394991835,0.2617605227834983,90c8288c902d5255a1ba5d620542fff3464efd44f4f7105c7008c5af418b32e2,6ec3b0b18b221185,06ea77fdc445fd5dce574dce221b607006d8db00ccc8962da2dc7f7570f7c6c6,True,True,True,True,False,Expanded HHVBP,2025,2027,CY2025,True,public_only_semi_synthetic_capacity_pilot_not_outcome_validated,9237e030d3eeed990f7138399b26f3024037939e48d5eb89866d5bdd875af8d7,3e8af15c2120cedd72f05b7b33402c6efb6bc20946872df2b2c8592affe4e91b,10000,0.33454808638309824,persisted_reference_ecdf,True,True,False,0.4624639193531316,0.4592956123631936,0.4627682253769579,0.46061172842089076,0.5325537717892045,0.4679431777496666,0.46839116628787747,0.47212338474583065,0.47009439228240923,0.4714032043956191,244b73db4e0e789ff7c64c580755ae1a14f04840de2ab0446cd422ce5ad91d76,design_005_roster_1.25_capacity_0.7_zip_0.2,0.7,0.2,30,22,8,0.46982591291725195,0.0042999999999999705,0.25003495704476686,True,unconstrained_latent_information_upper_bound,1.25
F,positive ZIP-continuity benefit,0,P6,capacity_constrained_greedy_optimization,0.25,200,600,411,0.31499999999999995,45.71160597798118,0.4576418113776964,0.45703459054994205,0.7155608699620188,0.675,0.0,0.9927007299270073,0.6571100062419816,0.3065287915652879,0.3065287915652879,0.0,0.9666666666666667,9.397810218978103,0.26277372262773724,0.15796301968369247,0.35560267416080704,0.23024129226339152,0.0453130550606512,0.13757669499883168,0.650697148539335,c9a38626f1c057db84920eefdf3c5f0f9f1d94f1d72d45aebb0ed7c826956172,a4e6fddcab183da5,06ea77fdc445fd5dce574dce221b607006d8db00ccc8962da2dc7f7570f7c6c6,True,True,True,True,False,Expanded HHVBP,2025,2027,CY2025,True,public_only_semi_synthetic_capacity_pilot_not_outcome_validated,9237e030d3eeed990f7138399b26f3024037939e48d5eb89866d5bdd875af8d7,3e8af15c2120cedd72f05b7b33402c6efb6bc20946872df2b2c8592affe4e91b,10000,0.33454808638309824,persisted_reference_ecdf,True,True,False,0.4541126689859976,0.4505293653549298,0.45357068842743087,0.45256416680289285,0.5411442318087774,0.4590725902980028,0.4601463190351388,0.46337301069466796,0.46128259525425097,0.4629109407324298,244b73db4e0e789ff7c64c580755ae1a14f04840de2ab0446cd422ce5ad91d76,design_005_roster_1.25_capacity_0.7_zip_0.2,0.7,0.2,30,22,8,0.46982591291725195,0.012791322367309899,0.2585262794120768,True,unconstrained_latent_information_upper_bound,1.25
F,positive ZIP-continuity benefit,0,P4,threshold_hard_zip_sponsor_policy,0.75,200,600,411,0.31499999999999995,47.476305531671535,0.47532910391863725,0.474600912917252,0.7155608699620188,0.16,0.007936507936507936,0.9732360097323601,0.6571100062419816,0.3065287915652879,0.3065287915652879,0.0,0.9666666666666667,16.478102189781023,0.26277372262773724,0.06543128586883923,0.20516261641882338,0.09365399945259012,0.08572674766574095,0.04434257539908576,0.2852308101038177,0f61f065654e61a2cf4ec5de57fbfce129db05b0e5c56910f44f5386371c203e,aa345cdd2ff96df1,06ea77fdc445fd5dce574dce221b607006d8db00ccc8962da2dc7f7570f7c6c6,True,True,True,True,True,Expanded HHVBP,2025,2027,CY2025,True,public_only_semi_synthetic_capacity_pilot_not_outcome_validated,9237e030d3eeed990f7138399b26f3024037939e48d5eb89866d5bdd875af8d7,3e8af15c2120cedd72f05b7b33402c6efb6bc20946872df2b2c8592affe4e91b,10000,0.5696213523887566,persisted_reference_ecdf,True,True,False,0.4715389193531316,0.46837061236319355,0.47184322537695794,0.4696867284208908,0.5234787717892044,0.47701817774966654,0.4774661662878774,0.48119838474583065,0.4791693922824093,0.480478204395619,244b73db4e0e789ff7c64c580755ae1a14f04840de2ab0446cd422ce5ad91d76,design_005_roster_1.25_capacity_0.7_zip_0.2,0.7,0.2,30,22,8,0.474600912917252,0.0,0.24095995704476686,True,unconstrained_latent_information_upper_bound,1.25
F,positive ZIP-continuity benefit,0,P5,threshold_soft_zip_bonus,0.75,200,600,411,0.31499999999999995,46.571305531671534,0.4662791039186372,0.465550912917252,0.7155608699620188,0.16,0.0,0.8321167883211679,0.6571100062419816,0.3065287915652879,0.3065287915652879,0.0,0.9666666666666667,17.5,0.26277372262773724,0.06698158312947433,0.20765300576826962,0.09735049421057973,0.08391352024185261,0.043307316109572724,0.2562509024849968,5bd9b6abce1edf0f4195648a0c06e9cdb0e30f96aef86f0ae1f1e7b4e338b6a3,33c9831869eec2e6,06ea77fdc445fd5dce574dce221b607006d8db00ccc8962da2dc7f7570f7c6c6,True,True,True,True,False,Expanded HHVBP,2025,2027,CY2025,True,public_only_semi_synthetic_capacity_pilot_not_outcome_validated,9237e030d3eeed990f7138399b26f3024037939e48d5eb89866d5bdd875af8d7,3e8af15c2120cedd72f05b7b33402c6efb6bc20946872df2b2c8592affe4e91b,10000,0.5696213523887566,persisted_reference_ecdf,True,True,False,0.4624889193531316,0.45932061236319355,0.4627932253769579,0.4606367284208907,0.5325287717892044,0.46796817774966654,0.4684161662878774,0.47214838474583076,0.4701193922824092,0.47142820439561905,244b73db4e0e789ff7c64c580755ae1a14f04840de2ab0446cd422ce5ad91d76,design_005_roster_1.25_capacity_0.7_zip_0.2,0.7,0.2,30,22,8,0.474600912917252,0.009050000000000002,0.25000995704476686,True,unconstrained_latent_information_upper_bound,1.25
F,positive ZIP-continuity benefit,0,P6,capacity_constrained_greedy_optimization,0.75,200,600,411,0.31499999999999995,45.71160597798118,0.4576418113776964,0.45703459054994205,0.7155608699620188,0.16,0.0,0.9927007299270073,0.6571100062419816,0.3065287915652879,0.3065287915652879,0.0,0.9666666666666667,9.397810218978103,0.26277372262773724,0.15796301968369247,0.35560267416080704,0.23024129226339152,0.0453130550606512,0.13757669499883168,0.650697148539335,5a4b6cde64e2ea8e1cfe7d2a764285a97d2becef0062492b87ea1ffc99750b0e,0e742f3044feb68f,06ea77fdc445fd5dce574dce221b607006d8db00ccc8962da2dc7f7570f7c6c6,True,True,True,True,False,Expanded HHVBP,2025,2027,CY2025,True,public_only_semi_synthetic_capacity_pilot_not_outcome_validated,9237e030d3eeed990f7138399b26f3024037939e48d5eb89866d5bdd875af8d7,3e8af15c2120cedd72f05b7b33402c6efb6bc20946872df2b2c8592affe4e91b,10000,0.5696213523887566,persisted_reference_ecdf,True,True,False,0.4541126689859976,0.4505293653549298,0.45357068842743087,0.45256416680289285,0.5411442318087774,0.4590725902980028,0.4601463190351388,0.46337301069466796,0.46128259525425097,0.4629109407324298,244b73db4e0e789ff7c64c580755ae1a14f04840de2ab0446cd422ce5ad91d76,design_005_roster_1.25_capacity_0.7_zip_0.2,0.7,0.2,30,22,8,0.474600912917252,0.017566322367309928,0.2585262794120768,True,unconstrained_latent_information_upper_bound,1.25
G,sparse ZIP coverage,0,P4,threshold_hard_zip_sponsor_policy,0.25,200,600,411,0.31499999999999995,42.631305531671536,0.4268791039186373,0.426150912917252,0.6493610525759121,0.675,0.02564102564102564,0.5523114355231143,0.6571100062419816,0.3065287915652879,0.3065287915652879,0.0,0.9666666666666667,15.894160583941606,0.26277372262773724,0.05889228059689383,0.17244623929285802,0.08629902121062272,0.07724598373549546,0.042429896014701596,0.27358694225373104,5dcdb364bc4600ea9f4e80583bc8606b8f6c8471cb0eb3cee795174ee9d8eec2,3ab7cfb307bc3fc4,51aa78f2b4b40f6316e449ca27ca8ac56a0f8ef09decdc8e2015b542a33d7393,True,True,True,True,True,Expanded HHVBP,2025,2027,CY2025,True,public_only_semi_synthetic_capacity_pilot_not_outcome_validated,9237e030d3eeed990f7138399b26f3024037939e48d5eb89866d5bdd875af8d7,3e8af15c2120cedd72f05b7b33402c6efb6bc20946872df2b2c8592affe4e91b,10000,0.33454808638309824,persisted_reference_ecdf,True,True,False,0.42308891935313164,0.41992061236319356,0.42339322537695795,0.42123672842089077,0.5719287717892043,0.4285681777496666,0.42901616628787753,0.43274838474583077,0.43071939228240924,0.43202820439561906,244b73db4e0e789ff7c64c580755ae1a14f04840de2ab0446cd422ce5ad91d76,design_005_roster_1.25_capacity_0.7_zip_0.2,0.7,0.2,30,22,8,0.426150912917252,0.0,0.22321013965866016,True,unconstrained_latent_information_upper_bound,1.25
G,sparse ZIP coverage,0,P5,threshold_soft_zip_bonus,0.25,200,600,411,0.31499999999999995,42.10505553167154,0.42161660391863726,0.420888412917252,0.6493610525759121,0.675,0.0,0.32116788321167883,0.6571100062419816,0.3065287915652879,0.3065287915652879,0.0,0.9666666666666667,17.39051094890511,0.26277372262773724,0.060735992918709514,0.17851879409030336,0.08315048865332497,0.07505484031183801,0.036083586018098135,0.24363391073350943,a79252737afae33d9f974504eb3a97aefabf118e00d8e91d7c133d9cdff7ae6b,9ee340bbc6c501de,51aa78f2b4b40f6316e449ca27ca8ac56a0f8ef09decdc8e2015b542a33d7393,True,True,True,True,False,Expanded HHVBP,2025,2027,CY2025,True,public_only_semi_synthetic_capacity_pilot_not_outcome_validated,9237e030d3eeed990f7138399b26f3024037939e48d5eb89866d5bdd875af8d7,3e8af15c2120cedd72f05b7b33402c6efb6bc20946872df2b2c8592affe4e91b,10000,0.33454808638309824,persisted_reference_ecdf,True,True,False,0.4178264193531316,0.4146581123631936,0.41813072537695795,0.41597422842089077,0.5771912717892044,0.4233056777496666,0.4237536662878775,0.4274858847458307,0.4254568922824093,0.42676570439561906,244b73db4e0e789ff7c64c580755ae1a14f04840de2ab0446cd422ce5ad91d76,design_005_roster_1.25_capacity_0.7_zip_0.2,0.7,0.2,30,22,8,0.426150912917252,0.005262500000000003,0.22847263965866016,True,unconstrained_latent_information_upper_bound,1.25
G,sparse ZIP coverage,0,P6,capacity_constrained_greedy_optimization,0.25,200,600,411,0.31499999999999995,41.38035597798118,0.41432931137769646,0.4137220905499421,0.6493610525759121,0.675,0.0,0.8905109489051095,0.6571100062419816,0.3065287915652879,0.3065287915652879,0.0,0.9666666666666667,10.602189781021897,0.26277372262773724,0.1410970372006492,0.32361184140235755,0.20999513483088506,0.039642153706635985,0.1225994706296889,0.5913632064073224,e6ec542141416d9b871c777be0f9f9e1c08bb0d8d9ec015755bc3b773b1e65e1,d0e35771987d010e,51aa78f2b4b40f6316e449ca27ca8ac56a0f8ef09decdc8e2015b542a33d7393,True,True,True,True,False,Expanded HHVBP,2025,2027,CY2025,True,public_only_semi_synthetic_capacity_pilot_not_outcome_validated,9237e030d3eeed990f7138399b26f3024037939e48d5eb89866d5bdd875af8d7,3e8af15c2120cedd72f05b7b33402c6efb6bc20946872df2b2c8592affe4e91b,10000,0.33454808638309824,persisted_reference_ecdf,True,True,False,0.4108001689859977,0.4072168653549298,0.41025818842743095,0.4092516668028928,0.5844567318087773,0.4157600902980028,0.4168338190351389,0.420060510694668,0.41797009525425105,0.41959844073242986,244b73db4e0e789ff7c64c580755ae1a14f04840de2ab0446cd422ce5ad91d76,design_005_roster_1.25_capacity_0.7_zip_0.2,0.7,0.2,30,22,8,0.426150912917252,0.01242882236730991,0.23563896202597007,True,unconstrained_latent_information_upper_bound,1.25
G,sparse ZIP coverage,0,P4,threshold_hard_zip_sponsor_policy,0.75,200,600,411,0.31499999999999995,43.15755553167154,0.43214160391863726,0.43141341291725194,0.6493610525759121,0.16,0.07539682539682539,0.7907542579075426,0.6571100062419816,0.3065287915652879,0.3065287915652879,0.0,0.9666666666666667,14.835766423357665,0.26277372262773724,0.057502556107303315,0.17677184730088197,0.07888543488120808,0.07966602815171037,0.04487550796223505,0.2672176236687658,9fb01e93660482cf993ea15b06eb59749a5b78291f675a2c741fa8490bb54b4e,15c60f2228a53d2d,51aa78f2b4b40f6316e449ca27ca8ac56a0f8ef09decdc8e2015b542a33d7393,True,True,True,True,True,Expanded HHVBP,2025,2027,CY2025,True,public_only_semi_synthetic_capacity_pilot_not_outcome_validated,9237e030d3eeed990f7138399b26f3024037939e48d5eb89866d5bdd875af8d7,3e8af15c2120cedd72f05b7b33402c6efb6bc20946872df2b2c8592affe4e91b,10000,0.5696213523887566,persisted_reference_ecdf,True,True,False,0.42835141935313165,0.4251831123631936,0.42865572537695795,0.4264992284208908,0.5666662717892045,0.43383067774966655,0.4342786662878774,0.4380108847458307,0.43598189228240924,0.43729070439561907,244b73db4e0e789ff7c64c580755ae1a14f04840de2ab0446cd422ce5ad91d76,design_005_roster_1.25_capacity_0.7_zip_0.2,0.7,0.2,30,22,8,0.43141341291725194,0.0,0.2179476396586602,True,unconstrained_latent_information_upper_bound,1.25
G,sparse ZIP coverage,0,P5,threshold_soft_zip_bonus,0.75,200,600,411,0.31499999999999995,42.04880553167153,0.4210541039186373,0.42032591291725196,0.6493610525759121,0.16,0.0,0.29683698296836986,0.6571100062419816,0.3065287915652879,0.3065287915652879,0.0,0.9666666666666667,17.572992700729927,0.26277372262773724,0.06309379255828695,0.17830421077411085,0.08305002939804851,0.07739369934262663,0.03682872378813917,0.24234313910373112,46d779183da76e6da0939230441f379e1799495bc42f26a27014518ba8fe6ad7,b9bb7fc012ced5a3,51aa78f2b4b40f6316e449ca27ca8ac56a0f8ef09decdc8e2015b542a33d7393,True,True,True,True,False,Expanded HHVBP,2025,2027,CY2025,True,public_only_semi_synthetic_capacity_pilot_not_outcome_validated,9237e030d3eeed990f7138399b26f3024037939e48d5eb89866d5bdd875af8d7,3e8af15c2120cedd72f05b7b33402c6efb6bc20946872df2b2c8592affe4e91b,10000,0.5696213523887566,persisted_reference_ecdf,True,True,False,0.4172639193531316,0.4140956123631936,0.417568225376958,0.4154117284208908,0.5777537717892044,0.4227431777496666,0.42319116628787745,0.42692338474583075,0.4248943922824092,0.4262032043956191,244b73db4e0e789ff7c64c580755ae1a14f04840de2ab0446cd422ce5ad91d76,design_005_roster_1.25_capacity_0.7_zip_0.2,0.7,0.2,30,22,8,0.43141341291725194,0.011087499999999972,0.22903513965866018,True,unconstrained_latent_information_upper_bound,1.25
G,sparse ZIP coverage,0,P6,capacity_constrained_greedy_optimization,0.75,200,600,411,0.31499999999999995,41.37285597798118,0.41425431137769647,0.41364709054994203,0.6493610525759121,0.16,0.0,0.8905109489051095,0.6571100062419816,0.3065287915652879,0.3065287915652879,0.0,0.9666666666666667,10.821167883211679,0.26277372262773724,0.14077092691389942,0.32361184140235755,0.21002753737358282,0.040092726694161585,0.12295787298832872,0.5913081871145743,f208e17a8224b5db01d98c888ec4c7789353b735733db461eab58b15a092b34f,f701ebbcf05624f7,51aa78f2b4b40f6316e449ca27ca8ac56a0f8ef09decdc8e2015b542a33d7393,True,True,True,True,False,Expanded HHVBP,2025,2027,CY2025,True,public_only_semi_synthetic_capacity_pilot_not_outcome_validated,9237e030d3eeed990f7138399b26f3024037939e48d5eb89866d5bdd875af8d7,3e8af15c2120cedd72f05b7b33402c6efb6bc20946872df2b2c8592affe4e91b,10000,0.5696213523887566,persisted_reference_ecdf,True,True,False,0.4107251689859977,0.40714186535492974,0.41018318842743096,0.40917666680289283,0.5845317318087773,0.4156850902980028,0.4167588190351389,0.419985510694668,0.41789509525425106,0.4195234407324298,244b73db4e0e789ff7c64c580755ae1a14f04840de2ab0446cd422ce5ad91d76,design_005_roster_1.25_capacity_0.7_zip_0.2,0.7,0.2,30,22,8,0.43141341291725194,0.017766322367309906,0.23571396202597011,True,unconstrained_latent_information_upper_bound,1.25
H,clinician capacity shortage,0,P4,threshold_hard_zip_sponsor_policy,0.25,200,600,278,0.5366666666666666,30.522290308861354,0.3057922062177878,0.304173706704023,0.6555608699620188,0.675,0.005128205128205128,0.8992805755395683,0.660500615512183,0.3063549160671464,0.3063549160671464,0.0,0.9666666666666667,17.284172661870503,0.25539568345323743,0.0607798953157469,0.15431454945008719,0.04682049971628188,0.010221498185983113,0.10836513634388523,0.226952377313685,4e9a5bf368e3560d10eddadc52df3720c558ccf9537ebda0171730f300405e59,3272b72dbbf8a83f,3e8666f04a5307bff1643ec58c58b662925f23dcdfeb1c1ac42bfbc822f0a480,True,True,True,True,True,Expanded HHVBP,2025,2027,CY2025,True,public_only_semi_synthetic_capacity_pilot_not_outcome_validated,9237e030d3eeed990f7138399b26f3024037939e48d5eb89866d5bdd875af8d7,3e8af15c2120cedd72f05b7b33402c6efb6bc20946872df2b2c8592affe4e91b,10000,0.33454808638309824,persisted_reference_ecdf,True,True,False,0.3024199117581803,0.29879822217069596,0.3021429781159137,0.30108366647263646,0.6934400381293042,0.30757855226512293,0.30769500326890137,0.31133180790794523,0.3094146713361333,0.31089728701165315,244b73db4e0e789ff7c64c580755ae1a14f04840de2ab0446cd422ce5ad91d76,design_005_roster_1.25_capacity_0.7_zip_0.2,0.7,0.2,30,22,8,0.304173706704023,0.0,0.3513871632579958,True,unconstrained_latent_information_upper_bound,1.25
H,clinician capacity shortage,0,P5,threshold_soft_zip_bonus,0.25,200,600,278,0.5366666666666666,30.431040308861363,0.30487970621778776,0.303261206704023,0.6555608699620188,0.675,0.0,0.8345323741007195,0.660500615512183,0.3063549160671464,0.3063549160671464,0.0,0.9666666666666667,17.33812949640288,0.25539568345323743,0.06076760752462024,0.14937899440127805,0.04283819711301995,0.011940899802347693,0.10154709644369847,0.21698381626977128,99a2067a929f48f62f8e5da76e116bb620f97803889fa32426c8cedffc32bf1e,9fa72f8e7490d3c8,3e8666f04a5307bff1643ec58c58b662925f23dcdfeb1c1ac42bfbc822f0a480,True,True,True,True,False,Expanded HHVBP,2025,2027,CY2025,True,public_only_semi_synthetic_capacity_pilot_not_outcome_validated,9237e030d3eeed990f7138399b26f3024037939e48d5eb89866d5bdd875af8d7,3e8af15c2120cedd72f05b7b33402c6efb6bc20946872df2b2c8592affe4e91b,10000,0.33454808638309824,persisted_reference_ecdf,True,True,False,0.3015074117581803,0.297885722170696,0.3012304781159137,0.3001711664726364,0.6943525381293043,0.30666605226512295,0.3067825032689014,0.3104193079079453,0.3085021713361334,0.3099847870116531,244b73db4e0e789ff7c64c580755ae1a14f04840de2ab0446cd422ce5ad91d76,design_005_roster_1.25_capacity_0.7_zip_0.2,0.7,0.2,30,22,8,0.304173706704023,0.0009124999999999828,0.3522996632579958,True,unconstrained_latent_information_upper_bound,1.25
H,clinician capacity shortage,0,P6,capacity_constrained_greedy_optimization,0.25,200,600,278,0.5366666666666666,28.045879121728095,0.2809699025626289,0.2794094146122902,0.6555608699620188,0.675,0.0,0.9928057553956835,0.660500615512183,0.3063549160671464,0.3063549160671464,0.0,0.9666666666666667,9.892086330935252,0.25539568345323743,0.23607635195371024,0.18932505737382463,0.10324464872637057,0.01909859324014712,0.0630993229201185,0.5507014524590017,99ca98515f708c75f28f0f19186f951f1e173db10536a9697eb2dcd500523118,6053c8fa6f85a3f4,3e8666f04a5307bff1643ec58c58b662925f23dcdfeb1c1ac42bfbc822f0a480,True,True,True,True,False,Expanded HHVBP,2025,2027,CY2025,True,public_only_semi_synthetic_capacity_pilot_not_outcome_validated,9237e030d3eeed990f7138399b26f3024037939e48d5eb89866d5bdd875af8d7,3e8af15c2120cedd72f05b7b33402c6efb6bc20946872df2b2c8592affe4e91b,10000,0.33454808638309824,persisted_reference_ecdf,True,True,False,0.2773289764547363,0.2743238232293579,0.2774436037663479,0.27599003117017423,0.7177610803602756,0.28240767206282036,0.2834908042004592,0.28617040069346966,0.2842808493917773,0.2860239450174215,244b73db4e0e789ff7c64c580755ae1a14f04840de2ab0446cd422ce5ad91d76,design_005_roster_1.25_capacity_0.7_zip_0.2,0.7,0.2,30,22,8,0.304173706704023,0.02476429209173281,0.3761514553497286,True,unconstrained_latent_information_upper_bound,1.25
H,clinician capacity shortage,0,P4,threshold_hard_zip_sponsor_policy,0.75,200,600,278,0.5366666666666666,30.652290308861357,0.30709220621778777,0.305473706704023,0.6555608699620188,0.16,0.0,0.9892086330935251,0.660500615512183,0.3063549160671464,0.3063549160671464,0.0,0.9666666666666667,17.068345323741006,0.25539568345323743,0.05899417443577698,0.15271646736933986,0.045025245131107006,0.012060930946489024,0.10530451317947898,0.2261730689614834,1a2bdb76c1ce98f4da9f490e347bc16f0e025d16f7ae97ce0bbd6046cfd6debe,9354fd548ee68f57,3e8666f04a5307bff1643ec58c58b662925f23dcdfeb1c1ac42bfbc822f0a480,True,True,True,True,True,Expanded HHVBP,2025,2027,CY2025,True,public_only_semi_synthetic_capacity_pilot_not_outcome_validated,9237e030d3eeed990f7138399b26f3024037939e48d5eb89866d5bdd875af8d7,3e8af15c2120cedd72f05b7b33402c6efb6bc20946872df2b2c8592affe4e91b,10000,0.5696213523887566,persisted_reference_ecdf,True,True,False,0.3037199117581803,0.300098222170696,0.30344297811591364,0.3023836664726365,0.6921400381293042,0.3088785522651229,0.30899500326890134,0.3126318079079453,0.3107146713361334,0.3121972870116531,244b73db4e0e789ff7c64c580755ae1a14f04840de2ab0446cd422ce5ad91d76,design_005_roster_1.25_capacity_0.7_zip_0.2,0.7,0.2,30,22,8,0.305473706704023,0.0,0.35008716325799577,True,unconstrained_latent_information_upper_bound,1.25
H,clinician capacity shortage,0,P5,threshold_soft_zip_bonus,0.75,200,600,278,0.5366666666666666,30.428540308861358,0.30485470621778776,0.30323620670402296,0.6555608699620188,0.16,0.0,0.8345323741007195,0.660500615512183,0.3063549160671464,0.3063549160671464,0.0,0.9666666666666667,17.446043165467625,0.25539568345323743,0.060797858810343997,0.14882389040555838,0.042383008997216864,0.011501928896208602,0.10177672980514119,0.21521028707521964,03f76717b3cdf963a75042faaabdb50fb12b8f533dbc8460f2488b4bb0d747c0,f9a9c735c7d69dc5,3e8666f04a5307bff1643ec58c58b662925f23dcdfeb1c1ac42bfbc822f0a480,True,True,True,True,False,Expanded HHVBP,2025,2027,CY2025,True,public_only_semi_synthetic_capacity_pilot_not_outcome_validated,9237e030d3eeed990f7138399b26f3024037939e48d5eb89866d5bdd875af8d7,3e8af15c2120cedd72f05b7b33402c6efb6bc20946872df2b2c8592affe4e91b,10000,0.5696213523887566,persisted_reference_ecdf,True,True,False,0.30148241175818036,0.297860722170696,0.30120547811591364,0.3001461664726365,0.6943775381293043,0.3066410522651229,0.3067575032689014,0.3103943079079453,0.3084771713361333,0.3099597870116531,244b73db4e0e789ff7c64c580755ae1a14f04840de2ab0446cd422ce5ad91d76,design_005_roster_1.25_capacity_0.7_zip_0.2,0.7,0.2,30,22,8,0.305473706704023,0.002237500000000059,0.35232466325799583,True,unconstrained_latent_information_upper_bound,1.25
H,clinician capacity shortage,0,P6,capacity_constrained_greedy_optimization,0.75,200,600,278,0.5366666666666666,28.045879121728095,0.2809699025626289,0.2794094146122902,0.6555608699620188,0.16,0.0,0.9928057553956835,0.660500615512183,0.3063549160671464,0.3063549160671464,0.0,0.9666666666666667,9.892086330935252,0.25539568345323743,0.23607635195371024,0.18932505737382463,0.10324464872637057,0.01909859324014712,0.0630993229201185,0.5507014524590017,7b2b3f6a45a613f7da61b7f01dbcfe46a3153c4232f3c89290c597f93ce4f416,1f787505eb53fbb0,3e8666f04a5307bff1643ec58c58b662925f23dcdfeb1c1ac42bfbc822f0a480,True,True,True,True,False,Expanded HHVBP,2025,2027,CY2025,True,public_only_semi_synthetic_capacity_pilot_not_outcome_validated,9237e030d3eeed990f7138399b26f3024037939e48d5eb89866d5bdd875af8d7,3e8af15c2120cedd72f05b7b33402c6efb6bc20946872df2b2c8592affe4e91b,10000,0.5696213523887566,persisted_reference_ecdf,True,True,False,0.2773289764547363,0.2743238232293579,0.2774436037663479,0.27599003117017423,0.7177610803602756,0.28240767206282036,0.2834908042004592,0.28617040069346966,0.2842808493917773,0.2860239450174215,244b73db4e0e789ff7c64c580755ae1a14f04840de2ab0446cd422ce5ad91d76,design_005_roster_1.25_capacity_0.7_zip_0.2,0.7,0.2,30,22,8,0.305473706704023,0.026064292091732832,0.3761514553497286,True,unconstrained_latent_information_upper_bound,1.25
F,positive ZIP-continuity benefit,0,P4,threshold_hard_zip_sponsor_policy,0.25,200,600,411,0.31499999999999995,44.967555531671536,0.45024160391863727,0.44951341291725194,0.7087152979464306,0.675,0.020512820512820513,0.559610705596107,0.6571100062419816,0.3065287915652879,0.3065287915652879,0.0,0.9666666666666667,15.273722627737227,0.26277372262773724,0.061616436258065954,0.17885526131337642,0.09950419390569198,0.08046527602107068,0.04452185784385987,0.3168843313440525,cba4cdf93bd93c39c214c61bc35e5e4b10db5fd0db405f6413bfb7f75c93b81e,0c508db2effd9870,ad3e7e5ceb9abeea17e8397a2cbab60f3787b688e431c83382cd52fd705d53a0,True,True,True,True,True,Expanded HHVBP,2025,2027,CY2025,True,public_only_semi_synthetic_capacity_pilot_not_outcome_validated,9237e030d3eeed990f7138399b26f3024037939e48d5eb89866d5bdd875af8d7,3e8af15c2120cedd72f05b7b33402c6efb6bc20946872df2b2c8592affe4e91b,10000,0.33454808638309824,persisted_reference_ecdf,True,True,False,0.4464514193531316,0.44328311236319357,0.44675572537695796,0.4445992284208907,0.5485662717892045,0.45193067774966655,0.45237866628787743,0.45611088474583067,0.4540818922824093,0.4553907043956191,d515687e72d70da616b412c6cb5561ca0e4afbbac37e45efda7b254716ddf95b,design_006_roster_1.25_capacity_0.7_zip_0.8,0.7,0.8,30,22,8,0.4504595905499419,0.0009461776326899485,0.2592018850291787,True,unconstrained_latent_information_upper_bound,1.25
F,positive ZIP-continuity benefit,0,P5,threshold_soft_zip_bonus,0.25,200,600,411,0.31499999999999995,43.35505553167153,0.43411660391863727,0.43338841291725205,0.7087152979464306,0.675,0.0,0.31143552311435524,0.6571100062419816,0.3065287915652879,0.3065287915652879,0.0,0.9666666666666667,17.682481751824817,0.26277372262773724,0.06523132746839028,0.1878780348769276,0.08329483407013039,0.0788556257983582,0.03553916766005483,0.244316322545009,4bc641f36e6a3358180e441f304a5fa3c67689c3f5f2e7987dc27bfc0817a2b9,eab876655a9915fe,ad3e7e5ceb9abeea17e8397a2cbab60f3787b688e431c83382cd52fd705d53a0,True,True,True,True,False,Expanded HHVBP,2025,2027,CY2025,True,public_only_semi_synthetic_capacity_pilot_not_outcome_validated,9237e030d3eeed990f7138399b26f3024037939e48d5eb89866d5bdd875af8d7,3e8af15c2120cedd72f05b7b33402c6efb6bc20946872df2b2c8592affe4e91b,10000,0.33454808638309824,persisted_reference_ecdf,True,True,False,0.43032641935313154,0.42715811236319357,0.43063072537695796,0.4284742284208908,0.5646912717892044,0.43580567774966655,0.4362536662878775,0.4399858847458307,0.43795689228240925,0.439265704395619,d515687e72d70da616b412c6cb5561ca0e4afbbac37e45efda7b254716ddf95b,design_006_roster_1.25_capacity_0.7_zip_0.8,0.7,0.8,30,22,8,0.4504595905499419,0.017071177632689838,0.27532688502917857,True,unconstrained_latent_information_upper_bound,1.25
F,positive ZIP-continuity benefit,0,P6,capacity_constrained_greedy_optimization,0.25,200,600,411,0.31499999999999995,45.05410597798118,0.4510668113776964,0.4504595905499419,0.7087152979464306,0.675,0.0,0.8929440389294404,0.6571100062419816,0.3065287915652879,0.3065287915652879,0.0,0.9666666666666667,10.638686131386862,0.26277372262773724,0.1608739217736243,0.3577331769233611,0.2338275230567644,0.04063945407425251,0.13513321976210585,0.6381865573474252,660ab119c6267d0f7a7608fab8654cc4cd5f69958c1acf82249f953a436f7f8a,a09f61938a2c9dcf,ad3e7e5ceb9abeea17e8397a2cbab60f3787b688e431c83382cd52fd705d53a0,True,True,True,True,False,Expanded HHVBP,2025,2027,CY2025,True,public_only_semi_synthetic_capacity_pilot_not_outcome_validated,9237e030d3eeed990f7138399b26f3024037939e48d5eb89866d5bdd875af8d7,3e8af15c2120cedd72f05b7b33402c6efb6bc20946872df2b2c8592affe4e91b,10000,0.33454808638309824,persisted_reference_ecdf,True,True,False,0.4475376689859976,0.4439543653549297,0.4469956884274309,0.4459891668028928,0.5477192318087772,0.4524975902980028,0.45357131903513886,0.4567980106946681,0.454707595254251,0.4563359407324298,d515687e72d70da616b412c6cb5561ca0e4afbbac37e45efda7b254716ddf95b,design_006_roster_1.25_capacity_0.7_zip_0.8,0.7,0.8,30,22,8,0.4504595905499419,0.0,0.25825570739648873,True,unconstrained_latent_information_upper_bound,1.25
F,positive ZIP-continuity benefit,0,P4,threshold_hard_zip_sponsor_policy,0.75,200,600,411,0.31499999999999995,46.406305531671535,0.46462910391863727,0.46390091291725205,0.7087152979464306,0.16,0.07341269841269842,0.7883211678832117,0.6571100062419816,0.3065287915652879,0.3065287915652879,0.0,0.9666666666666667,14.434306569343066,0.26277372262773724,0.05638719514861401,0.19028967826729004,0.08191754107298033,0.0894319147057866,0.04870502338814586,0.28876512439930413,33e3467fed8822c5612c6060805a028b3703b80d023ec73425198dec691c363c,992a4d945110619a,ad3e7e5ceb9abeea17e8397a2cbab60f3787b688e431c83382cd52fd705d53a0,True,True,True,True,True,Expanded HHVBP,2025,2027,CY2025,True,public_only_semi_synthetic_capacity_pilot_not_outcome_validated,9237e030d3eeed990f7138399b26f3024037939e48d5eb89866d5bdd875af8d7,3e8af15c2120cedd72f05b7b33402c6efb6bc20946872df2b2c8592affe4e91b,10000,0.5696213523887566,persisted_reference_ecdf,True,True,False,0.46083891935313165,0.45767061236319356,0.46114322537695784,0.4589867284208907,0.5341787717892045,0.46631817774966655,0.4667661662878775,0.4704983847458307,0.4684693922824092,0.46977820439561907,d515687e72d70da616b412c6cb5561ca0e4afbbac37e45efda7b254716ddf95b,design_006_roster_1.25_capacity_0.7_zip_0.8,0.7,0.8,30,22,8,0.46390091291725205,0.0,0.24481438502917857,True,unconstrained_latent_information_upper_bound,1.25
F,positive ZIP-continuity benefit,0,P5,threshold_soft_zip_bonus,0.75,200,600,411,0.31499999999999995,43.030055531671536,0.43086660391863724,0.43013841291725197,0.7087152979464306,0.16,0.0,0.25790754257907544,0.6571100062419816,0.3065287915652879,0.3065287915652879,0.0,0.9666666666666667,17.536496350364963,0.26277372262773724,0.06493071608469325,0.18091082289725252,0.08767611955625848,0.07987630882839009,0.03397143787370471,0.22975283264493573,51118c1a9b92926c1d3ac198283d05263846b0e63524cf9790c71b7732e76f97,d73df95ed3c4ae73,ad3e7e5ceb9abeea17e8397a2cbab60f3787b688e431c83382cd52fd705d53a0,True,True,True,True,False,Expanded HHVBP,2025,2027,CY2025,True,public_only_semi_synthetic_capacity_pilot_not_outcome_validated,9237e030d3eeed990f7138399b26f3024037939e48d5eb89866d5bdd875af8d7,3e8af15c2120cedd72f05b7b33402c6efb6bc20946872df2b2c8592affe4e91b,10000,0.5696213523887566,persisted_reference_ecdf,True,True,False,0.42707641935313156,0.42390811236319365,0.4273807253769579,0.42522422842089075,0.5679412717892044,0.4325556777496665,0.4330036662878775,0.43673588474583064,0.4347068922824093,0.43601570439561904,d515687e72d70da616b412c6cb5561ca0e4afbbac37e45efda7b254716ddf95b,design_006_roster_1.25_capacity_0.7_zip_0.8,0.7,0.8,30,22,8,0.46390091291725205,0.033762500000000084,0.27857688502917866,True,unconstrained_latent_information_upper_bound,1.25
F,positive ZIP-continuity benefit,0,P6,capacity_constrained_greedy_optimization,0.75,200,600,411,0.31499999999999995,45.05410597798118,0.4510668113776964,0.4504595905499419,0.7087152979464306,0.16,0.0,0.8929440389294404,0.6571100062419816,0.3065287915652879,0.3065287915652879,0.0,0.9666666666666667,10.638686131386862,0.26277372262773724,0.1608739217736243,0.3577331769233611,0.2338275230567644,0.04063945407425251,0.13513321976210585,0.6381865573474252,0a365747178812be4922d4557c2fe38887e27f217c3fd5c2b967767bb62c21b1,aca90de6539622e1,ad3e7e5ceb9abeea17e8397a2cbab60f3787b688e431c83382cd52fd705d53a0,True,True,True,True,False,Expanded HHVBP,2025,2027,CY2025,True,public_only_semi_synthetic_capacity_pilot_not_outcome_validated,9237e030d3eeed990f7138399b26f3024037939e48d5eb89866d5bdd875af8d7,3e8af15c2120cedd72f05b7b33402c6efb6bc20946872df2b2c8592affe4e91b,10000,0.5696213523887566,persisted_reference_ecdf,True,True,False,0.4475376689859976,0.4439543653549297,0.4469956884274309,0.4459891668028928,0.5477192318087772,0.4524975902980028,0.45357131903513886,0.4567980106946681,0.454707595254251,0.4563359407324298,d515687e72d70da616b412c6cb5561ca0e4afbbac37e45efda7b254716ddf95b,design_006_roster_1.25_capacity_0.7_zip_0.8,0.7,0.8,30,22,8,0.46390091291725205,0.01344132236731016,0.25825570739648873,True,unconstrained_latent_information_upper_bound,1.25
G,sparse ZIP coverage,0,P4,threshold_hard_zip_sponsor_policy,0.25,200,600,411,0.31499999999999995,42.631305531671536,0.4268791039186373,0.426150912917252,0.6493610525759121,0.675,0.02564102564102564,0.5523114355231143,0.6571100062419816,0.3065287915652879,0.3065287915652879,0.0,0.9666666666666667,15.894160583941606,0.26277372262773724,0.05889228059689383,0.17244623929285802,0.08629902121062272,0.07724598373549546,0.042429896014701596,0.27358694225373104,5dcdb364bc4600ea9f4e80583bc8606b8f6c8471cb0eb3cee795174ee9d8eec2,ecc4c7e7a96ae500,da57caf4520f300b12e984c283eee5465aecb90ae6843254726f0ff717c1e37d,True,True,True,True,True,Expanded HHVBP,2025,2027,CY2025,True,public_only_semi_synthetic_capacity_pilot_not_outcome_validated,9237e030d3eeed990f7138399b26f3024037939e48d5eb89866d5bdd875af8d7,3e8af15c2120cedd72f05b7b33402c6efb6bc20946872df2b2c8592affe4e91b,10000,0.33454808638309824,persisted_reference_ecdf,True,True,False,0.42308891935313164,0.41992061236319356,0.42339322537695795,0.42123672842089077,0.5719287717892043,0.4285681777496666,0.42901616628787753,0.43274838474583077,0.43071939228240924,0.43202820439561906,d515687e72d70da616b412c6cb5561ca0e4afbbac37e45efda7b254716ddf95b,design_006_roster_1.25_capacity_0.7_zip_0.8,0.7,0.8,30,22,8,0.426150912917252,0.0,0.22321013965866016,True,unconstrained_latent_information_upper_bound,1.25
G,sparse ZIP coverage,0,P5,threshold_soft_zip_bonus,0.25,200,600,411,0.31499999999999995,42.10505553167154,0.42161660391863726,0.420888412917252,0.6493610525759121,0.675,0.0,0.32116788321167883,0.6571100062419816,0.3065287915652879,0.3065287915652879,0.0,0.9666666666666667,17.39051094890511,0.26277372262773724,0.060735992918709514,0.17851879409030336,0.08315048865332497,0.07505484031183801,0.036083586018098135,0.24363391073350943,a79252737afae33d9f974504eb3a97aefabf118e00d8e91d7c133d9cdff7ae6b,0c2a79f0b2e28f80,da57caf4520f300b12e984c283eee5465aecb90ae6843254726f0ff717c1e37d,True,True,True,True,False,Expanded HHVBP,2025,2027,CY2025,True,public_only_semi_synthetic_capacity_pilot_not_outcome_validated,9237e030d3eeed990f7138399b26f3024037939e48d5eb89866d5bdd875af8d7,3e8af15c2120cedd72f05b7b33402c6efb6bc20946872df2b2c8592affe4e91b,10000,0.33454808638309824,persisted_reference_ecdf,True,True,False,0.4178264193531316,0.4146581123631936,0.41813072537695795,0.41597422842089077,0.5771912717892044,0.4233056777496666,0.4237536662878775,0.4274858847458307,0.4254568922824093,0.42676570439561906,d515687e72d70da616b412c6cb5561ca0e4afbbac37e45efda7b254716ddf95b,design_006_roster_1.25_capacity_0.7_zip_0.8,0.7,0.8,30,22,8,0.426150912917252,0.005262500000000003,0.22847263965866016,True,unconstrained_latent_information_upper_bound,1.25
G,sparse ZIP coverage,0,P6,capacity_constrained_greedy_optimization,0.25,200,600,411,0.31499999999999995,41.38035597798118,0.41432931137769646,0.4137220905499421,0.6493610525759121,0.675,0.0,0.8905109489051095,0.6571100062419816,0.3065287915652879,0.3065287915652879,0.0,0.9666666666666667,10.602189781021897,0.26277372262773724,0.1410970372006492,0.32361184140235755,0.20999513483088506,0.039642153706635985,0.1225994706296889,0.5913632064073224,e6ec542141416d9b871c777be0f9f9e1c08bb0d8d9ec015755bc3b773b1e65e1,3a3355bb8caea102,da57caf4520f300b12e984c283eee5465aecb90ae6843254726f0ff717c1e37d,True,True,True,True,False,Expanded HHVBP,2025,2027,CY2025,True,public_only_semi_synthetic_capacity_pilot_not_outcome_validated,9237e030d3eeed990f7138399b26f3024037939e48d5eb89866d5bdd875af8d7,3e8af15c2120cedd72f05b7b33402c6efb6bc20946872df2b2c8592affe4e91b,10000,0.33454808638309824,persisted_reference_ecdf,True,True,False,0.4108001689859977,0.4072168653549298,0.41025818842743095,0.4092516668028928,0.5844567318087773,0.4157600902980028,0.4168338190351389,0.420060510694668,0.41797009525425105,0.41959844073242986,d515687e72d70da616b412c6cb5561ca0e4afbbac37e45efda7b254716ddf95b,design_006_roster_1.25_capacity_0.7_zip_0.8,0.7,0.8,30,22,8,0.426150912917252,0.01242882236730991,0.23563896202597007,True,unconstrained_latent_information_upper_bound,1.25
G,sparse ZIP coverage,0,P4,threshold_hard_zip_sponsor_policy,0.75,200,600,411,0.31499999999999995,43.15755553167154,0.43214160391863726,0.43141341291725194,0.6493610525759121,0.16,0.07539682539682539,0.7907542579075426,0.6571100062419816,0.3065287915652879,0.3065287915652879,0.0,0.9666666666666667,14.835766423357665,0.26277372262773724,0.057502556107303315,0.17677184730088197,0.07888543488120808,0.07966602815171037,0.04487550796223505,0.2672176236687658,9fb01e93660482cf993ea15b06eb59749a5b78291f675a2c741fa8490bb54b4e,47102da96f511e78,da57caf4520f300b12e984c283eee5465aecb90ae6843254726f0ff717c1e37d,True,True,True,True,True,Expanded HHVBP,2025,2027,CY2025,True,public_only_semi_synthetic_capacity_pilot_not_outcome_validated,9237e030d3eeed990f7138399b26f3024037939e48d5eb89866d5bdd875af8d7,3e8af15c2120cedd72f05b7b33402c6efb6bc20946872df2b2c8592affe4e91b,10000,0.5696213523887566,persisted_reference_ecdf,True,True,False,0.42835141935313165,0.4251831123631936,0.42865572537695795,0.4264992284208908,0.5666662717892045,0.43383067774966655,0.4342786662878774,0.4380108847458307,0.43598189228240924,0.43729070439561907,d515687e72d70da616b412c6cb5561ca0e4afbbac37e45efda7b254716ddf95b,design_006_roster_1.25_capacity_0.7_zip_0.8,0.7,0.8,30,22,8,0.43141341291725194,0.0,0.2179476396586602,True,unconstrained_latent_information_upper_bound,1.25
G,sparse ZIP coverage,0,P5,threshold_soft_zip_bonus,0.75,200,600,411,0.31499999999999995,42.04880553167153,0.4210541039186373,0.42032591291725196,0.6493610525759121,0.16,0.0,0.29683698296836986,0.6571100062419816,0.3065287915652879,0.3065287915652879,0.0,0.9666666666666667,17.572992700729927,0.26277372262773724,0.06309379255828695,0.17830421077411085,0.08305002939804851,0.07739369934262663,0.03682872378813917,0.24234313910373112,46d779183da76e6da0939230441f379e1799495bc42f26a27014518ba8fe6ad7,f918211cba67da9e,da57caf4520f300b12e984c283eee5465aecb90ae6843254726f0ff717c1e37d,True,True,True,True,False,Expanded HHVBP,2025,2027,CY2025,True,public_only_semi_synthetic_capacity_pilot_not_outcome_validated,9237e030d3eeed990f7138399b26f3024037939e48d5eb89866d5bdd875af8d7,3e8af15c2120cedd72f05b7b33402c6efb6bc20946872df2b2c8592affe4e91b,10000,0.5696213523887566,persisted_reference_ecdf,True,True,False,0.4172639193531316,0.4140956123631936,0.417568225376958,0.4154117284208908,0.5777537717892044,0.4227431777496666,0.42319116628787745,0.42692338474583075,0.4248943922824092,0.4262032043956191,d515687e72d70da616b412c6cb5561ca0e4afbbac37e45efda7b254716ddf95b,design_006_roster_1.25_capacity_0.7_zip_0.8,0.7,0.8,30,22,8,0.43141341291725194,0.011087499999999972,0.22903513965866018,True,unconstrained_latent_information_upper_bound,1.25
G,sparse ZIP coverage,0,P6,capacity_constrained_greedy_optimization,0.75,200,600,411,0.31499999999999995,41.37285597798118,0.41425431137769647,0.41364709054994203,0.6493610525759121,0.16,0.0,0.8905109489051095,0.6571100062419816,0.3065287915652879,0.3065287915652879,0.0,0.9666666666666667,10.821167883211679,0.26277372262773724,0.14077092691389942,0.32361184140235755,0.21002753737358282,0.040092726694161585,0.12295787298832872,0.5913081871145743,f208e17a8224b5db01d98c888ec4c7789353b735733db461eab58b15a092b34f,21828db1c61fdbd7,da57caf4520f300b12e984c283eee5465aecb90ae6843254726f0ff717c1e37d,True,True,True,True,False,Expanded HHVBP,2025,2027,CY2025,True,public_only_semi_synthetic_capacity_pilot_not_outcome_validated,9237e030d3eeed990f7138399b26f3024037939e48d5eb89866d5bdd875af8d7,3e8af15c2120cedd72f05b7b33402c6efb6bc20946872df2b2c8592affe4e91b,10000,0.5696213523887566,persisted_reference_ecdf,True,True,False,0.4107251689859977,0.40714186535492974,0.41018318842743096,0.40917666680289283,0.5845317318087773,0.4156850902980028,0.4167588190351389,0.419985510694668,0.41789509525425106,0.4195234407324298,d515687e72d70da616b412c6cb5561ca0e4afbbac37e45efda7b254716ddf95b,design_006_roster_1.25_capacity_0.7_zip_0.8,0.7,0.8,30,22,8,0.43141341291725194,0.017766322367309906,0.23571396202597011,True,unconstrained_latent_information_upper_bound,1.25
H,clinician capacity shortage,0,P4,threshold_hard_zip_sponsor_policy,0.25,200,600,278,0.5366666666666666,30.109790308861356,0.3016672062177878,0.300048706704023,0.6491952710351444,0.675,0.03076923076923077,0.5719424460431655,0.660500615512183,0.3063549160671464,0.3063549160671464,0.0,0.9666666666666667,15.449640287769784,0.25539568345323743,0.05655483637944381,0.14844062819130385,0.04719194524523851,0.011601449189051982,0.10477756091736329,0.234933791269912,9f0f5aafd7e4fd51e0032919bc6e955c91739ffbd80e0136d9ad4db16f80b9f2,262380dea21bf18b,c38d6fbfd80ef6872277624a5fe120169b6b5ea35cf85f02375d01584e4eb8d9,True,True,True,True,True,Expanded HHVBP,2025,2027,CY2025,True,public_only_semi_synthetic_capacity_pilot_not_outcome_validated,9237e030d3eeed990f7138399b26f3024037939e48d5eb89866d5bdd875af8d7,3e8af15c2120cedd72f05b7b33402c6efb6bc20946872df2b2c8592affe4e91b,10000,0.33454808638309824,persisted_reference_ecdf,True,True,False,0.2982949117581803,0.2946732221706959,0.2980179781159137,0.29695866647263647,0.6975650381293043,0.30345355226512294,0.3035700032689014,0.30720680790794525,0.3052896713361334,0.3067722870116531,d515687e72d70da616b412c6cb5561ca0e4afbbac37e45efda7b254716ddf95b,design_006_roster_1.25_capacity_0.7_zip_0.8,0.7,0.8,30,22,8,0.300048706704023,0.0,0.3491465643311214,True,unconstrained_latent_information_upper_bound,1.25
H,clinician capacity shortage,0,P5,threshold_soft_zip_bonus,0.25,200,600,278,0.5366666666666666,29.701040308861355,0.2975797062177878,0.2959612067040229,0.6491952710351444,0.675,0.0,0.31654676258992803,0.660500615512183,0.3063549160671464,0.3063549160671464,0.0,0.9666666666666667,17.769784172661872,0.25539568345323743,0.05931250263968396,0.14314952945058243,0.04149566312514463,0.010922467254453727,0.09664676537296624,0.21164864503866665,e8a2fcc9a5c5fbe51694ebbad11285e24b5647d170da7a66c5fb7f256400e2f0,f676864ef7ab89e0,c38d6fbfd80ef6872277624a5fe120169b6b5ea35cf85f02375d01584e4eb8d9,True,True,True,True,False,Expanded HHVBP,2025,2027,CY2025,True,public_only_semi_synthetic_capacity_pilot_not_outcome_validated,9237e030d3eeed990f7138399b26f3024037939e48d5eb89866d5bdd875af8d7,3e8af15c2120cedd72f05b7b33402c6efb6bc20946872df2b2c8592affe4e91b,10000,0.33454808638309824,persisted_reference_ecdf,True,True,False,0.29420741175818027,0.29058572217069595,0.29393047811591366,0.29287116647263645,0.7016525381293044,0.2993660522651229,0.2994825032689013,0.3031193079079452,0.3012021713361333,0.3026847870116531,d515687e72d70da616b412c6cb5561ca0e4afbbac37e45efda7b254716ddf95b,design_006_roster_1.25_capacity_0.7_zip_0.8,0.7,0.8,30,22,8,0.300048706704023,0.004087500000000077,0.3532340643311215,True,unconstrained_latent_information_upper_bound,1.25
H,clinician capacity shortage,0,P6,capacity_constrained_greedy_optimization,0.25,200,600,278,0.5366666666666666,27.857129121728097,0.2790824025626289,0.2775219146122902,0.6491952710351444,0.675,0.0,0.8669064748201439,0.660500615512183,0.3063549160671464,0.3063549160671464,0.0,0.9666666666666667,10.485611510791367,0.25539568345323743,0.2346338349892052,0.1822570177933777,0.1017756753708256,0.02035859036988058,0.059456587909531344,0.5478930990686676,a200793606052bcdf8cd18328c8e4e19dbc56f0de1bb3ece2bdf1a0250a256f3,604a0ec0192df4e9,c38d6fbfd80ef6872277624a5fe120169b6b5ea35cf85f02375d01584e4eb8d9,True,True,True,True,False,Expanded HHVBP,2025,2027,CY2025,True,public_only_semi_synthetic_capacity_pilot_not_outcome_validated,9237e030d3eeed990f7138399b26f3024037939e48d5eb89866d5bdd875af8d7,3e8af15c2120cedd72f05b7b33402c6efb6bc20946872df2b2c8592affe4e91b,10000,0.33454808638309824,persisted_reference_ecdf,True,True,False,0.2754414764547363,0.27243632322935785,0.2755561037663479,0.2741025311701742,0.7196485803602756,0.28052017206282037,0.2816033042004592,0.2842829006934697,0.2823933493917773,0.28413644501742147,d515687e72d70da616b412c6cb5561ca0e4afbbac37e45efda7b254716ddf95b,design_006_roster_1.25_capacity_0.7_zip_0.8,0.7,0.8,30,22,8,0.300048706704023,0.022526792091732806,0.3716733564228542,True,unconstrained_latent_information_upper_bound,1.25
H,clinician capacity shortage,0,P4,threshold_hard_zip_sponsor_policy,0.75,200,600,278,0.5366666666666666,30.47354030886136,0.3053047062177878,0.303686206704023,0.6491952710351444,0.16,0.051587301587301584,0.8237410071942446,0.660500615512183,0.3063549160671464,0.3063549160671464,0.0,0.9666666666666667,14.856115107913668,0.25539568345323743,0.05872938221040386,0.1505378904726004,0.04494169435966472,0.011077275800718878,0.10650363698497062,0.2267807443332036,8615a83ddaffa2360f587b5411031f6b3ee31db2b3db244be810af7ab84a8260,b1fff092827bd18c,c38d6fbfd80ef6872277624a5fe120169b6b5ea35cf85f02375d01584e4eb8d9,True,True,True,True,True,Expanded HHVBP,2025,2027,CY2025,True,public_only_semi_synthetic_capacity_pilot_not_outcome_validated,9237e030d3eeed990f7138399b26f3024037939e48d5eb89866d5bdd875af8d7,3e8af15c2120cedd72f05b7b33402c6efb6bc20946872df2b2c8592affe4e91b,10000,0.5696213523887566,persisted_reference_ecdf,True,True,False,0.3019324117581803,0.29831072217069593,0.30165547811591364,0.30059616647263643,0.6939275381293043,0.3070910522651229,0.3072075032689013,0.31084430790794526,0.3089271713361333,0.3104097870116531,d515687e72d70da616b412c6cb5561ca0e4afbbac37e45efda7b254716ddf95b,design_006_roster_1.25_capacity_0.7_zip_0.8,0.7,0.8,30,22,8,0.303686206704023,0.0,0.3455090643311214,True,unconstrained_latent_information_upper_bound,1.25
H,clinician capacity shortage,0,P5,threshold_soft_zip_bonus,0.75,200,600,278,0.5366666666666666,29.638540308861355,0.29695470621778775,0.295336206704023,0.6491952710351444,0.16,0.0,0.2733812949640288,0.660500615512183,0.3063549160671464,0.3063549160671464,0.0,0.9666666666666667,17.87769784172662,0.25539568345323743,0.0578934238825049,0.1432758972025816,0.042333141800310725,0.01214486281889482,0.09624357577447501,0.21195456642075414,6c7713104fe236c1eded8c67eaba9645b70e2b54782d7f8d5426d579d787b4e9,e63480b9556aebad,c38d6fbfd80ef6872277624a5fe120169b6b5ea35cf85f02375d01584e4eb8d9,True,True,True,True,False,Expanded HHVBP,2025,2027,CY2025,True,public_only_semi_synthetic_capacity_pilot_not_outcome_validated,9237e030d3eeed990f7138399b26f3024037939e48d5eb89866d5bdd875af8d7,3e8af15c2120cedd72f05b7b33402c6efb6bc20946872df2b2c8592affe4e91b,10000,0.5696213523887566,persisted_reference_ecdf,True,True,False,0.29358241175818034,0.28996072217069596,0.2933054781159137,0.29224616647263646,0.7022775381293043,0.29874105226512293,0.29885750326890137,0.3024943079079453,0.3005771713361333,0.3020597870116531,d515687e72d70da616b412c6cb5561ca0e4afbbac37e45efda7b254716ddf95b,design_006_roster_1.25_capacity_0.7_zip_0.8,0.7,0.8,30,22,8,0.303686206704023,0.008350000000000024,0.3538590643311214,True,unconstrained_latent_information_upper_bound,1.25
H,clinician capacity shortage,0,P6,capacity_constrained_greedy_optimization,0.75,200,600,278,0.5366666666666666,27.875879121728097,0.2792699025626289,0.2777094146122902,0.6491952710351444,0.16,0.0,0.8812949640287769,0.660500615512183,0.3063549160671464,0.3063549160671464,0.0,0.9666666666666667,10.53956834532374,0.25539568345323743,0.23540317076693135,0.1822570177933777,0.10172538859166191,0.020055990086812636,0.05950788695831605,0.5477881589030256,f6202448276748fa26436cc9d4b3215051751029d36b18edb4107e74fc9ec79f,51588055100af966,c38d6fbfd80ef6872277624a5fe120169b6b5ea35cf85f02375d01584e4eb8d9,True,True,True,True,False,Expanded HHVBP,2025,2027,CY2025,True,public_only_semi_synthetic_capacity_pilot_not_outcome_validated,9237e030d3eeed990f7138399b26f3024037939e48d5eb89866d5bdd875af8d7,3e8af15c2120cedd72f05b7b33402c6efb6bc20946872df2b2c8592affe4e91b,10000,0.5696213523887566,persisted_reference_ecdf,True,True,False,0.27562897645473633,0.27262382322935785,0.27574360376634793,0.2742900311701742,0.7194610803602756,0.2807076720628203,0.2817908042004592,0.2844704006934697,0.2825808493917773,0.2843239450174215,d515687e72d70da616b412c6cb5561ca0e4afbbac37e45efda7b254716ddf95b,design_006_roster_1.25_capacity_0.7_zip_0.8,0.7,0.8,30,22,8,0.303686206704023,0.025976792091732814,0.3714858564228542,True,unconstrained_latent_information_upper_bound,1.25
F,positive ZIP-continuity benefit,0,P4,threshold_hard_zip_sponsor_policy,0.25,200,600,600,0.0,67.01666425236155,0.6707344572009629,0.6714308027213057,0.7155608699620188,0.675,0.0,0.895,0.657093810839968,0.3150055370985605,0.31300000000000017,0.0,0.847372951122951,16.775,0.24166666666666667,0.03966687133969171,0.0805417350070694,0.05881633896033378,0.006575859246425675,0.03169214154718325,0.1633239427371127,f407db4431137c53e50bcbeaf2a344fcdd3caf15a430cecdcaf3f28693745bee,f162bab530a518e0,e18c377193b7e81aa157594274300c0b25043337dc629c3b9c261c2d2a2f31e6,True,True,True,True,True,Expanded HHVBP,2025,2027,CY2025,True,public_only_semi_synthetic_capacity_pilot_not_outcome_validated,9237e030d3eeed990f7138399b26f3024037939e48d5eb89866d5bdd875af8d7,3e8af15c2120cedd72f05b7b33402c6efb6bc20946872df2b2c8592affe4e91b,10000,0.33454808638309824,persisted_reference_ecdf,True,True,False,0.6662969886492153,0.6630825598933434,0.6667790264580572,0.665150029653693,0.3275674094560241,0.6727771667242815,0.6731236973147532,0.6768603242347625,0.674805208546299,0.6760369799912476,07398d73ceb839ea95d9a5549a66453bfaf815d9ea63205c2ad760ea27c8a39c,design_007_roster_1.25_capacity_1.2_zip_0.2,1.2,0.2,30,22,8,0.6907809352865287,0.019350132565223,0.04413006724071311,True,unconstrained_latent_information_upper_bound,1.25
F,positive ZIP-continuity benefit,0,P5,threshold_soft_zip_bonus,0.25,200,600,600,0.0,65.9453275250757,0.6600210899281045,0.6607174354484474,0.7155608699620188,0.675,0.0,0.8083333333333333,0.6895508705571031,0.3244739756367665,0.32266666666666666,0.0,0.8430538066658755,17.3375,0.19666666666666666,0.031239646614210304,0.042594077613187564,0.034285151998539876,0.012054462093157303,0.016758074923571065,0.11155134438233849,25e1ecf472e7ccf344ec1c3e463fa7e5a57068370bf5c5ecde5f15334089d590,60fb83ca93b57b97,e18c377193b7e81aa157594274300c0b25043337dc629c3b9c261c2d2a2f31e6,True,True,True,True,False,Expanded HHVBP,2025,2027,CY2025,True,public_only_semi_synthetic_capacity_pilot_not_outcome_validated,9237e030d3eeed990f7138399b26f3024037939e48d5eb89866d5bdd875af8d7,3e8af15c2120cedd72f05b7b33402c6efb6bc20946872df2b2c8592affe4e91b,10000,0.33454808638309824,persisted_reference_ecdf,True,True,False,0.6555836213763567,0.652369192620485,0.6560656591851987,0.6544366623808345,0.33828077672888257,0.6620637994514229,0.6624103300418948,0.6661469569619042,0.6640918412734406,0.665323612718389,07398d73ceb839ea95d9a5549a66453bfaf815d9ea63205c2ad760ea27c8a39c,design_007_roster_1.25_capacity_1.2_zip_0.2,1.2,0.2,30,22,8,0.6907809352865287,0.03006349983808132,0.05484343451357143,True,unconstrained_latent_information_upper_bound,1.25
F,positive ZIP-continuity benefit,0,P6,capacity_constrained_greedy_optimization,0.25,200,600,600,0.0,68.95167750888385,0.6900845897661857,0.6907809352865287,0.7155608699620188,0.675,0.0,1.0,0.7362309147733425,0.35819490586932456,0.3565555555555555,0.0,0.8358753006253006,8.55,0.305,0.045116902646156753,0.04286885150494202,0.027989136354612643,0.0017665070537840055,0.02556139979622296,0.14594323108548324,7fa292ca0872358bbc7ad5de4a4d5f32829b3a40d2ba28f09d22312d62e99cd6,512f5cd4c32d580f,e18c377193b7e81aa157594274300c0b25043337dc629c3b9c261c2d2a2f31e6,True,True,True,True,False,Expanded HHVBP,2025,2027,CY2025,True,public_only_semi_synthetic_capacity_pilot_not_outcome_validated,9237e030d3eeed990f7138399b26f3024037939e48d5eb89866d5bdd875af8d7,3e8af15c2120cedd72f05b7b33402c6efb6bc20946872df2b2c8592affe4e91b,10000,0.33454808638309824,persisted_reference_ecdf,True,True,False,0.6856471212144383,0.6824326924585665,0.68612915902328,0.6845001622189161,0.3082172768908011,0.6921272992895043,0.6924738298799763,0.6962104567999856,0.6941553411115221,0.6953871125564703,07398d73ceb839ea95d9a5549a66453bfaf815d9ea63205c2ad760ea27c8a39c,design_007_roster_1.25_capacity_1.2_zip_0.2,1.2,0.2,30,22,8,0.6907809352865287,0.0,0.024779934675490112,True,unconstrained_latent_information_upper_bound,1.25
F,positive ZIP-continuity benefit,0,P4,threshold_hard_zip_sponsor_policy,0.75,200,600,600,0.0,67.86767668447638,0.6792445815221112,0.6799409270424541,0.7155608699620188,0.16,0.0,0.98,0.6703146659708016,0.31533776301218164,0.3135000000000001,0.0,0.8456304806304807,16.5875,0.25666666666666665,0.045051871170235125,0.05638504104915931,0.03809394793652865,0.0033957124002246264,0.02668578637464525,0.16183613813194553,e431dfc06802f325d4ead9d7b1f512ea9012b04457e537c9c43b7468314d11c4,068134d89bf2259d,e18c377193b7e81aa157594274300c0b25043337dc629c3b9c261c2d2a2f31e6,True,True,True,True,True,Expanded HHVBP,2025,2027,CY2025,True,public_only_semi_synthetic_capacity_pilot_not_outcome_validated,9237e030d3eeed990f7138399b26f3024037939e48d5eb89866d5bdd875af8d7,3e8af15c2120cedd72f05b7b33402c6efb6bc20946872df2b2c8592affe4e91b,10000,0.5696213523887566,persisted_reference_ecdf,True,True,False,0.6748071129703637,0.6715926842144918,0.6752891507792055,0.6736601539748412,0.3190572851348758,0.6812872910454297,0.6816338216359015,0.6853704485559109,0.6833153328674473,0.6845471043123958,07398d73ceb839ea95d9a5549a66453bfaf815d9ea63205c2ad760ea27c8a39c,design_007_roster_1.25_capacity_1.2_zip_0.2,1.2,0.2,30,22,8,0.6907809352865287,0.010840008244074606,0.03561994291956472,True,unconstrained_latent_information_upper_bound,1.25
F,positive ZIP-continuity benefit,0,P5,threshold_soft_zip_bonus,0.75,200,600,600,0.0,66.19397668332982,0.6625075815106456,0.6632039270309885,0.7155608699620188,0.16,0.0,0.8333333333333334,0.6993256839133546,0.3243078626799558,0.32244444444444453,0.0,0.8465056008806009,17.225,0.19166666666666668,0.02638372286205426,0.03738222684350456,0.031708153733436606,0.007413835687122838,0.014598764704506939,0.11053829344862542,7339a80ea1ed706e69a815eb1c06c9d1a0cf9be5f25401d59a8ffbf7f9d8bbf5,8e43b2a6f40c75b3,e18c377193b7e81aa157594274300c0b25043337dc629c3b9c261c2d2a2f31e6,True,True,True,True,False,Expanded HHVBP,2025,2027,CY2025,True,public_only_semi_synthetic_capacity_pilot_not_outcome_validated,9237e030d3eeed990f7138399b26f3024037939e48d5eb89866d5bdd875af8d7,3e8af15c2120cedd72f05b7b33402c6efb6bc20946872df2b2c8592affe4e91b,10000,0.5696213523887566,persisted_reference_ecdf,True,True,False,0.6580701129588981,0.6548556842030263,0.6585521507677398,0.6569231539633759,0.33579428514634135,0.664550291033964,0.6648968216244359,0.6686334485444454,0.6665783328559818,0.6678101043009301,07398d73ceb839ea95d9a5549a66453bfaf815d9ea63205c2ad760ea27c8a39c,design_007_roster_1.25_capacity_1.2_zip_0.2,1.2,0.2,30,22,8,0.6907809352865287,0.027577008255540214,0.052356942931030326,True,unconstrained_latent_information_upper_bound,1.25
F,positive ZIP-continuity benefit,0,P6,capacity_constrained_greedy_optimization,0.75,200,600,600,0.0,68.95167750888385,0.6900845897661857,0.6907809352865287,0.7155608699620188,0.16,0.0,1.0,0.7362309147733425,0.35819490586932456,0.3565555555555555,0.0,0.8358753006253006,8.55,0.305,0.045116902646156753,0.04286885150494202,0.027989136354612643,0.0017665070537840055,0.02556139979622296,0.14594323108548324,b559cd0a02f4a0504d94c213a5762dc74f69ed26c7f6ef0fadb98f77a6d29835,899e31f23347108a,e18c377193b7e81aa157594274300c0b25043337dc629c3b9c261c2d2a2f31e6,True,True,True,True,False,Expanded HHVBP,2025,2027,CY2025,True,public_only_semi_synthetic_capacity_pilot_not_outcome_validated,9237e030d3eeed990f7138399b26f3024037939e48d5eb89866d5bdd875af8d7,3e8af15c2120cedd72f05b7b33402c6efb6bc20946872df2b2c8592affe4e91b,10000,0.5696213523887566,persisted_reference_ecdf,True,True,False,0.6856471212144383,0.6824326924585665,0.68612915902328,0.6845001622189161,0.3082172768908011,0.6921272992895043,0.6924738298799763,0.6962104567999856,0.6941553411115221,0.6953871125564703,07398d73ceb839ea95d9a5549a66453bfaf815d9ea63205c2ad760ea27c8a39c,design_007_roster_1.25_capacity_1.2_zip_0.2,1.2,0.2,30,22,8,0.6907809352865287,0.0,0.024779934675490112,True,unconstrained_latent_information_upper_bound,1.25
G,sparse ZIP coverage,0,P4,threshold_hard_zip_sponsor_policy,0.25,200,600,600,0.0,60.84974990361829,0.6090653137135302,0.6097616592338732,0.6493610525759121,0.675,0.0,0.5783333333333334,0.6683358242913451,0.32912513842746405,0.3272222222222223,0.0,0.8435164670100015,15.175,0.24,0.04837386265107235,0.07626033007751465,0.04544776525921779,0.0031408486532631397,0.03548374794025788,0.18089524442807292,65d727a29bf9b578180778a0a59ab9625028f946a2bd3b9ac1d5ff6df004b575,ffd17d024bc36652,dee50633e170ac8028bbeac9f16332c61f68889d3e7d11529a63a47f1a9e1b63,True,True,True,True,True,Expanded HHVBP,2025,2027,CY2025,True,public_only_semi_synthetic_capacity_pilot_not_outcome_validated,9237e030d3eeed990f7138399b26f3024037939e48d5eb89866d5bdd875af8d7,3e8af15c2120cedd72f05b7b33402c6efb6bc20946872df2b2c8592affe4e91b,10000,0.33454808638309824,persisted_reference_ecdf,True,True,False,0.6046278451617827,0.6014134164059108,0.6051098829706244,0.6034808861662604,0.3892365529434567,0.6111080232368487,0.6114545538273205,0.61519118074733,0.6131360650588664,0.6143678365038148,07398d73ceb839ea95d9a5549a66453bfaf815d9ea63205c2ad760ea27c8a39c,design_007_roster_1.25_capacity_1.2_zip_0.2,1.2,0.2,30,22,8,0.6272415098527887,0.01747985061891555,0.03959939334203899,True,unconstrained_latent_information_upper_bound,1.25
G,sparse ZIP coverage,0,P5,threshold_soft_zip_bonus,0.25,200,600,600,0.0,59.69193012806121,0.5974871159579593,0.5981834614783023,0.6493610525759121,0.675,0.0,0.32166666666666666,0.6962412110262529,0.3215393133997786,0.31966666666666677,0.0,0.8438822450697451,17.3625,0.20166666666666666,0.035269510001760596,0.04660014439787963,0.02993461441655254,0.004043249765686818,0.017522187339713002,0.12757582644676357,56304a90b46dce00c13940bf14e80b3f5a76e8edb18ce677051d122e7403f860,79731a81a88e6b85,dee50633e170ac8028bbeac9f16332c61f68889d3e7d11529a63a47f1a9e1b63,True,True,True,True,False,Expanded HHVBP,2025,2027,CY2025,True,public_only_semi_synthetic_capacity_pilot_not_outcome_validated,9237e030d3eeed990f7138399b26f3024037939e48d5eb89866d5bdd875af8d7,3e8af15c2120cedd72f05b7b33402c6efb6bc20946872df2b2c8592affe4e91b,10000,0.33454808638309824,persisted_reference_ecdf,True,True,False,0.5930496474062119,0.58983521865034,0.5935316852150536,0.5919026884106895,0.4008147506990276,0.5995298254812779,0.5998763560717498,0.6036129829917591,0.6015578673032955,0.602789638748244,07398d73ceb839ea95d9a5549a66453bfaf815d9ea63205c2ad760ea27c8a39c,design_007_roster_1.25_capacity_1.2_zip_0.2,1.2,0.2,30,22,8,0.6272415098527887,0.029058048374486445,0.05117759109760989,True,unconstrained_latent_information_upper_bound,1.25
G,sparse ZIP coverage,0,P6,capacity_constrained_greedy_optimization,0.25,200,600,600,0.0,62.597734965509844,0.6265451643324457,0.6272415098527887,0.6493610525759121,0.675,0.0,0.905,0.7384762566247051,0.3578073089700997,0.3562222222222222,0.0,0.8351611351611351,9.45,0.305,0.04617190472463484,0.04249049423617579,0.02713003131479874,0.0019679425951260043,0.027882420857773038,0.15018434900448374,b11b8b3da49feb56b9146b60608a31df6750b43f73c5741944de153ca9408c55,5850d20efdd811f0,dee50633e170ac8028bbeac9f16332c61f68889d3e7d11529a63a47f1a9e1b63,True,True,True,True,False,Expanded HHVBP,2025,2027,CY2025,True,public_only_semi_synthetic_capacity_pilot_not_outcome_validated,9237e030d3eeed990f7138399b26f3024037939e48d5eb89866d5bdd875af8d7,3e8af15c2120cedd72f05b7b33402c6efb6bc20946872df2b2c8592affe4e91b,10000,0.33454808638309824,persisted_reference_ecdf,True,True,False,0.6221076957806982,0.6188932670248264,0.62258973358954,0.6209607367851758,0.3717567023245412,0.6285878738557642,0.6289344044462362,0.6326710313662454,0.6306159156777819,0.6318476871227303,07398d73ceb839ea95d9a5549a66453bfaf815d9ea63205c2ad760ea27c8a39c,design_007_roster_1.25_capacity_1.2_zip_0.2,1.2,0.2,30,22,8,0.6272415098527887,0.0,0.022119542723123442,True,unconstrained_latent_information_upper_bound,1.25
G,sparse ZIP coverage,0,P4,threshold_hard_zip_sponsor_policy,0.75,200,600,600,0.0,61.80357579828395,0.6186035726601867,0.6192999181805297,0.6493610525759121,0.16,0.02976190476190476,0.875,0.6825524595719875,0.32973421926910307,0.32800000000000007,0.0,0.8370519318644318,13.95,0.26166666666666666,0.055163692083854854,0.0699741976678594,0.042895109144631904,0.0031144178598777605,0.033868410721261566,0.17925462010412452,9252daf2cd9a7092b3cdd34757a4b4d05be1fffd96e94ded2d52da499573d5a3,8e0c2a9ac1d8dba1,dee50633e170ac8028bbeac9f16332c61f68889d3e7d11529a63a47f1a9e1b63,True,True,True,True,True,Expanded HHVBP,2025,2027,CY2025,True,public_only_semi_synthetic_capacity_pilot_not_outcome_validated,9237e030d3eeed990f7138399b26f3024037939e48d5eb89866d5bdd875af8d7,3e8af15c2120cedd72f05b7b33402c6efb6bc20946872df2b2c8592affe4e91b,10000,0.5696213523887566,persisted_reference_ecdf,True,True,False,0.6141661041084393,0.6109516753525676,0.614648141917281,0.613019145112917,0.3796982939968001,0.6206462821835053,0.6209928127739772,0.6247294396939865,0.622674324005523,0.6239060954504714,07398d73ceb839ea95d9a5549a66453bfaf815d9ea63205c2ad760ea27c8a39c,design_007_roster_1.25_capacity_1.2_zip_0.2,1.2,0.2,30,22,8,0.6275518794969599,0.008251961316430245,0.030061134395382494,True,unconstrained_latent_information_upper_bound,1.25
G,sparse ZIP coverage,0,P5,threshold_soft_zip_bonus,0.75,200,600,600,0.0,59.61436545124889,0.5967114691898362,0.597407814710179,0.6493610525759121,0.16,0.0,0.2866666666666667,0.6813385716386146,0.3202104097452936,0.3182222222222222,0.0,0.8430702098827098,17.6125,0.21166666666666667,0.03331253057817296,0.04603519482625684,0.03037790514566796,0.004018157234405462,0.016625102238385092,0.12830093887940897,41f158e3b6cd35ba7ff5842e78c625d1f5e49567402f2b8ff73f99e60ea5b7ca,6c56fcd63de2f4d3,dee50633e170ac8028bbeac9f16332c61f68889d3e7d11529a63a47f1a9e1b63,True,True,True,True,False,Expanded HHVBP,2025,2027,CY2025,True,public_only_semi_synthetic_capacity_pilot_not_outcome_validated,9237e030d3eeed990f7138399b26f3024037939e48d5eb89866d5bdd875af8d7,3e8af15c2120cedd72f05b7b33402c6efb6bc20946872df2b2c8592affe4e91b,10000,0.5696213523887566,persisted_reference_ecdf,True,True,False,0.5922740006380887,0.5890595718822167,0.5927560384469305,0.5911270416425662,0.4015903974671508,0.5987541787131547,0.5991007093036264,0.6028373362236359,0.6007822205351724,0.6020139919801207,07398d73ceb839ea95d9a5549a66453bfaf815d9ea63205c2ad760ea27c8a39c,design_007_roster_1.25_capacity_1.2_zip_0.2,1.2,0.2,30,22,8,0.6275518794969599,0.03014406478678089,0.05195323786573314,True,unconstrained_latent_information_upper_bound,1.25
G,sparse ZIP coverage,0,P6,capacity_constrained_greedy_optimization,0.75,200,600,600,0.0,62.62877192992696,0.626855533976617,0.6275518794969599,0.6493610525759121,0.16,0.0,0.9233333333333333,0.7413850348152538,0.35825027685492805,0.3566666666666667,0.0,0.8345828523328522,9.85,0.305,0.04502344257847779,0.045569578784624976,0.02789314326874759,0.0023953352329623145,0.029169460275546122,0.14987557113310612,4f6f90939534ccb5ef3010df729b5df4f934aad449b74ed55359582af94287cb,54d8c261041d7890,dee50633e170ac8028bbeac9f16332c61f68889d3e7d11529a63a47f1a9e1b63,True,True,True,True,False,Expanded HHVBP,2025,2027,CY2025,True,public_only_semi_synthetic_capacity_pilot_not_outcome_validated,9237e030d3eeed990f7138399b26f3024037939e48d5eb89866d5bdd875af8d7,3e8af15c2120cedd72f05b7b33402c6efb6bc20946872df2b2c8592affe4e91b,10000,0.5696213523887566,persisted_reference_ecdf,True,True,False,0.6224180654248694,0.6192036366689976,0.6229001032337113,0.6212711064293471,0.37144633268037,0.6288982434999355,0.6292447740904072,0.6329814010104167,0.6309262853219532,0.6321580567669016,07398d73ceb839ea95d9a5549a66453bfaf815d9ea63205c2ad760ea27c8a39c,design_007_roster_1.25_capacity_1.2_zip_0.2,1.2,0.2,30,22,8,0.6275518794969599,0.0,0.02180917307895225,True,unconstrained_latent_information_upper_bound,1.25
H,clinician capacity shortage,0,P4,threshold_hard_zip_sponsor_policy,0.25,200,600,478,0.20333333333333337,49.88460619457024,0.49941740087426345,0.49913720484760216,0.6555608699620188,0.675,0.005128205128205128,0.897489539748954,0.657436556049822,0.3055788005578801,0.3055788005578801,0.0,0.9666666666666667,16.49581589958159,0.2615062761506276,0.06737418916017784,0.11056763111451867,0.06752221147104359,0.042203059197442105,0.05328747708657133,0.23213951231000135,cb48d2e0c2dbd97a1d09d58c3cce68a363f2031030bb3d9e2d9bac84a5213c5f,5cf2103f3365528c,6d400c2e7a29379691d0e460655565d5afc3531ed57317bfe3c4fe228dbc770a,True,True,True,True,True,Expanded HHVBP,2025,2027,CY2025,True,public_only_semi_synthetic_capacity_pilot_not_outcome_validated,9237e030d3eeed990f7138399b26f3024037939e48d5eb89866d5bdd875af8d7,3e8af15c2120cedd72f05b7b33402c6efb6bc20946872df2b2c8592affe4e91b,10000,0.33454808638309824,persisted_reference_ecdf,True,True,False,0.4956044257357269,0.4924958866990629,0.4959701596154968,0.4932594888307497,0.4993294381762246,0.5011603567696965,0.5016769434470411,0.5054548063951001,0.5032466907824755,0.5046346886435097,07398d73ceb839ea95d9a5549a66453bfaf815d9ea63205c2ad760ea27c8a39c,design_007_roster_1.25_capacity_1.2_zip_0.2,1.2,0.2,30,22,8,0.49913720484760216,0.0,0.15642366511441663,True,unconstrained_latent_information_upper_bound,1.25
H,clinician capacity shortage,0,P5,threshold_soft_zip_bonus,0.25,200,600,478,0.20333333333333337,49.732106194570235,0.4978924008742634,0.4976122048476021,0.6555608699620188,0.675,0.0,0.8305439330543933,0.657436556049822,0.3055788005578801,0.3055788005578801,0.0,0.9666666666666667,16.307531380753137,0.2615062761506276,0.07073339813492674,0.1078633553735115,0.06406062939502488,0.03965611996803514,0.051388839805283804,0.21352803090197903,58d034d7169dceee3f93d116ca41946237757421936e4f39d9729f726bd9358f,d9eb00b18415af05,6d400c2e7a29379691d0e460655565d5afc3531ed57317bfe3c4fe228dbc770a,True,True,True,True,False,Expanded HHVBP,2025,2027,CY2025,True,public_only_semi_synthetic_capacity_pilot_not_outcome_validated,9237e030d3eeed990f7138399b26f3024037939e48d5eb89866d5bdd875af8d7,3e8af15c2120cedd72f05b7b33402c6efb6bc20946872df2b2c8592affe4e91b,10000,0.33454808638309824,persisted_reference_ecdf,True,True,False,0.49407942573572683,0.4909708866990629,0.49444515961549673,0.49173448883074977,0.5008544381762247,0.49963535676969656,0.500151943447041,0.5039298063951002,0.5017216907824756,0.5031096886435097,07398d73ceb839ea95d9a5549a66453bfaf815d9ea63205c2ad760ea27c8a39c,design_007_roster_1.25_capacity_1.2_zip_0.2,1.2,0.2,30,22,8,0.49913720484760216,0.001525000000000054,0.1579486651144167,True,unconstrained_latent_information_upper_bound,1.25
H,clinician capacity shortage,0,P6,capacity_constrained_greedy_optimization,0.25,200,600,478,0.20333333333333337,48.767285632474064,0.4882416166939615,0.4881068090020803,0.6555608699620188,0.675,0.0,0.9916317991631799,0.657436556049822,0.3055788005578801,0.3055788005578801,0.0,0.9666666666666667,9.639121338912133,0.2615062761506276,0.1315830389786382,0.26441297955515525,0.12826293883401174,0.06918590374246936,0.10727509783525319,0.6098031785626252,e497a16d45b72f3bbe768f369d3cb0d24b882ec46faab50d3cc291757ff56388,ade5bcb4468a5e28,6d400c2e7a29379691d0e460655565d5afc3531ed57317bfe3c4fe228dbc770a,True,True,True,True,False,Expanded HHVBP,2025,2027,CY2025,True,public_only_semi_synthetic_capacity_pilot_not_outcome_validated,9237e030d3eeed990f7138399b26f3024037939e48d5eb89866d5bdd875af8d7,3e8af15c2120cedd72f05b7b33402c6efb6bc20946872df2b2c8592affe4e91b,10000,0.33454808638309824,persisted_reference_ecdf,True,True,False,0.48438342517264177,0.48093423204647906,0.48415749985976325,0.48307864977783577,0.51051438852467,0.49002362489183765,0.49068164147034016,0.4941293336497884,0.49215133470308187,0.493390813892516,07398d73ceb839ea95d9a5549a66453bfaf815d9ea63205c2ad760ea27c8a39c,design_007_roster_1.25_capacity_1.2_zip_0.2,1.2,0.2,30,22,8,0.49913720484760216,0.011030395845521845,0.16745406095993848,True,unconstrained_latent_information_upper_bound,1.25
H,clinician capacity shortage,0,P4,threshold_hard_zip_sponsor_policy,0.75,200,600,478,0.20333333333333337,50.038356194570234,0.5009549008742634,0.5006747048476021,0.6555608699620188,0.16,0.011904761904761904,0.9644351464435147,0.657436556049822,0.3055788005578801,0.3055788005578801,0.0,0.9666666666666667,16.652719665271967,0.2615062761506276,0.07093724704491389,0.11181483627463007,0.06308320612067553,0.043022809738779644,0.0529201843276732,0.22791088182423308,bf8684c4ff19a90e5e3b801364bd5dfbcd738cb424bf0330603bb91d5b63379b,2a6ac06819573bd1,6d400c2e7a29379691d0e460655565d5afc3531ed57317bfe3c4fe228dbc770a,True,True,True,True,True,Expanded HHVBP,2025,2027,CY2025,True,public_only_semi_synthetic_capacity_pilot_not_outcome_validated,9237e030d3eeed990f7138399b26f3024037939e48d5eb89866d5bdd875af8d7,3e8af15c2120cedd72f05b7b33402c6efb6bc20946872df2b2c8592affe4e91b,10000,0.5696213523887566,persisted_reference_ecdf,True,True,False,0.4971419257357268,0.4940333866990629,0.4975076596154967,0.49479698883074974,0.4977919381762246,0.5026978567696965,0.503214443447041,0.5069923063951003,0.5047841907824755,0.5061721886435097,07398d73ceb839ea95d9a5549a66453bfaf815d9ea63205c2ad760ea27c8a39c,design_007_roster_1.25_capacity_1.2_zip_0.2,1.2,0.2,30,22,8,0.5006747048476021,0.0,0.15488616511441666,True,unconstrained_latent_information_upper_bound,1.25
H,clinician capacity shortage,0,P5,threshold_soft_zip_bonus,0.75,200,600,478,0.20333333333333337,49.71835619457023,0.49775490087426344,0.49747470484760214,0.6555608699620188,0.16,0.0,0.8389121338912134,0.657436556049822,0.3055788005578801,0.3055788005578801,0.0,0.9666666666666667,17.15481171548117,0.2615062761506276,0.06917740425913899,0.10791608410835218,0.06339014591418818,0.03991162401083115,0.05238735073791406,0.21120451146221486,10b05d45e73a53d3b78002824280f4078e19f5db378326d4e71b1b4a2438f0ea,ed407685e2d4fd66,6d400c2e7a29379691d0e460655565d5afc3531ed57317bfe3c4fe228dbc770a,True,True,True,True,False,Expanded HHVBP,2025,2027,CY2025,True,public_only_semi_synthetic_capacity_pilot_not_outcome_validated,9237e030d3eeed990f7138399b26f3024037939e48d5eb89866d5bdd875af8d7,3e8af15c2120cedd72f05b7b33402c6efb6bc20946872df2b2c8592affe4e91b,10000,0.5696213523887566,persisted_reference_ecdf,True,True,False,0.49394192573572676,0.49083338669906285,0.4943076596154968,0.4915969888307497,0.5009919381762246,0.4994978567696965,0.500014443447041,0.5037923063951001,0.5015841907824756,0.5029721886435097,07398d73ceb839ea95d9a5549a66453bfaf815d9ea63205c2ad760ea27c8a39c,design_007_roster_1.25_capacity_1.2_zip_0.2,1.2,0.2,30,22,8,0.5006747048476021,0.0031999999999999806,0.15808616511441664,True,unconstrained_latent_information_upper_bound,1.25
H,clinician capacity shortage,0,P6,capacity_constrained_greedy_optimization,0.75,200,600,478,0.20333333333333337,48.767285632474064,0.4882416166939615,0.4881068090020803,0.6555608699620188,0.16,0.0,0.9916317991631799,0.657436556049822,0.3055788005578801,0.3055788005578801,0.0,0.9666666666666667,9.639121338912133,0.2615062761506276,0.1315830389786382,0.26441297955515525,0.12826293883401174,0.06918590374246936,0.10727509783525319,0.6098031785626252,a1ed1d0fa0741dbe06169f75cf56568d99cf0721f2f1a5482ea6e33cd114fb52,d06e83da3e198bbb,6d400c2e7a29379691d0e460655565d5afc3531ed57317bfe3c4fe228dbc770a,True,True,True,True,False,Expanded HHVBP,2025,2027,CY2025,True,public_only_semi_synthetic_capacity_pilot_not_outcome_validated,9237e030d3eeed990f7138399b26f3024037939e48d5eb89866d5bdd875af8d7,3e8af15c2120cedd72f05b7b33402c6efb6bc20946872df2b2c8592affe4e91b,10000,0.5696213523887566,persisted_reference_ecdf,True,True,False,0.48438342517264177,0.48093423204647906,0.48415749985976325,0.48307864977783577,0.51051438852467,0.49002362489183765,0.49068164147034016,0.4941293336497884,0.49215133470308187,0.493390813892516,07398d73ceb839ea95d9a5549a66453bfaf815d9ea63205c2ad760ea27c8a39c,design_007_roster_1.25_capacity_1.2_zip_0.2,1.2,0.2,30,22,8,0.5006747048476021,0.012567895845521815,0.16745406095993848,True,unconstrained_latent_information_upper_bound,1.25
F,positive ZIP-continuity benefit,0,P4,threshold_hard_zip_sponsor_policy,0.25,200,600,600,0.0,64.30788724100309,0.643646687087378,0.644343032607721,0.7087152979464306,0.675,0.0,0.575,0.6661026005607482,0.3243632336655593,0.32244444444444453,0.0,0.844891307447342,14.925,0.23666666666666666,0.05228407194854656,0.11080589336530555,0.0672606352770867,0.007849959741170531,0.04467052833912888,0.22313753875811893,1a380ebf07b5b87d9d07fbc0a4c0a0a15c41b035bdff6516e8c3832112cbc539,e82023897ea21118,3dd6025bf6cc048a68dd9d2d76b94fb2bfa49b8ac036e91ed2034b6b43d6944b,True,True,True,True,True,Expanded HHVBP,2025,2027,CY2025,True,public_only_semi_synthetic_capacity_pilot_not_outcome_validated,9237e030d3eeed990f7138399b26f3024037939e48d5eb89866d5bdd875af8d7,3e8af15c2120cedd72f05b7b33402c6efb6bc20946872df2b2c8592affe4e91b,10000,0.33454808638309824,persisted_reference_ecdf,True,True,False,0.6392092185356305,0.6359947897797588,0.6396912563444723,0.6380622595401083,0.35465517956960885,0.6456893966106967,0.6460359272011684,0.6497725541211778,0.6477174384327143,0.6489492098776627,a3d710d9e8491bf7b08c6dadb1e3ff598b6b976eb8b74ea36288b75a04bea83a,design_008_roster_1.25_capacity_1.2_zip_0.8,1.2,0.8,30,22,8,0.6842757257767844,0.03993269316906345,0.06437226533870966,True,unconstrained_latent_information_upper_bound,1.25
F,positive ZIP-continuity benefit,0,P5,threshold_soft_zip_bonus,0.25,200,600,600,0.0,61.538325758516955,0.6159510722625169,0.6166474177828598,0.7087152979464306,0.675,0.0,0.31333333333333335,0.6881087632400797,0.32059800664451843,0.3187777777777778,0.0,0.8440884667695013,17.6,0.205,0.028982760898894178,0.05456717736491257,0.040336837674964765,0.006409117978975254,0.015536361195000015,0.1206066425514547,da1d57dd63648188664b89c29e1cb2edba85865d94eaa5831ebc492296c5d8bd,c662012693499fd9,3dd6025bf6cc048a68dd9d2d76b94fb2bfa49b8ac036e91ed2034b6b43d6944b,True,True,True,True,False,Expanded HHVBP,2025,2027,CY2025,True,public_only_semi_synthetic_capacity_pilot_not_outcome_validated,9237e030d3eeed990f7138399b26f3024037939e48d5eb89866d5bdd875af8d7,3e8af15c2120cedd72f05b7b33402c6efb6bc20946872df2b2c8592affe4e91b,10000,0.33454808638309824,persisted_reference_ecdf,True,True,False,0.6115136037107693,0.6082991749548976,0.6119956415196112,0.610366644715247,0.38235079439447006,0.6179937817858354,0.6183403123763073,0.6220769392963166,0.6200218236078531,0.6212535950528015,a3d710d9e8491bf7b08c6dadb1e3ff598b6b976eb8b74ea36288b75a04bea83a,design_008_roster_1.25_capacity_1.2_zip_0.8,1.2,0.8,30,22,8,0.6842757257767844,0.06762830799392461,0.09206788016357081,True,unconstrained_latent_information_upper_bound,1.25
F,positive ZIP-continuity benefit,0,P6,capacity_constrained_greedy_optimization,0.25,200,600,600,0.0,68.30115655790941,0.6835793802564414,0.6842757257767844,0.7087152979464306,0.675,0.0,0.9383333333333334,0.7511465539173902,0.36267995570321165,0.36116666666666664,0.0,0.834204785954786,10.0,0.305,0.04202351048075692,0.048093137703068334,0.02711485643580236,0.0017073093147812468,0.028899379624426125,0.132215492705391,4e02cfddbcd0083b2b678cea05890c16adb47158c1a0d450ae6bc4700d433ddd,28fedea61558de6d,3dd6025bf6cc048a68dd9d2d76b94fb2bfa49b8ac036e91ed2034b6b43d6944b,True,True,True,True,False,Expanded HHVBP,2025,2027,CY2025,True,public_only_semi_synthetic_capacity_pilot_not_outcome_validated,9237e030d3eeed990f7138399b26f3024037939e48d5eb89866d5bdd875af8d7,3e8af15c2120cedd72f05b7b33402c6efb6bc20946872df2b2c8592affe4e91b,10000,0.33454808638309824,persisted_reference_ecdf,True,True,False,0.6791419117046938,0.6759274829488221,0.6796239495135357,0.6779949527091715,0.31472248640054556,0.6856220897797599,0.6859686203702317,0.6897052472902412,0.6876501316017776,0.688881903046726,a3d710d9e8491bf7b08c6dadb1e3ff598b6b976eb8b74ea36288b75a04bea83a,design_008_roster_1.25_capacity_1.2_zip_0.8,1.2,0.8,30,22,8,0.6842757257767844,0.0,0.024439572169646206,True,unconstrained_latent_information_upper_bound,1.25
F,positive ZIP-continuity benefit,0,P4,threshold_hard_zip_sponsor_policy,0.75,200,600,600,0.0,67.08958750626738,0.671463689740021,0.6721600352603638,0.7087152979464306,0.16,0.025793650793650792,0.8733333333333333,0.6926651365094367,0.3300110741971207,0.3282777777777779,0.0,0.8366723577348577,13.3375,0.26166666666666666,0.06261142168046752,0.08278146732472147,0.0530455034861852,0.001876153379786638,0.04316472409321814,0.2183226840305087,49aa1902990f9ca425c912b2d2904e8d92a4c4c2fb3f9312ec8de03f8ae36b1d,e26341aabbf3fbd6,3dd6025bf6cc048a68dd9d2d76b94fb2bfa49b8ac036e91ed2034b6b43d6944b,True,True,True,True,True,Expanded HHVBP,2025,2027,CY2025,True,public_only_semi_synthetic_capacity_pilot_not_outcome_validated,9237e030d3eeed990f7138399b26f3024037939e48d5eb89866d5bdd875af8d7,3e8af15c2120cedd72f05b7b33402c6efb6bc20946872df2b2c8592affe4e91b,10000,0.5696213523887566,persisted_reference_ecdf,True,True,False,0.6670262211882736,0.6638117924324016,0.6675082589971153,0.6658792621927512,0.3268381769169659,0.6735063992633396,0.6738529298538114,0.6775895567738208,0.6755344410853572,0.6767662125303057,a3d710d9e8491bf7b08c6dadb1e3ff598b6b976eb8b74ea36288b75a04bea83a,design_008_roster_1.25_capacity_1.2_zip_0.8,1.2,0.8,30,22,8,0.6842757257767844,0.012115690516420585,0.03655526268606679,True,unconstrained_latent_information_upper_bound,1.25
F,positive ZIP-continuity benefit,0,P5,threshold_soft_zip_bonus,0.75,200,600,600,0.0,61.21435517913248,0.6127113664686721,0.6134077119890151,0.7087152979464306,0.16,0.0,0.2733333333333333,0.6890705034609811,0.3236987818383168,0.32172222222222224,0.0,0.8453260212010212,17.5875,0.21333333333333335,0.028804989652827517,0.05536736773052342,0.03845529741543663,0.003336477660361048,0.015074197958507729,0.11725187398762715,f3b25324ccebf5d42e7d26aa168f5d0b518cb8fbc40fb139c85693de233620ac,0eeafdee0b74ddcc,3dd6025bf6cc048a68dd9d2d76b94fb2bfa49b8ac036e91ed2034b6b43d6944b,True,True,True,True,False,Expanded HHVBP,2025,2027,CY2025,True,public_only_semi_synthetic_capacity_pilot_not_outcome_validated,9237e030d3eeed990f7138399b26f3024037939e48d5eb89866d5bdd875af8d7,3e8af15c2120cedd72f05b7b33402c6efb6bc20946872df2b2c8592affe4e91b,10000,0.5696213523887566,persisted_reference_ecdf,True,True,False,0.6082738979169245,0.6050594691610528,0.6087559357257664,0.6071269389214022,0.38559050018831487,0.6147540759919906,0.6151006065824625,0.6188372335024718,0.6167821178140083,0.6180138892589567,a3d710d9e8491bf7b08c6dadb1e3ff598b6b976eb8b74ea36288b75a04bea83a,design_008_roster_1.25_capacity_1.2_zip_0.8,1.2,0.8,30,22,8,0.6842757257767844,0.0708680137877693,0.09530758595741551,True,unconstrained_latent_information_upper_bound,1.25
F,positive ZIP-continuity benefit,0,P6,capacity_constrained_greedy_optimization,0.75,200,600,600,0.0,68.30115655790941,0.6835793802564414,0.6842757257767844,0.7087152979464306,0.16,0.0,0.9383333333333334,0.7511465539173902,0.36267995570321165,0.36116666666666664,0.0,0.834204785954786,10.0,0.305,0.04202351048075692,0.048093137703068334,0.02711485643580236,0.0017073093147812468,0.028899379624426125,0.132215492705391,01c49816b3a4b7d403fd815d76f45ef94d4ddb9696f1d712a8ae265db9b1f36c,156599061e4b4a3e,3dd6025bf6cc048a68dd9d2d76b94fb2bfa49b8ac036e91ed2034b6b43d6944b,True,True,True,True,False,Expanded HHVBP,2025,2027,CY2025,True,public_only_semi_synthetic_capacity_pilot_not_outcome_validated,9237e030d3eeed990f7138399b26f3024037939e48d5eb89866d5bdd875af8d7,3e8af15c2120cedd72f05b7b33402c6efb6bc20946872df2b2c8592affe4e91b,10000,0.5696213523887566,persisted_reference_ecdf,True,True,False,0.6791419117046938,0.6759274829488221,0.6796239495135357,0.6779949527091715,0.31472248640054556,0.6856220897797599,0.6859686203702317,0.6897052472902412,0.6876501316017776,0.688881903046726,a3d710d9e8491bf7b08c6dadb1e3ff598b6b976eb8b74ea36288b75a04bea83a,design_008_roster_1.25_capacity_1.2_zip_0.8,1.2,0.8,30,22,8,0.6842757257767844,0.0,0.024439572169646206,True,unconstrained_latent_information_upper_bound,1.25
G,sparse ZIP coverage,0,P4,threshold_hard_zip_sponsor_policy,0.25,200,600,600,0.0,60.84974990361829,0.6090653137135302,0.6097616592338732,0.6493610525759121,0.675,0.0,0.5783333333333334,0.6683358242913451,0.32912513842746405,0.3272222222222223,0.0,0.8435164670100015,15.175,0.24,0.04837386265107235,0.07626033007751465,0.04544776525921779,0.0031408486532631397,0.03548374794025788,0.18089524442807292,65d727a29bf9b578180778a0a59ab9625028f946a2bd3b9ac1d5ff6df004b575,1a16cfb2c0cb8d51,be9a16b6a4b4f9d3108fde941c496699f87375b3cf7b013814fffb717d586131,True,True,True,True,True,Expanded HHVBP,2025,2027,CY2025,True,public_only_semi_synthetic_capacity_pilot_not_outcome_validated,9237e030d3eeed990f7138399b26f3024037939e48d5eb89866d5bdd875af8d7,3e8af15c2120cedd72f05b7b33402c6efb6bc20946872df2b2c8592affe4e91b,10000,0.33454808638309824,persisted_reference_ecdf,True,True,False,0.6046278451617827,0.6014134164059108,0.6051098829706244,0.6034808861662604,0.3892365529434567,0.6111080232368487,0.6114545538273205,0.61519118074733,0.6131360650588664,0.6143678365038148,a3d710d9e8491bf7b08c6dadb1e3ff598b6b976eb8b74ea36288b75a04bea83a,design_008_roster_1.25_capacity_1.2_zip_0.8,1.2,0.8,30,22,8,0.6272415098527887,0.01747985061891555,0.03959939334203899,True,unconstrained_latent_information_upper_bound,1.25
G,sparse ZIP coverage,0,P5,threshold_soft_zip_bonus,0.25,200,600,600,0.0,59.69193012806121,0.5974871159579593,0.5981834614783023,0.6493610525759121,0.675,0.0,0.32166666666666666,0.6962412110262529,0.3215393133997786,0.31966666666666677,0.0,0.8438822450697451,17.3625,0.20166666666666666,0.035269510001760596,0.04660014439787963,0.02993461441655254,0.004043249765686818,0.017522187339713002,0.12757582644676357,56304a90b46dce00c13940bf14e80b3f5a76e8edb18ce677051d122e7403f860,a496c09fc6d079c5,be9a16b6a4b4f9d3108fde941c496699f87375b3cf7b013814fffb717d586131,True,True,True,True,False,Expanded HHVBP,2025,2027,CY2025,True,public_only_semi_synthetic_capacity_pilot_not_outcome_validated,9237e030d3eeed990f7138399b26f3024037939e48d5eb89866d5bdd875af8d7,3e8af15c2120cedd72f05b7b33402c6efb6bc20946872df2b2c8592affe4e91b,10000,0.33454808638309824,persisted_reference_ecdf,True,True,False,0.5930496474062119,0.58983521865034,0.5935316852150536,0.5919026884106895,0.4008147506990276,0.5995298254812779,0.5998763560717498,0.6036129829917591,0.6015578673032955,0.602789638748244,a3d710d9e8491bf7b08c6dadb1e3ff598b6b976eb8b74ea36288b75a04bea83a,design_008_roster_1.25_capacity_1.2_zip_0.8,1.2,0.8,30,22,8,0.6272415098527887,0.029058048374486445,0.05117759109760989,True,unconstrained_latent_information_upper_bound,1.25
G,sparse ZIP coverage,0,P6,capacity_constrained_greedy_optimization,0.25,200,600,600,0.0,62.597734965509844,0.6265451643324457,0.6272415098527887,0.6493610525759121,0.675,0.0,0.905,0.7384762566247051,0.3578073089700997,0.3562222222222222,0.0,0.8351611351611351,9.45,0.305,0.04617190472463484,0.04249049423617579,0.02713003131479874,0.0019679425951260043,0.027882420857773038,0.15018434900448374,b11b8b3da49feb56b9146b60608a31df6750b43f73c5741944de153ca9408c55,a9dd40c79ec6ad9c,be9a16b6a4b4f9d3108fde941c496699f87375b3cf7b013814fffb717d586131,True,True,True,True,False,Expanded HHVBP,2025,2027,CY2025,True,public_only_semi_synthetic_capacity_pilot_not_outcome_validated,9237e030d3eeed990f7138399b26f3024037939e48d5eb89866d5bdd875af8d7,3e8af15c2120cedd72f05b7b33402c6efb6bc20946872df2b2c8592affe4e91b,10000,0.33454808638309824,persisted_reference_ecdf,True,True,False,0.6221076957806982,0.6188932670248264,0.62258973358954,0.6209607367851758,0.3717567023245412,0.6285878738557642,0.6289344044462362,0.6326710313662454,0.6306159156777819,0.6318476871227303,a3d710d9e8491bf7b08c6dadb1e3ff598b6b976eb8b74ea36288b75a04bea83a,design_008_roster_1.25_capacity_1.2_zip_0.8,1.2,0.8,30,22,8,0.6272415098527887,0.0,0.022119542723123442,True,unconstrained_latent_information_upper_bound,1.25
G,sparse ZIP coverage,0,P4,threshold_hard_zip_sponsor_policy,0.75,200,600,600,0.0,61.80357579828395,0.6186035726601867,0.6192999181805297,0.6493610525759121,0.16,0.02976190476190476,0.875,0.6825524595719875,0.32973421926910307,0.32800000000000007,0.0,0.8370519318644318,13.95,0.26166666666666666,0.055163692083854854,0.0699741976678594,0.042895109144631904,0.0031144178598777605,0.033868410721261566,0.17925462010412452,9252daf2cd9a7092b3cdd34757a4b4d05be1fffd96e94ded2d52da499573d5a3,83939f3ef2b186b2,be9a16b6a4b4f9d3108fde941c496699f87375b3cf7b013814fffb717d586131,True,True,True,True,True,Expanded HHVBP,2025,2027,CY2025,True,public_only_semi_synthetic_capacity_pilot_not_outcome_validated,9237e030d3eeed990f7138399b26f3024037939e48d5eb89866d5bdd875af8d7,3e8af15c2120cedd72f05b7b33402c6efb6bc20946872df2b2c8592affe4e91b,10000,0.5696213523887566,persisted_reference_ecdf,True,True,False,0.6141661041084393,0.6109516753525676,0.614648141917281,0.613019145112917,0.3796982939968001,0.6206462821835053,0.6209928127739772,0.6247294396939865,0.622674324005523,0.6239060954504714,a3d710d9e8491bf7b08c6dadb1e3ff598b6b976eb8b74ea36288b75a04bea83a,design_008_roster_1.25_capacity_1.2_zip_0.8,1.2,0.8,30,22,8,0.6275518794969599,0.008251961316430245,0.030061134395382494,True,unconstrained_latent_information_upper_bound,1.25
G,sparse ZIP coverage,0,P5,threshold_soft_zip_bonus,0.75,200,600,600,0.0,59.61436545124889,0.5967114691898362,0.597407814710179,0.6493610525759121,0.16,0.0,0.2866666666666667,0.6813385716386146,0.3202104097452936,0.3182222222222222,0.0,0.8430702098827098,17.6125,0.21166666666666667,0.03331253057817296,0.04603519482625684,0.03037790514566796,0.004018157234405462,0.016625102238385092,0.12830093887940897,41f158e3b6cd35ba7ff5842e78c625d1f5e49567402f2b8ff73f99e60ea5b7ca,193cadc94bfbc864,be9a16b6a4b4f9d3108fde941c496699f87375b3cf7b013814fffb717d586131,True,True,True,True,False,Expanded HHVBP,2025,2027,CY2025,True,public_only_semi_synthetic_capacity_pilot_not_outcome_validated,9237e030d3eeed990f7138399b26f3024037939e48d5eb89866d5bdd875af8d7,3e8af15c2120cedd72f05b7b33402c6efb6bc20946872df2b2c8592affe4e91b,10000,0.5696213523887566,persisted_reference_ecdf,True,True,False,0.5922740006380887,0.5890595718822167,0.5927560384469305,0.5911270416425662,0.4015903974671508,0.5987541787131547,0.5991007093036264,0.6028373362236359,0.6007822205351724,0.6020139919801207,a3d710d9e8491bf7b08c6dadb1e3ff598b6b976eb8b74ea36288b75a04bea83a,design_008_roster_1.25_capacity_1.2_zip_0.8,1.2,0.8,30,22,8,0.6275518794969599,0.03014406478678089,0.05195323786573314,True,unconstrained_latent_information_upper_bound,1.25
G,sparse ZIP coverage,0,P6,capacity_constrained_greedy_optimization,0.75,200,600,600,0.0,62.62877192992696,0.626855533976617,0.6275518794969599,0.6493610525759121,0.16,0.0,0.9233333333333333,0.7413850348152538,0.35825027685492805,0.3566666666666667,0.0,0.8345828523328522,9.85,0.305,0.04502344257847779,0.045569578784624976,0.02789314326874759,0.0023953352329623145,0.029169460275546122,0.14987557113310612,4f6f90939534ccb5ef3010df729b5df4f934aad449b74ed55359582af94287cb,da66d28d9d0961a1,be9a16b6a4b4f9d3108fde941c496699f87375b3cf7b013814fffb717d586131,True,True,True,True,False,Expanded HHVBP,2025,2027,CY2025,True,public_only_semi_synthetic_capacity_pilot_not_outcome_validated,9237e030d3eeed990f7138399b26f3024037939e48d5eb89866d5bdd875af8d7,3e8af15c2120cedd72f05b7b33402c6efb6bc20946872df2b2c8592affe4e91b,10000,0.5696213523887566,persisted_reference_ecdf,True,True,False,0.6224180654248694,0.6192036366689976,0.6229001032337113,0.6212711064293471,0.37144633268037,0.6288982434999355,0.6292447740904072,0.6329814010104167,0.6309262853219532,0.6321580567669016,a3d710d9e8491bf7b08c6dadb1e3ff598b6b976eb8b74ea36288b75a04bea83a,design_008_roster_1.25_capacity_1.2_zip_0.8,1.2,0.8,30,22,8,0.6275518794969599,0.0,0.02180917307895225,True,unconstrained_latent_information_upper_bound,1.25
H,clinician capacity shortage,0,P4,threshold_hard_zip_sponsor_policy,0.25,200,600,478,0.20333333333333337,49.13210619457023,0.49189240087426345,0.49161220484760215,0.6491952710351444,0.675,0.046153846153846156,0.5585774058577406,0.657436556049822,0.3055788005578801,0.3055788005578801,0.0,0.9666666666666667,15.052301255230125,0.2615062761506276,0.07537440328897183,0.115488511852825,0.07166423195308891,0.04139620202419614,0.05267045995262831,0.24477250063634337,96e956809f3868bcfad18ffa7cda79882658dbc9a4d9e6d3d28a57f02232d30d,7d14fc8d290c028e,2ae5c6dd88682804739752873edbdc35c3f780ee6427501194380db150a89bc3,True,True,True,True,True,Expanded HHVBP,2025,2027,CY2025,True,public_only_semi_synthetic_capacity_pilot_not_outcome_validated,9237e030d3eeed990f7138399b26f3024037939e48d5eb89866d5bdd875af8d7,3e8af15c2120cedd72f05b7b33402c6efb6bc20946872df2b2c8592affe4e91b,10000,0.33454808638309824,persisted_reference_ecdf,True,True,False,0.48807942573572677,0.48497088669906285,0.4884451596154968,0.48573448883074977,0.5068544381762247,0.4936353567696965,0.49415194344704105,0.49792980639510015,0.4957216907824755,0.49710968864350963,a3d710d9e8491bf7b08c6dadb1e3ff598b6b976eb8b74ea36288b75a04bea83a,design_008_roster_1.25_capacity_1.2_zip_0.8,1.2,0.8,30,22,8,0.49161220484760215,0.0,0.15758306618754225,True,unconstrained_latent_information_upper_bound,1.25
H,clinician capacity shortage,0,P5,threshold_soft_zip_bonus,0.25,200,600,478,0.20333333333333337,48.43460619457023,0.48491740087426344,0.4846372048476021,0.6491952710351444,0.675,0.0,0.3075313807531381,0.657436556049822,0.3055788005578801,0.3055788005578801,0.0,0.9666666666666667,17.5,0.2615062761506276,0.06823118470561101,0.09989110001181067,0.061871116548843086,0.0365722047411714,0.04911972143067095,0.2050151169621094,82d59fa6f706c458e2cf90ab1a8c9adc4cb8e84df9e214ddf067738bbf759a8b,bd29e2846c977e18,2ae5c6dd88682804739752873edbdc35c3f780ee6427501194380db150a89bc3,True,True,True,True,False,Expanded HHVBP,2025,2027,CY2025,True,public_only_semi_synthetic_capacity_pilot_not_outcome_validated,9237e030d3eeed990f7138399b26f3024037939e48d5eb89866d5bdd875af8d7,3e8af15c2120cedd72f05b7b33402c6efb6bc20946872df2b2c8592affe4e91b,10000,0.33454808638309824,persisted_reference_ecdf,True,True,False,0.4811044257357268,0.47799588669906284,0.4814701596154968,0.47875948883074976,0.5138294381762246,0.4866603567696965,0.48717694344704104,0.49095480639510014,0.48874669078247557,0.49013468864350973,a3d710d9e8491bf7b08c6dadb1e3ff598b6b976eb8b74ea36288b75a04bea83a,design_008_roster_1.25_capacity_1.2_zip_0.8,1.2,0.8,30,22,8,0.49161220484760215,0.0069750000000000645,0.16455806618754232,True,unconstrained_latent_information_upper_bound,1.25
H,clinician capacity shortage,0,P6,capacity_constrained_greedy_optimization,0.25,200,600,478,0.20333333333333337,48.42728563247407,0.4848416166939614,0.4847068090020802,0.6491952710351444,0.675,0.0,0.8598326359832636,0.657436556049822,0.3055788005578801,0.3055788005578801,0.0,0.9666666666666667,10.26673640167364,0.2615062761506276,0.130128116685861,0.26630410063809645,0.1304073692721056,0.0671680604875814,0.10499050006075028,0.6006283588119347,2665014fcc9883b5949806d2a17a2dafc6b5c48d5dfa53e39e9424755d810b9d,c0da289ab5763ab4,2ae5c6dd88682804739752873edbdc35c3f780ee6427501194380db150a89bc3,True,True,True,True,False,Expanded HHVBP,2025,2027,CY2025,True,public_only_semi_synthetic_capacity_pilot_not_outcome_validated,9237e030d3eeed990f7138399b26f3024037939e48d5eb89866d5bdd875af8d7,3e8af15c2120cedd72f05b7b33402c6efb6bc20946872df2b2c8592affe4e91b,10000,0.33454808638309824,persisted_reference_ecdf,True,True,False,0.4809834251726418,0.47753423204647905,0.4807574998597632,0.4796786497778358,0.51391438852467,0.4866236248918377,0.4872816414703402,0.4907293336497885,0.48875133470308185,0.489990813892516,a3d710d9e8491bf7b08c6dadb1e3ff598b6b976eb8b74ea36288b75a04bea83a,design_008_roster_1.25_capacity_1.2_zip_0.8,1.2,0.8,30,22,8,0.49161220484760215,0.006905395845521967,0.16448846203306422,True,unconstrained_latent_information_upper_bound,1.25
H,clinician capacity shortage,0,P4,threshold_hard_zip_sponsor_policy,0.75,200,600,478,0.20333333333333337,49.71585619457023,0.49772990087426344,0.4974497048476021,0.6491952710351444,0.16,0.08928571428571429,0.7928870292887029,0.657436556049822,0.3055788005578801,0.3055788005578801,0.0,0.9666666666666667,14.456066945606695,0.2615062761506276,0.06926995181104323,0.11607975584054614,0.06861609121425216,0.04578445465478309,0.056098640940490996,0.23457388447240607,a15785848b9fc3f496260112b5237b173e998268ca6187833951cc1e160669cd,c2abe03b37ac18aa,2ae5c6dd88682804739752873edbdc35c3f780ee6427501194380db150a89bc3,True,True,True,True,True,Expanded HHVBP,2025,2027,CY2025,True,public_only_semi_synthetic_capacity_pilot_not_outcome_validated,9237e030d3eeed990f7138399b26f3024037939e48d5eb89866d5bdd875af8d7,3e8af15c2120cedd72f05b7b33402c6efb6bc20946872df2b2c8592affe4e91b,10000,0.5696213523887566,persisted_reference_ecdf,True,True,False,0.49391692573572676,0.49080838669906285,0.4942826596154968,0.49157198883074976,0.5010169381762246,0.4994728567696965,0.49998944344704105,0.5037673063951001,0.5015591907824756,0.5029471886435097,a3d710d9e8491bf7b08c6dadb1e3ff598b6b976eb8b74ea36288b75a04bea83a,design_008_roster_1.25_capacity_1.2_zip_0.8,1.2,0.8,30,22,8,0.4974497048476021,0.0,0.1517455661875423,True,unconstrained_latent_information_upper_bound,1.25
H,clinician capacity shortage,0,P5,threshold_soft_zip_bonus,0.75,200,600,478,0.20333333333333337,48.43710619457023,0.48494240087426344,0.48466220484760203,0.6491952710351444,0.16,0.0,0.3117154811715481,0.657436556049822,0.3055788005578801,0.3055788005578801,0.0,0.9666666666666667,17.688284518828453,0.2615062761506276,0.06668582912506277,0.10222903779747478,0.06100576106387645,0.039808959085248063,0.05060553881526819,0.20145789136547954,8afb88df53174a5a490c7c93d8af76960d7ae76c9584c0fdcd44d390e228ed29,4bb872b643a52472,2ae5c6dd88682804739752873edbdc35c3f780ee6427501194380db150a89bc3,True,True,True,True,False,Expanded HHVBP,2025,2027,CY2025,True,public_only_semi_synthetic_capacity_pilot_not_outcome_validated,9237e030d3eeed990f7138399b26f3024037939e48d5eb89866d5bdd875af8d7,3e8af15c2120cedd72f05b7b33402c6efb6bc20946872df2b2c8592affe4e91b,10000,0.5696213523887566,persisted_reference_ecdf,True,True,False,0.48112942573572676,0.47802088669906284,0.48149515961549677,0.4787844888307497,0.5138044381762246,0.4866853567696966,0.4872019434470411,0.49097980639510025,0.4887716907824756,0.49015968864350973,a3d710d9e8491bf7b08c6dadb1e3ff598b6b976eb8b74ea36288b75a04bea83a,design_008_roster_1.25_capacity_1.2_zip_0.8,1.2,0.8,30,22,8,0.4974497048476021,0.012787500000000063,0.16453306618754238,True,unconstrained_latent_information_upper_bound,1.25
H,clinician capacity shortage,0,P6,capacity_constrained_greedy_optimization,0.75,200,600,478,0.20333333333333337,48.437285632474065,0.48494161669396135,0.4848068090020802,0.6491952710351444,0.16,0.0,0.8702928870292888,0.657436556049822,0.3055788005578801,0.3055788005578801,0.0,0.9666666666666667,10.643305439330543,0.2615062761506276,0.12970039125002492,0.26474599599226406,0.12902891117336324,0.0683746687719084,0.10448544530596582,0.601970205413327,f9218848df5e5285b7e2bfe27a87cd238cb95c3ae7575aa5668bbfe803eb8fb1,8e33c1bc71f51fca,2ae5c6dd88682804739752873edbdc35c3f780ee6427501194380db150a89bc3,True,True,True,True,False,Expanded HHVBP,2025,2027,CY2025,True,public_only_semi_synthetic_capacity_pilot_not_outcome_validated,9237e030d3eeed990f7138399b26f3024037939e48d5eb89866d5bdd875af8d7,3e8af15c2120cedd72f05b7b33402c6efb6bc20946872df2b2c8592affe4e91b,10000,0.5696213523887566,persisted_reference_ecdf,True,True,False,0.48108342517264174,0.47763423204647903,0.4808574998597633,0.4797786497778359,0.51381438852467,0.48672362489183757,0.48738164147034013,0.4908293336497885,0.48885133470308184,0.49009081389251596,a3d710d9e8491bf7b08c6dadb1e3ff598b6b976eb8b74ea36288b75a04bea83a,design_008_roster_1.25_capacity_1.2_zip_0.8,1.2,0.8,30,22,8,0.4974497048476021,0.012642895845521918,0.16438846203306423,True,unconstrained_latent_information_upper_bound,1.25
