scenario,scenario_description,seed,policy,policy_name,threshold_percentile,n_patients,n_service_needs,assigned_count,unassigned_rate,tps_proxy,simulated_outcome_utility,expected_outcome_utility,scenario_oracle_utility,high_risk_full_pool_share,zip_fallback_rate,zip_continuity_rate,workload_spread,workload_gini,new_assignment_workload_gini,max_overload,mean_utilization,travel_proxy,top_tier_access_rate,fairness_gap_age_group,fairness_gap_zip,fairness_gap_area_type,fairness_gap_housing_type,fairness_gap_house_price_group,fairness_gap_clinical_need_decile,assignment_signature,threshold_rerun_id,rerun_design_fingerprint,common_random_numbers,capacity_constraints_enforced,availability_constraints_enforced,discipline_constraints_enforced,ot_deterministic_rotation_preserved,cms_model,performance_year,payment_year,measure_set_version,cms_version_locked,threshold_source,risk_reference_id,risk_reference_config_hash,risk_reference_sample_size,threshold_raw_equivalent,risk_percentile_semantics,public_data_only,synthetic_data,production_validated,metric_performance_DFS,metric_performance_Dyspnea,metric_performance_Oral_Meds,metric_performance_DTC,metric_performance_PPH,metric_performance_Care_of_Patients,metric_performance_Communications,metric_performance_Care_Issues,metric_performance_Agency_Rating,metric_performance_Recommend,config_hash,design_label,capacity_ratio,zip_sparsity,roster_RN,roster_PT,roster_OT,best_included_policy_utility,regret_vs_best_included_policy,regret_vs_scenario_oracle,oracle_regret_available,regret_reference,roster_scale
A,additive clinician-quality effect,0,P0,deterministic_round_robin_baseline,0.75,500,1500,1496,0.002666666666666706,61.04945315338271,0.6118760691148094,0.6114076814840325,0.6523993545019661,0.2,0.0,0.8348930481283422,0.6784472042082352,0.3017588910978575,0.2989081996434939,0.0,0.9605008073953499,17.30447860962567,0.2647058823529412,0.08038689089753936,0.09383757710143892,0.07027048491628007,0.014879998966738417,0.058791288566731215,0.20467700153766094,070faca68cbfa6e7cd8c081ce74db10e5bdc28552ed81898463316d6bf3c1d45,31beb94c617b60d0,c64ca534d64c96c5063d79f320e1a2b6af5c0685e053a588366757806ad78e1f,True,True,True,True,False,Expanded HHVBP,2025,2027,CY2025,True,public_only_semi_synthetic_capacity_pilot_not_outcome_validated,9237e030d3eeed990f7138399b26f3024037939e48d5eb89866d5bdd875af8d7,3e8af15c2120cedd72f05b7b33402c6efb6bc20946872df2b2c8592affe4e91b,10000,0.5696213523887566,persisted_reference_ecdf,True,True,False,0.603666493204228,0.6037895752625924,0.6073324857149878,0.6040664657603213,0.3874319376395487,0.6140145566786528,0.615571414435056,0.615105324073304,0.6221135944566806,0.6205327192018191,d7af79908abcc580407c5afc6af4d4e3df8b8f7f2f733cedf13927890ee47d93,design_001_roster_1_capacity_1.05_zip_0.25,1.05,0.25,24,18,6,0.6206935813687521,0.009285899884719617,0.040991673017933605,True,unconstrained_latent_information_upper_bound,1.0
A,additive clinician-quality effect,0,P1,highest_scoring_feasible,0.75,500,1500,1496,0.002666666666666706,61.86127788492845,0.6199943164302669,0.6195259287994899,0.6523993545019661,0.2,0.0,0.9893048128342246,0.6892972223222247,0.3158962889330683,0.31297348484848486,0.0,0.9551035871223541,11.569184491978609,0.26871657754010697,0.09194252332880215,0.09905492240912772,0.0738318164296301,0.015151623481154286,0.05602913693818723,0.20277013840581193,10f8c668da51f9bf2493c54cdaf6242b47d6828ee82e7839b82103637bd0ab9e,8cbfe890e4d23271,c64ca534d64c96c5063d79f320e1a2b6af5c0685e053a588366757806ad78e1f,True,True,True,True,False,Expanded HHVBP,2025,2027,CY2025,True,public_only_semi_synthetic_capacity_pilot_not_outcome_validated,9237e030d3eeed990f7138399b26f3024037939e48d5eb89866d5bdd875af8d7,3e8af15c2120cedd72f05b7b33402c6efb6bc20946872df2b2c8592affe4e91b,10000,0.5696213523887566,persisted_reference_ecdf,True,True,False,0.6117847405196855,0.6119078225780498,0.6154507330304453,0.6121847130757787,0.3793136903240913,0.6221328039941103,0.6236896617505134,0.6232235713887615,0.6302318417721381,0.6286509665172766,d7af79908abcc580407c5afc6af4d4e3df8b8f7f2f733cedf13927890ee47d93,design_001_roster_1_capacity_1.05_zip_0.25,1.05,0.25,24,18,6,0.6206935813687521,0.001167652569262212,0.0328734257024762,True,unconstrained_latent_information_upper_bound,1.0
A,additive clinician-quality effect,0,P2,historical_raw_rho_mirrored,0.75,500,1500,1496,0.002666666666666706,60.926046412189514,0.6106420017028774,0.6101736140721005,0.6523993545019661,0.2,0.0,0.8101604278074866,0.6933222051307176,0.31658659156174074,0.31355837789661334,0.0,0.9532907196969697,17.209224598930483,0.24866310160427807,0.05608841508946594,0.07786987474339502,0.0604575546542484,0.01022323686030524,0.04491108055678927,0.15173821624867223,83109b2b6e116a3e5691b79221c0b2cea3fe0808428c30e8c3b3d5195b5908f9,f860e101b509c39b,c64ca534d64c96c5063d79f320e1a2b6af5c0685e053a588366757806ad78e1f,True,True,True,True,False,Expanded HHVBP,2025,2027,CY2025,True,public_only_semi_synthetic_capacity_pilot_not_outcome_validated,9237e030d3eeed990f7138399b26f3024037939e48d5eb89866d5bdd875af8d7,3e8af15c2120cedd72f05b7b33402c6efb6bc20946872df2b2c8592affe4e91b,10000,0.5696213523887566,persisted_reference_ecdf,True,True,False,0.6024324257922962,0.6025555078506605,0.606098418303056,0.6028323983483894,0.38866600505148063,0.6127804892667209,0.6143373470231241,0.6138712566613722,0.6208795270447487,0.6192986517898872,d7af79908abcc580407c5afc6af4d4e3df8b8f7f2f733cedf13927890ee47d93,design_001_roster_1_capacity_1.05_zip_0.25,1.05,0.25,24,18,6,0.6206935813687521,0.010519967296651611,0.0422257404298656,True,unconstrained_latent_information_upper_bound,1.0
A,additive clinician-quality effect,0,P3,percentile_mirrored_no_zip,0.75,500,1500,1496,0.002666666666666706,60.90014021128872,0.6103829396938695,0.6099145520630926,0.6523993545019661,0.2,0.0,0.7981283422459893,0.691007654106274,0.31343881157499465,0.3106060606060608,0.0,0.9547692143206256,17.15909090909091,0.25133689839572193,0.048477703282221896,0.06968799195579312,0.05369873703859296,0.01062450382270963,0.04102866166613772,0.13580407574335884,31531c128d66c403158ae14f9f7c05d27dd96f4100d1f13f55305029fd203c07,0815bbfeb6a78e9f,c64ca534d64c96c5063d79f320e1a2b6af5c0685e053a588366757806ad78e1f,True,True,True,True,False,Expanded HHVBP,2025,2027,CY2025,True,public_only_semi_synthetic_capacity_pilot_not_outcome_validated,9237e030d3eeed990f7138399b26f3024037939e48d5eb89866d5bdd875af8d7,3e8af15c2120cedd72f05b7b33402c6efb6bc20946872df2b2c8592affe4e91b,10000,0.5696213523887566,persisted_reference_ecdf,True,True,False,0.6021733637832881,0.6022964458416525,0.605839356294048,0.6025733363393815,0.3889250670604886,0.612521427257713,0.6140782850141162,0.6136121946523642,0.6206204650357406,0.6190395897808793,d7af79908abcc580407c5afc6af4d4e3df8b8f7f2f733cedf13927890ee47d93,design_001_roster_1_capacity_1.05_zip_0.25,1.05,0.25,24,18,6,0.6206935813687521,0.010779029305659438,0.042484802438873426,True,unconstrained_latent_information_upper_bound,1.0
A,additive clinician-quality effect,0,P4,threshold_hard_zip_sponsor_policy,0.75,500,1500,1496,0.002666666666666706,61.402410235221296,0.6154056399331952,0.6149372523024184,0.6523993545019661,0.2,0.006666666666666667,0.9525401069518716,0.6846022913161535,0.312279103158825,0.3096312388591802,0.0,0.954395178147816,16.90842245989305,0.2606951871657754,0.05962560159703978,0.07779772933384299,0.05552766608289783,0.010781582429160164,0.04813021993424682,0.15783767142655858,6404dd5711944587aa57ea68f67fe73ccea2b87afe8e98c111a5059d4be694da,d4c73e67fc5385cc,c64ca534d64c96c5063d79f320e1a2b6af5c0685e053a588366757806ad78e1f,True,True,True,True,True,Expanded HHVBP,2025,2027,CY2025,True,public_only_semi_synthetic_capacity_pilot_not_outcome_validated,9237e030d3eeed990f7138399b26f3024037939e48d5eb89866d5bdd875af8d7,3e8af15c2120cedd72f05b7b33402c6efb6bc20946872df2b2c8592affe4e91b,10000,0.5696213523887566,persisted_reference_ecdf,True,True,False,0.6071960640226138,0.6073191460809781,0.6108620565333737,0.6075960365787072,0.38390236682116285,0.6175441274970387,0.6191009852534419,0.6186348948916899,0.6256431652750665,0.624062290020205,d7af79908abcc580407c5afc6af4d4e3df8b8f7f2f733cedf13927890ee47d93,design_001_roster_1_capacity_1.05_zip_0.25,1.05,0.25,24,18,6,0.6206935813687521,0.005756329066333721,0.03746210219954771,True,unconstrained_latent_information_upper_bound,1.0
A,additive clinician-quality effect,0,P5,threshold_soft_zip_bonus,0.75,500,1500,1496,0.002666666666666706,60.830916547941364,0.6096907030603959,0.6092223154296189,0.6523993545019661,0.2,0.0,0.7794117647058824,0.6904278039809737,0.3119201457919152,0.30899064171123003,0.0,0.9548262450061626,16.747994652406415,0.25066844919786097,0.045808755403159984,0.06669963794982403,0.05385732454381942,0.007945564367796032,0.03973071615069623,0.1306802430584456,22577fe2dd0e54e81b59330f90bd0e4528c9e73349c164e1317584a4a306644d,e9824d72e6cb0631,c64ca534d64c96c5063d79f320e1a2b6af5c0685e053a588366757806ad78e1f,True,True,True,True,False,Expanded HHVBP,2025,2027,CY2025,True,public_only_semi_synthetic_capacity_pilot_not_outcome_validated,9237e030d3eeed990f7138399b26f3024037939e48d5eb89866d5bdd875af8d7,3e8af15c2120cedd72f05b7b33402c6efb6bc20946872df2b2c8592affe4e91b,10000,0.5696213523887566,persisted_reference_ecdf,True,True,False,0.6014811271498146,0.6016042092081789,0.6051471196605744,0.6018810997059079,0.3896173036939622,0.6118291906242393,0.6133860483806426,0.6129199580188907,0.6199282284022671,0.6183473531474057,d7af79908abcc580407c5afc6af4d4e3df8b8f7f2f733cedf13927890ee47d93,design_001_roster_1_capacity_1.05_zip_0.25,1.05,0.25,24,18,6,0.6206935813687521,0.011471265939133168,0.043177039072347156,True,unconstrained_latent_information_upper_bound,1.0
A,additive clinician-quality effect,0,P6,capacity_constrained_greedy_optimization,0.75,500,1500,1496,0.002666666666666706,61.9782990380961,0.6211666707549983,0.6206935813687521,0.6523993545019661,0.2,0.0,0.9946524064171123,0.6824744023390201,0.3086895294897283,0.30553698752228176,0.0,0.9578496939076712,8.676470588235293,0.26871657754010697,0.030058209693563653,0.0627810451169436,0.0481529365192892,0.009060905738004332,0.03606939038596413,0.12644215384841062,e66dabc7c4ff149b3d1ed34988505c1ebd3e99857ed87c75f018bcc038920b8c,481751e550a10161,c64ca534d64c96c5063d79f320e1a2b6af5c0685e053a588366757806ad78e1f,True,True,True,True,False,Expanded HHVBP,2025,2027,CY2025,True,public_only_semi_synthetic_capacity_pilot_not_outcome_validated,9237e030d3eeed990f7138399b26f3024037939e48d5eb89866d5bdd875af8d7,3e8af15c2120cedd72f05b7b33402c6efb6bc20946872df2b2c8592affe4e91b,10000,0.5696213523887566,persisted_reference_ecdf,True,True,False,0.6129557833873619,0.6131169114209901,0.6166338606173111,0.6133560718524694,0.37815259860181033,0.6233004565633725,0.6248421994864073,0.6243959093959413,0.6313994943414003,0.6298186190865388,d7af79908abcc580407c5afc6af4d4e3df8b8f7f2f733cedf13927890ee47d93,design_001_roster_1_capacity_1.05_zip_0.25,1.05,0.25,24,18,6,0.6206935813687521,0.0,0.03170577313321399,True,unconstrained_latent_information_upper_bound,1.0
A,additive clinician-quality effect,0,P7,latent_quality_capacity_greedy_comparator,0.75,500,1500,1496,0.002666666666666706,61.92420009917935,0.6206158053108788,0.6201389837469448,0.6523993545019661,0.2,0.0,0.9993315508021391,0.6928355737966161,0.31689032471835654,0.3140318627450982,0.0,0.9540311750063348,11.559157754010695,0.26871657754010697,0.10892498824865127,0.14277682200203556,0.10943395798543987,0.025923491292004774,0.08244066286380614,0.2857550643467539,c63a4c655822edad2a6ffb59d7318f36ed43a8d8760cb861729fd3c069dec54b,54a02334cde989bc,c64ca534d64c96c5063d79f320e1a2b6af5c0685e053a588366757806ad78e1f,True,True,True,True,False,Expanded HHVBP,2025,2027,CY2025,True,public_only_semi_synthetic_capacity_pilot_not_outcome_validated,9237e030d3eeed990f7138399b26f3024037939e48d5eb89866d5bdd875af8d7,3e8af15c2120cedd72f05b7b33402c6efb6bc20946872df2b2c8592affe4e91b,10000,0.5696213523887566,persisted_reference_ecdf,True,True,False,0.6124388527744707,0.6125150446634514,0.6160762956038737,0.6128195049350593,0.37867897799663863,0.62274708682435,0.6242876018645999,0.6238326510181211,0.6308448967195929,0.6292750967019083,d7af79908abcc580407c5afc6af4d4e3df8b8f7f2f733cedf13927890ee47d93,design_001_roster_1_capacity_1.05_zip_0.25,1.05,0.25,24,18,6,0.6206935813687521,0.0005545976218073179,0.032260370755021306,True,unconstrained_latent_information_upper_bound,1.0
A,additive clinician-quality effect,1,P0,deterministic_round_robin_baseline,0.75,500,1500,1454,0.03066666666666662,59.75430074962378,0.5991524015102453,0.5987256293074882,0.6546910630855933,0.22,0.0,0.7572214580467675,0.7106014892360307,0.31632682202421747,0.31530834479596526,0.0,0.9188249237218468,17.231774415405777,0.3012379642365887,0.0858619132722308,0.10066009355366001,0.08033785767863744,0.023304088084647456,0.05564283607442788,0.19718773474744178,89761c16f5dda1b78011ce724f7b03068326fef809f566ea24370af5ea9f0861,6ff925044fe39890,f2819b626c805eaa9493b2336df5affa99462e8e0ab3a04c3db1e67e677c09f5,True,True,True,True,False,Expanded HHVBP,2025,2027,CY2025,True,public_only_semi_synthetic_capacity_pilot_not_outcome_validated,9237e030d3eeed990f7138399b26f3024037939e48d5eb89866d5bdd875af8d7,3e8af15c2120cedd72f05b7b33402c6efb6bc20946872df2b2c8592affe4e91b,10000,0.5696213523887566,persisted_reference_ecdf,True,True,False,0.5897601396608471,0.5919744094174778,0.5919140687229194,0.5949023066636026,0.4005967211201185,0.5988787153733747,0.6014192143908814,0.6055275802346887,0.6086678890897467,0.6090764126690339,d7af79908abcc580407c5afc6af4d4e3df8b8f7f2f733cedf13927890ee47d93,design_001_roster_1_capacity_1.05_zip_0.25,1.05,0.25,24,18,6,0.6119864272741145,0.01326079796662627,0.055965433778105145,True,unconstrained_latent_information_upper_bound,1.0
A,additive clinician-quality effect,1,P1,highest_scoring_feasible,0.75,500,1500,1454,0.03066666666666662,60.74775799126263,0.6090869739266339,0.6086602017238767,0.6546910630855933,0.22,0.0,0.9731774415405777,0.7200583180514283,0.3320910440941285,0.33095483723062813,0.0,0.9157958553791888,11.882737276478679,0.3074277854195323,0.08994469452326148,0.109009328878374,0.08561869828556057,0.02451654745992471,0.05948275358335264,0.20352607815911938,e82a079964472b31ef3cb6d52f72ac85d385efee9569d571734fee38b97fb206,0339f9b2b093435e,f2819b626c805eaa9493b2336df5affa99462e8e0ab3a04c3db1e67e677c09f5,True,True,True,True,False,Expanded HHVBP,2025,2027,CY2025,True,public_only_semi_synthetic_capacity_pilot_not_outcome_validated,9237e030d3eeed990f7138399b26f3024037939e48d5eb89866d5bdd875af8d7,3e8af15c2120cedd72f05b7b33402c6efb6bc20946872df2b2c8592affe4e91b,10000,0.5696213523887566,persisted_reference_ecdf,True,True,False,0.5996947120772357,0.6019089818338663,0.6018486411393079,0.6048368790799911,0.39066214870373,0.6088132877897632,0.6113537868072699,0.6154621526510772,0.6186024615061351,0.6190109850854224,d7af79908abcc580407c5afc6af4d4e3df8b8f7f2f733cedf13927890ee47d93,design_001_roster_1_capacity_1.05_zip_0.25,1.05,0.25,24,18,6,0.6119864272741145,0.0033262255502377602,0.046030861361716635,True,unconstrained_latent_information_upper_bound,1.0
A,additive clinician-quality effect,1,P2,historical_raw_rho_mirrored,0.75,500,1500,1454,0.03066666666666662,59.68653531982403,0.5984747472122479,0.5980479750094908,0.6546910630855933,0.22,0.0,0.7668500687757909,0.7301958938368227,0.32723612063056895,0.32605456212746464,0.0,0.9185312672210296,17.8146492434663,0.2799174690508941,0.06097225398499384,0.08030807053501421,0.06322628685902165,0.015640187354343693,0.046560634656249045,0.14641962810573395,8810a21ed9db53811392993ce26a7f5625ebdc27c7ba470de1685a7b08e4a4e5,95a933a88d2bc014,f2819b626c805eaa9493b2336df5affa99462e8e0ab3a04c3db1e67e677c09f5,True,True,True,True,False,Expanded HHVBP,2025,2027,CY2025,True,public_only_semi_synthetic_capacity_pilot_not_outcome_validated,9237e030d3eeed990f7138399b26f3024037939e48d5eb89866d5bdd875af8d7,3e8af15c2120cedd72f05b7b33402c6efb6bc20946872df2b2c8592affe4e91b,10000,0.5696213523887566,persisted_reference_ecdf,True,True,False,0.5890824853628497,0.5912967551194804,0.591236414424922,0.5942246523656052,0.4012743754181159,0.5982010610753773,0.6007415600928839,0.6048499259366913,0.6079902347917493,0.6083987583710364,d7af79908abcc580407c5afc6af4d4e3df8b8f7f2f733cedf13927890ee47d93,design_001_roster_1_capacity_1.05_zip_0.25,1.05,0.25,24,18,6,0.6119864272741145,0.013938452264623646,0.05664308807610252,True,unconstrained_latent_information_upper_bound,1.0
A,additive clinician-quality effect,1,P3,percentile_mirrored_no_zip,0.75,500,1500,1454,0.03066666666666662,59.71599900231356,0.5987693840371431,0.5983426118343859,0.6546910630855933,0.22,0.0,0.7682255845942229,0.7227776544784171,0.32717900388393883,0.3259685923888125,0.0,0.9191731489706451,17.443259972489685,0.2840440165061898,0.0555180412921048,0.0708376930358906,0.054424355731393925,0.015203586967101668,0.04318561297274215,0.13518641340252124,ebd9b7d3d5d5e864c32932bf62ee3c231228556b78ebbd3f6b32b4f2a62aa790,a776e6dac074dcea,f2819b626c805eaa9493b2336df5affa99462e8e0ab3a04c3db1e67e677c09f5,True,True,True,True,False,Expanded HHVBP,2025,2027,CY2025,True,public_only_semi_synthetic_capacity_pilot_not_outcome_validated,9237e030d3eeed990f7138399b26f3024037939e48d5eb89866d5bdd875af8d7,3e8af15c2120cedd72f05b7b33402c6efb6bc20946872df2b2c8592affe4e91b,10000,0.5696213523887566,persisted_reference_ecdf,True,True,False,0.5893771221877449,0.5915913919443756,0.5915310512498172,0.5945192891905003,0.4009797385932207,0.5984956979002725,0.6010361969177792,0.6051445627615865,0.6082848716166444,0.6086933951959316,d7af79908abcc580407c5afc6af4d4e3df8b8f7f2f733cedf13927890ee47d93,design_001_roster_1_capacity_1.05_zip_0.25,1.05,0.25,24,18,6,0.6119864272741145,0.01364381543972859,0.056348451251207465,True,unconstrained_latent_information_upper_bound,1.0
A,additive clinician-quality effect,1,P4,threshold_hard_zip_sponsor_policy,0.75,500,1500,1454,0.03066666666666662,60.26745654516894,0.604283959465697,0.6038571872629398,0.6546910630855933,0.22,0.01282051282051282,0.9319119669876204,0.715786704154703,0.32403758281928274,0.3228736817973408,0.0,0.9193381180223286,16.607634112792297,0.2909215955983494,0.06544084972302278,0.07806098616791779,0.06046060554235788,0.017811557155791302,0.04399617652825216,0.15742840626874377,cdc1e78cd110339bfed96defc5c2ba5775552a455c0fa27c2f252b48f67cffa1,861cf2fe9065dc34,f2819b626c805eaa9493b2336df5affa99462e8e0ab3a04c3db1e67e677c09f5,True,True,True,True,True,Expanded HHVBP,2025,2027,CY2025,True,public_only_semi_synthetic_capacity_pilot_not_outcome_validated,9237e030d3eeed990f7138399b26f3024037939e48d5eb89866d5bdd875af8d7,3e8af15c2120cedd72f05b7b33402c6efb6bc20946872df2b2c8592affe4e91b,10000,0.5696213523887566,persisted_reference_ecdf,True,True,False,0.5948916976162987,0.5971059673729294,0.5970456266783709,0.6000338646190543,0.3954651631646669,0.6040102733288263,0.606550772346333,0.6106591381901403,0.6137994470451983,0.6142079706244854,d7af79908abcc580407c5afc6af4d4e3df8b8f7f2f733cedf13927890ee47d93,design_001_roster_1_capacity_1.05_zip_0.25,1.05,0.25,24,18,6,0.6119864272741145,0.008129240011174654,0.05083387582265353,True,unconstrained_latent_information_upper_bound,1.0
A,additive clinician-quality effect,1,P5,threshold_soft_zip_bonus,0.75,500,1500,1454,0.03066666666666662,59.669860910098436,0.5983080031149919,0.5978812309122348,0.6546910630855933,0.22,0.0,0.7585969738651994,0.7252070111939588,0.3264650445510624,0.3252521779000459,0.0,0.9185195062492143,17.68053645116919,0.2833562585969739,0.05333153280068481,0.0694871005396055,0.053011973374349486,0.014588882408398174,0.04279017323817691,0.13338160584967818,4ee8b850d8b500a0abe5eb92867b840023afe7834d8435cf440068c3cb84a713,09e706fbc371141b,f2819b626c805eaa9493b2336df5affa99462e8e0ab3a04c3db1e67e677c09f5,True,True,True,True,False,Expanded HHVBP,2025,2027,CY2025,True,public_only_semi_synthetic_capacity_pilot_not_outcome_validated,9237e030d3eeed990f7138399b26f3024037939e48d5eb89866d5bdd875af8d7,3e8af15c2120cedd72f05b7b33402c6efb6bc20946872df2b2c8592affe4e91b,10000,0.5696213523887566,persisted_reference_ecdf,True,True,False,0.5889157412655938,0.5911300110222244,0.591069670327666,0.5940579082683491,0.4014411195153719,0.5980343169781213,0.600574815995628,0.6046831818394353,0.6078234906944933,0.6082320142737805,d7af79908abcc580407c5afc6af4d4e3df8b8f7f2f733cedf13927890ee47d93,design_001_roster_1_capacity_1.05_zip_0.25,1.05,0.25,24,18,6,0.6119864272741145,0.01410519636187968,0.056809832173358554,True,unconstrained_latent_information_upper_bound,1.0
A,additive clinician-quality effect,1,P6,capacity_constrained_greedy_optimization,0.75,500,1500,1454,0.03066666666666662,60.56409277604746,0.6072526215426634,0.606796541881567,0.6546910630855933,0.22,0.0,0.9779917469050894,0.717140038541267,0.32637936943111723,0.3251948647409446,0.0,0.9164965002204587,9.633768913342504,0.3074277854195323,0.021121027794036906,0.033241524515549736,0.023379793709248364,0.0017789754003154634,0.0199255518054956,0.16141672308967203,11b4ace8f103827bd6b2db386372309c2ef1da372454d0dd0e2da658b7be57cc,1e6b501021b168c1,f2819b626c805eaa9493b2336df5affa99462e8e0ab3a04c3db1e67e677c09f5,True,True,True,True,False,Expanded HHVBP,2025,2027,CY2025,True,public_only_semi_synthetic_capacity_pilot_not_outcome_validated,9237e030d3eeed990f7138399b26f3024037939e48d5eb89866d5bdd875af8d7,3e8af15c2120cedd72f05b7b33402c6efb6bc20946872df2b2c8592affe4e91b,10000,0.5696213523887566,persisted_reference_ecdf,True,True,False,0.5978954434701134,0.6001913223081233,0.5998545730048418,0.6030410672797082,0.392514382297379,0.6069251578881604,0.6095309188261518,0.6136642388864443,0.6167951735040057,0.617142702556464,d7af79908abcc580407c5afc6af4d4e3df8b8f7f2f733cedf13927890ee47d93,design_001_roster_1_capacity_1.05_zip_0.25,1.05,0.25,24,18,6,0.6119864272741145,0.0051898853925475,0.047894521204026375,True,unconstrained_latent_information_upper_bound,1.0
A,additive clinician-quality effect,1,P7,latent_quality_capacity_greedy_comparator,0.75,500,1500,1454,0.03066666666666662,61.085160849637774,0.6124541939139112,0.6119864272741145,0.6546910630855933,0.22,0.0,0.9759284731774416,0.7265738341482079,0.33311914553347055,0.33204378725355355,0.0,0.915475766517433,11.495873452544703,0.3074277854195323,0.16439767704457486,0.14545342489315904,0.11847110312935571,0.03653158227157438,0.07936153092197762,0.4131087027568988,602c85d9c07e2455589dee75db22c3471f85753bd184611b0c0aee10a3f9bd7a,c35326afc69e1747,f2819b626c805eaa9493b2336df5affa99462e8e0ab3a04c3db1e67e677c09f5,True,True,True,True,False,Expanded HHVBP,2025,2027,CY2025,True,public_only_semi_synthetic_capacity_pilot_not_outcome_validated,9237e030d3eeed990f7138399b26f3024037939e48d5eb89866d5bdd875af8d7,3e8af15c2120cedd72f05b7b33402c6efb6bc20946872df2b2c8592affe4e91b,10000,0.5696213523887566,persisted_reference_ecdf,True,True,False,0.6031211590847634,0.6052887855062393,0.6051284253727484,0.6082898180328093,0.3873020871300129,0.6121501412101863,0.6147004632222902,0.6188760160139541,0.6219623870350284,0.6223268307911056,d7af79908abcc580407c5afc6af4d4e3df8b8f7f2f733cedf13927890ee47d93,design_001_roster_1_capacity_1.05_zip_0.25,1.05,0.25,24,18,6,0.6119864272741145,0.0,0.042704635811478875,True,unconstrained_latent_information_upper_bound,1.0
B,positive high-risk by clinician-quality complementarity,0,P0,deterministic_round_robin_baseline,0.75,500,1500,1496,0.002666666666666706,61.768174144662794,0.6190632790276102,0.6185948913968332,0.6656955175676326,0.2,0.0,0.8348930481283422,0.6784472042082352,0.3017588910978575,0.2989081996434939,0.0,0.9605008073953499,17.30447860962567,0.2647058823529412,0.0644053598571106,0.07319386090847002,0.05524955887753613,0.010703722223769696,0.04685730017729728,0.16503349521994737,070faca68cbfa6e7cd8c081ce74db10e5bdc28552ed81898463316d6bf3c1d45,d2a39d8155159040,c64ca534d64c96c5063d79f320e1a2b6af5c0685e053a588366757806ad78e1f,True,True,True,True,False,Expanded HHVBP,2025,2027,CY2025,True,public_only_semi_synthetic_capacity_pilot_not_outcome_validated,9237e030d3eeed990f7138399b26f3024037939e48d5eb89866d5bdd875af8d7,3e8af15c2120cedd72f05b7b33402c6efb6bc20946872df2b2c8592affe4e91b,10000,0.5696213523887566,persisted_reference_ecdf,True,True,False,0.6108537031170288,0.6109767851753931,0.6145196956277886,0.6112536756731222,0.3802447277267479,0.6212017665914537,0.6227586243478568,0.6222925339861048,0.6293008043694813,0.6277199291146198,d7af79908abcc580407c5afc6af4d4e3df8b8f7f2f733cedf13927890ee47d93,design_001_roster_1_capacity_1.05_zip_0.25,1.05,0.25,24,18,6,0.6357122917761426,0.017117400379309422,0.04710062617079935,True,unconstrained_latent_information_upper_bound,1.0
B,positive high-risk by clinician-quality complementarity,0,P1,highest_scoring_feasible,0.75,500,1500,1496,0.002666666666666706,62.53637536376615,0.6267452912186439,0.6262769035878668,0.6656955175676326,0.2,0.0,0.9806149732620321,0.6885628794723706,0.3154268831455711,0.31247214795008915,0.0,0.9552858182208811,11.875,0.26871657754010697,0.074469011682753,0.07902367946461808,0.06165782109995377,0.011260253505417706,0.041315271149919286,0.1617841435935059,1192f2a5c543f3dcda87ddc26557841802cabc06bb0db6c0a0cc82143824c5d5,8d04029f8e6ae94a,c64ca534d64c96c5063d79f320e1a2b6af5c0685e053a588366757806ad78e1f,True,True,True,True,False,Expanded HHVBP,2025,2027,CY2025,True,public_only_semi_synthetic_capacity_pilot_not_outcome_validated,9237e030d3eeed990f7138399b26f3024037939e48d5eb89866d5bdd875af8d7,3e8af15c2120cedd72f05b7b33402c6efb6bc20946872df2b2c8592affe4e91b,10000,0.5696213523887566,persisted_reference_ecdf,True,True,False,0.6185357153080625,0.6186587973664268,0.6222017078188223,0.6189356878641558,0.37256271553571424,0.6288837787824872,0.6304406365388905,0.6299745461771386,0.6369828165605151,0.6354019413056536,d7af79908abcc580407c5afc6af4d4e3df8b8f7f2f733cedf13927890ee47d93,design_001_roster_1_capacity_1.05_zip_0.25,1.05,0.25,24,18,6,0.6357122917761426,0.009435388188275828,0.03941861397976576,True,unconstrained_latent_information_upper_bound,1.0
B,positive high-risk by clinician-quality complementarity,0,P2,historical_raw_rho_mirrored,0.75,500,1500,1496,0.002666666666666706,62.27296707876913,0.6241112083686735,0.6236428207378967,0.6656955175676326,0.2,0.0,0.8101604278074866,0.6933222051307176,0.31658659156174074,0.31355837789661334,0.0,0.9532907196969697,17.209224598930483,0.24866310160427807,0.03641536337624229,0.052836940068369254,0.04158469353942662,0.006978547825560288,0.031214935443556024,0.09915746012917992,83109b2b6e116a3e5691b79221c0b2cea3fe0808428c30e8c3b3d5195b5908f9,62b9f65a5ec8f44a,c64ca534d64c96c5063d79f320e1a2b6af5c0685e053a588366757806ad78e1f,True,True,True,True,False,Expanded HHVBP,2025,2027,CY2025,True,public_only_semi_synthetic_capacity_pilot_not_outcome_validated,9237e030d3eeed990f7138399b26f3024037939e48d5eb89866d5bdd875af8d7,3e8af15c2120cedd72f05b7b33402c6efb6bc20946872df2b2c8592affe4e91b,10000,0.5696213523887566,persisted_reference_ecdf,True,True,False,0.6159016324580923,0.6160247145164566,0.6195676249688521,0.6163016050141856,0.37519679838568454,0.626249695932517,0.6278065536889201,0.6273404633271683,0.6343487337105448,0.6327678584556834,d7af79908abcc580407c5afc6af4d4e3df8b8f7f2f733cedf13927890ee47d93,design_001_roster_1_capacity_1.05_zip_0.25,1.05,0.25,24,18,6,0.6357122917761426,0.01206947103824596,0.04205269682973589,True,unconstrained_latent_information_upper_bound,1.0
B,positive high-risk by clinician-quality complementarity,0,P3,percentile_mirrored_no_zip,0.75,500,1500,1496,0.002666666666666706,62.3828428427162,0.6252099660081444,0.6247415783773674,0.6656955175676326,0.2,0.0,0.7981283422459893,0.691007654106274,0.31343881157499465,0.3106060606060608,0.0,0.9547692143206256,17.15909090909091,0.25133689839572193,0.029222867097820404,0.04290999348906699,0.03340096679319626,0.007630060540495309,0.02663160604890713,0.08030178880483474,31531c128d66c403158ae14f9f7c05d27dd96f4100d1f13f55305029fd203c07,a37f8bd3d7e2f2d0,c64ca534d64c96c5063d79f320e1a2b6af5c0685e053a588366757806ad78e1f,True,True,True,True,False,Expanded HHVBP,2025,2027,CY2025,True,public_only_semi_synthetic_capacity_pilot_not_outcome_validated,9237e030d3eeed990f7138399b26f3024037939e48d5eb89866d5bdd875af8d7,3e8af15c2120cedd72f05b7b33402c6efb6bc20946872df2b2c8592affe4e91b,10000,0.5696213523887566,persisted_reference_ecdf,True,True,False,0.617000390097563,0.6171234721559273,0.6206663826083229,0.6174003626536563,0.37409804074621383,0.6273484535719878,0.6289053113283909,0.6284392209666391,0.6354474913500155,0.633866616095154,d7af79908abcc580407c5afc6af4d4e3df8b8f7f2f733cedf13927890ee47d93,design_001_roster_1_capacity_1.05_zip_0.25,1.05,0.25,24,18,6,0.6357122917761426,0.0109707133987752,0.04095393919026513,True,unconstrained_latent_information_upper_bound,1.0
B,positive high-risk by clinician-quality complementarity,0,P4,threshold_hard_zip_sponsor_policy,0.75,500,1500,1496,0.002666666666666706,62.67160360735902,0.6280975736545724,0.6276291860237956,0.6656955175676326,0.2,0.006666666666666667,0.9525401069518716,0.6846022913161535,0.312279103158825,0.3096312388591802,0.0,0.954395178147816,16.90842245989305,0.2606951871657754,0.04125704133727903,0.05490143408347159,0.037174209002117875,0.007559426371196665,0.03418889274025394,0.10600064544828913,6404dd5711944587aa57ea68f67fe73ccea2b87afe8e98c111a5059d4be694da,dbf6acb0bdaf71df,c64ca534d64c96c5063d79f320e1a2b6af5c0685e053a588366757806ad78e1f,True,True,True,True,True,Expanded HHVBP,2025,2027,CY2025,True,public_only_semi_synthetic_capacity_pilot_not_outcome_validated,9237e030d3eeed990f7138399b26f3024037939e48d5eb89866d5bdd875af8d7,3e8af15c2120cedd72f05b7b33402c6efb6bc20946872df2b2c8592affe4e91b,10000,0.5696213523887566,persisted_reference_ecdf,True,True,False,0.6198879977439912,0.6200110798023555,0.623553990254751,0.6202879703000844,0.3712104330997856,0.630236061218416,0.6317929189748192,0.6313268286130672,0.6383350989964437,0.6367542237415823,d7af79908abcc580407c5afc6af4d4e3df8b8f7f2f733cedf13927890ee47d93,design_001_roster_1_capacity_1.05_zip_0.25,1.05,0.25,24,18,6,0.6357122917761426,0.008083105752347053,0.038066331543836984,True,unconstrained_latent_information_upper_bound,1.0
B,positive high-risk by clinician-quality complementarity,0,P5,threshold_soft_zip_bonus,0.75,500,1500,1496,0.002666666666666706,62.318831519073534,0.6245698527717177,0.6241014651409408,0.6656955175676326,0.2,0.0,0.7794117647058824,0.6904278039809737,0.3119201457919152,0.30899064171123003,0.0,0.9548262450061626,16.747994652406415,0.25066844919786097,0.02617376131067739,0.040926712576435764,0.0331421789198626,0.00484026977796026,0.025265512302193427,0.07381177647447568,22577fe2dd0e54e81b59330f90bd0e4528c9e73349c164e1317584a4a306644d,fb652ce74805630a,c64ca534d64c96c5063d79f320e1a2b6af5c0685e053a588366757806ad78e1f,True,True,True,True,False,Expanded HHVBP,2025,2027,CY2025,True,public_only_semi_synthetic_capacity_pilot_not_outcome_validated,9237e030d3eeed990f7138399b26f3024037939e48d5eb89866d5bdd875af8d7,3e8af15c2120cedd72f05b7b33402c6efb6bc20946872df2b2c8592affe4e91b,10000,0.5696213523887566,persisted_reference_ecdf,True,True,False,0.6163602768611363,0.6164833589195006,0.6200262693718961,0.6167602494172296,0.37473815398264043,0.6267083403355611,0.6282651980919643,0.6277991077302123,0.6348073781135889,0.6332265028587275,d7af79908abcc580407c5afc6af4d4e3df8b8f7f2f733cedf13927890ee47d93,design_001_roster_1_capacity_1.05_zip_0.25,1.05,0.25,24,18,6,0.6357122917761426,0.011610826635201854,0.041594052426691785,True,unconstrained_latent_information_upper_bound,1.0
B,positive high-risk by clinician-quality complementarity,0,P6,capacity_constrained_greedy_optimization,0.75,500,1500,1496,0.002666666666666706,63.48017007883515,0.6361853811623887,0.6357122917761426,0.6656955175676326,0.2,0.0,0.9866310160427807,0.681423433522343,0.3068395184448862,0.30367090017825316,0.0,0.9583754309041211,9.142713903743315,0.26871657754010697,0.014995121413192813,0.036298344596772614,0.02590759138228338,0.005500892606886576,0.020913072856816206,0.06862133416373972,d2c9aadc7ba449ff90d75e580e2895aa457d47d55b8c5a49ae7cb35c1aebbd42,1bdb4da6bd634680,c64ca534d64c96c5063d79f320e1a2b6af5c0685e053a588366757806ad78e1f,True,True,True,True,False,Expanded HHVBP,2025,2027,CY2025,True,public_only_semi_synthetic_capacity_pilot_not_outcome_validated,9237e030d3eeed990f7138399b26f3024037939e48d5eb89866d5bdd875af8d7,3e8af15c2120cedd72f05b7b33402c6efb6bc20946872df2b2c8592affe4e91b,10000,0.5696213523887566,persisted_reference_ecdf,True,True,False,0.6279744937947525,0.6281356218283807,0.6316525710247016,0.62837478225986,0.3631338881944198,0.638319166970763,0.6398609098937978,0.6394146198033318,0.6464182047487909,0.6448373294939292,d7af79908abcc580407c5afc6af4d4e3df8b8f7f2f733cedf13927890ee47d93,design_001_roster_1_capacity_1.05_zip_0.25,1.05,0.25,24,18,6,0.6357122917761426,0.0,0.02998322579148993,True,unconstrained_latent_information_upper_bound,1.0
B,positive high-risk by clinician-quality complementarity,0,P7,latent_quality_capacity_greedy_comparator,0.75,500,1500,1496,0.002666666666666706,61.72011323562677,0.6185749366753531,0.618098115111419,0.6656955175676326,0.2,0.0,0.9959893048128342,0.6964770210763214,0.31733211840070696,0.3143660873440286,0.0,0.9536988800946006,11.29846256684492,0.26871657754010697,0.0995411143691931,0.1342006000835727,0.10508132498087253,0.021800676034981703,0.0755446623800553,0.2689585646357084,e6767310fd5bce90f9a073d25c564f11d158801276b4bd2af8a5c19cc77acaa3,106353895fe3edc2,c64ca534d64c96c5063d79f320e1a2b6af5c0685e053a588366757806ad78e1f,True,True,True,True,False,Expanded HHVBP,2025,2027,CY2025,True,public_only_semi_synthetic_capacity_pilot_not_outcome_validated,9237e030d3eeed990f7138399b26f3024037939e48d5eb89866d5bdd875af8d7,3e8af15c2120cedd72f05b7b33402c6efb6bc20946872df2b2c8592affe4e91b,10000,0.5696213523887566,persisted_reference_ecdf,True,True,False,0.6103979841389451,0.6104741760279258,0.614035426968348,0.6107786362995336,0.3807198466321644,0.6207062181888242,0.6222467332290741,0.6217917823825954,0.6288040280840671,0.6272342280663825,d7af79908abcc580407c5afc6af4d4e3df8b8f7f2f733cedf13927890ee47d93,design_001_roster_1_capacity_1.05_zip_0.25,1.05,0.25,24,18,6,0.6357122917761426,0.017614176664723646,0.04759740245621358,True,unconstrained_latent_information_upper_bound,1.0
B,positive high-risk by clinician-quality complementarity,1,P0,deterministic_round_robin_baseline,0.75,500,1500,1454,0.03066666666666662,60.74951643067419,0.6091045583207495,0.6086777861179922,0.6715181425955062,0.22,0.0,0.7572214580467675,0.7106014892360307,0.31632682202421747,0.31530834479596526,0.0,0.9188249237218468,17.231774415405777,0.3012379642365887,0.06032354095669801,0.08131939560496892,0.06547502137636341,0.01800818988266817,0.045190318069253,0.14523811209765114,89761c16f5dda1b78011ce724f7b03068326fef809f566ea24370af5ea9f0861,74bc14adc82d4946,f2819b626c805eaa9493b2336df5affa99462e8e0ab3a04c3db1e67e677c09f5,True,True,True,True,False,Expanded HHVBP,2025,2027,CY2025,True,public_only_semi_synthetic_capacity_pilot_not_outcome_validated,9237e030d3eeed990f7138399b26f3024037939e48d5eb89866d5bdd875af8d7,3e8af15c2120cedd72f05b7b33402c6efb6bc20946872df2b2c8592affe4e91b,10000,0.5696213523887566,persisted_reference_ecdf,True,True,False,0.5997122964713512,0.6019265662279819,0.6018662255334235,0.6048544634741067,0.3906445643096145,0.6088308721838788,0.6113713712013855,0.6154797370451928,0.6186200459002508,0.619028569479538,d7af79908abcc580407c5afc6af4d4e3df8b8f7f2f733cedf13927890ee47d93,design_001_roster_1_capacity_1.05_zip_0.25,1.05,0.25,24,18,6,0.6246126098115983,0.015934823693606104,0.06284035647751407,True,unconstrained_latent_information_upper_bound,1.0
B,positive high-risk by clinician-quality complementarity,1,P1,highest_scoring_feasible,0.75,500,1500,1454,0.03066666666666662,61.66934126808472,0.6183028066948548,0.6178760344920976,0.6715181425955062,0.22,0.0,0.9607977991746905,0.719557091411715,0.3314913182545123,0.33035304906006435,0.0,0.9161926807760142,12.254126547455297,0.3074277854195323,0.06422815141376614,0.08969136441058545,0.07123632440698735,0.02040243406536879,0.04803732178654141,0.1526185514765931,7a6d4ed8a268b176c7b573ce14b34cf32c111b3b485d357dcfc2439824d9bf53,79bfd9e043f54e9a,f2819b626c805eaa9493b2336df5affa99462e8e0ab3a04c3db1e67e677c09f5,True,True,True,True,False,Expanded HHVBP,2025,2027,CY2025,True,public_only_semi_synthetic_capacity_pilot_not_outcome_validated,9237e030d3eeed990f7138399b26f3024037939e48d5eb89866d5bdd875af8d7,3e8af15c2120cedd72f05b7b33402c6efb6bc20946872df2b2c8592affe4e91b,10000,0.5696213523887566,persisted_reference_ecdf,True,True,False,0.6089105448454566,0.6111248146020872,0.6110644739075289,0.614052711848212,0.38144631593550904,0.6180291205579841,0.6205696195754908,0.6246779854192981,0.6278182942743561,0.6282268178536433,d7af79908abcc580407c5afc6af4d4e3df8b8f7f2f733cedf13927890ee47d93,design_001_roster_1_capacity_1.05_zip_0.25,1.05,0.25,24,18,6,0.6246126098115983,0.006736575319500671,0.05364210810340864,True,unconstrained_latent_information_upper_bound,1.0
B,positive high-risk by clinician-quality complementarity,1,P2,historical_raw_rho_mirrored,0.75,500,1500,1454,0.03066666666666662,61.237607769168946,0.6139854717056971,0.6135586995029398,0.6715181425955062,0.22,0.0,0.7668500687757909,0.7301958938368227,0.32723612063056895,0.32605456212746464,0.0,0.9185312672210296,17.8146492434663,0.2799174690508941,0.035633218767644914,0.05325231025669275,0.04198904266092096,0.009243339685967134,0.03331107332695393,0.08575323018369951,8810a21ed9db53811392993ce26a7f5625ebdc27c7ba470de1685a7b08e4a4e5,452753892fbe36d5,f2819b626c805eaa9493b2336df5affa99462e8e0ab3a04c3db1e67e677c09f5,True,True,True,True,False,Expanded HHVBP,2025,2027,CY2025,True,public_only_semi_synthetic_capacity_pilot_not_outcome_validated,9237e030d3eeed990f7138399b26f3024037939e48d5eb89866d5bdd875af8d7,3e8af15c2120cedd72f05b7b33402c6efb6bc20946872df2b2c8592affe4e91b,10000,0.5696213523887566,persisted_reference_ecdf,True,True,False,0.6045932098562988,0.6068074796129295,0.6067471389183711,0.6097353768590543,0.38576365092466675,0.6137117855688263,0.6162522845863331,0.6203606504301403,0.6235009592851983,0.6239094828644856,d7af79908abcc580407c5afc6af4d4e3df8b8f7f2f733cedf13927890ee47d93,design_001_roster_1_capacity_1.05_zip_0.25,1.05,0.25,24,18,6,0.6246126098115983,0.011053910308658432,0.0579594430925664,True,unconstrained_latent_information_upper_bound,1.0
B,positive high-risk by clinician-quality complementarity,1,P3,percentile_mirrored_no_zip,0.75,500,1500,1454,0.03066666666666662,61.43827928897516,0.6159921869037592,0.615565414701002,0.6715181425955062,0.22,0.0,0.7682255845942229,0.7227776544784171,0.32717900388393883,0.3259685923888125,0.0,0.9191731489706451,17.443259972489685,0.2840440165061898,0.02690473222519696,0.0427831406924557,0.032096870086677165,0.009120918276960599,0.02909369028927211,0.07184660978054025,ebd9b7d3d5d5e864c32932bf62ee3c231228556b78ebbd3f6b32b4f2a62aa790,9311ef8ab6e61aea,f2819b626c805eaa9493b2336df5affa99462e8e0ab3a04c3db1e67e677c09f5,True,True,True,True,False,Expanded HHVBP,2025,2027,CY2025,True,public_only_semi_synthetic_capacity_pilot_not_outcome_validated,9237e030d3eeed990f7138399b26f3024037939e48d5eb89866d5bdd875af8d7,3e8af15c2120cedd72f05b7b33402c6efb6bc20946872df2b2c8592affe4e91b,10000,0.5696213523887566,persisted_reference_ecdf,True,True,False,0.6065999250543609,0.6088141948109916,0.6087538541164332,0.6117420920571165,0.3837569357266046,0.6157185007668885,0.6182589997843952,0.6223673656282025,0.6255076744832605,0.6259161980625476,d7af79908abcc580407c5afc6af4d4e3df8b8f7f2f733cedf13927890ee47d93,design_001_roster_1_capacity_1.05_zip_0.25,1.05,0.25,24,18,6,0.6246126098115983,0.009047195110596262,0.05595272789450423,True,unconstrained_latent_information_upper_bound,1.0
B,positive high-risk by clinician-quality complementarity,1,P4,threshold_hard_zip_sponsor_policy,0.75,500,1500,1454,0.03066666666666662,61.82224144537805,0.6198318084677881,0.6194050362650307,0.6715181425955062,0.22,0.01282051282051282,0.9319119669876204,0.715786704154703,0.32403758281928274,0.3228736817973408,0.0,0.9193381180223286,16.607634112792297,0.2909215955983494,0.03720872485656901,0.05214542601105909,0.039673995120589556,0.01222397918740048,0.03079969468221122,0.09698220008452829,cdc1e78cd110339bfed96defc5c2ba5775552a455c0fa27c2f252b48f67cffa1,441f288a88e7bc8f,f2819b626c805eaa9493b2336df5affa99462e8e0ab3a04c3db1e67e677c09f5,True,True,True,True,True,Expanded HHVBP,2025,2027,CY2025,True,public_only_semi_synthetic_capacity_pilot_not_outcome_validated,9237e030d3eeed990f7138399b26f3024037939e48d5eb89866d5bdd875af8d7,3e8af15c2120cedd72f05b7b33402c6efb6bc20946872df2b2c8592affe4e91b,10000,0.5696213523887566,persisted_reference_ecdf,True,True,False,0.6104395466183897,0.6126538163750204,0.6125934756804621,0.6155817136211452,0.37991731416257585,0.6195581223309173,0.622098621348424,0.6262069871922313,0.6293472960472892,0.6297558196265765,d7af79908abcc580407c5afc6af4d4e3df8b8f7f2f733cedf13927890ee47d93,design_001_roster_1_capacity_1.05_zip_0.25,1.05,0.25,24,18,6,0.6246126098115983,0.005207573546567534,0.0521131063304755,True,unconstrained_latent_information_upper_bound,1.0
B,positive high-risk by clinician-quality complementarity,1,P5,threshold_soft_zip_bonus,0.75,500,1500,1454,0.03066666666666662,61.3749353583774,0.6153587475977815,0.6149319753950243,0.6715181425955062,0.22,0.0,0.7585969738651994,0.7252070111939588,0.3264650445510624,0.3252521779000459,0.0,0.9185195062492143,17.68053645116919,0.2833562585969739,0.026270848849302086,0.042026013195800904,0.031193956941275136,0.008735695932141962,0.029069116004788675,0.07535723085295776,4ee8b850d8b500a0abe5eb92867b840023afe7834d8435cf440068c3cb84a713,121efaf6044fe2d9,f2819b626c805eaa9493b2336df5affa99462e8e0ab3a04c3db1e67e677c09f5,True,True,True,True,False,Expanded HHVBP,2025,2027,CY2025,True,public_only_semi_synthetic_capacity_pilot_not_outcome_validated,9237e030d3eeed990f7138399b26f3024037939e48d5eb89866d5bdd875af8d7,3e8af15c2120cedd72f05b7b33402c6efb6bc20946872df2b2c8592affe4e91b,10000,0.5696213523887566,persisted_reference_ecdf,True,True,False,0.6059664857483834,0.608180755505014,0.6081204148104556,0.6111086527511388,0.3843903750325823,0.6150850614609109,0.6176255604784177,0.6217339263222249,0.6248742351772829,0.62528275875657,d7af79908abcc580407c5afc6af4d4e3df8b8f7f2f733cedf13927890ee47d93,design_001_roster_1_capacity_1.05_zip_0.25,1.05,0.25,24,18,6,0.6246126098115983,0.009680634416573963,0.05658616720048193,True,unconstrained_latent_information_upper_bound,1.0
B,positive high-risk by clinician-quality complementarity,1,P6,capacity_constrained_greedy_optimization,0.75,500,1500,1454,0.03066666666666662,62.345699569050595,0.6250686894726948,0.6246126098115983,0.6715181425955062,0.22,0.0,0.9786795048143053,0.717140038541267,0.3263222526844871,0.3251375515818433,0.0,0.9164902998236332,9.917469050894086,0.3074277854195323,0.037334096075973267,0.008447788714469606,0.0030804355400378958,0.005132525191408832,0.005041993436639802,0.160790225484303,fefcd3cd409f98608d2b3f66dd75ecca7646d744f28c37bead542056add05869,664eddae3dae8356,f2819b626c805eaa9493b2336df5affa99462e8e0ab3a04c3db1e67e677c09f5,True,True,True,True,False,Expanded HHVBP,2025,2027,CY2025,True,public_only_semi_synthetic_capacity_pilot_not_outcome_validated,9237e030d3eeed990f7138399b26f3024037939e48d5eb89866d5bdd875af8d7,3e8af15c2120cedd72f05b7b33402c6efb6bc20946872df2b2c8592affe4e91b,10000,0.5696213523887566,persisted_reference_ecdf,True,True,False,0.6157115114001448,0.6180073902381545,0.6176706409348731,0.6208571352097395,0.3746983143673477,0.6247412258181917,0.6273469867561832,0.6314803068164756,0.634611241434037,0.6349587704864953,d7af79908abcc580407c5afc6af4d4e3df8b8f7f2f733cedf13927890ee47d93,design_001_roster_1_capacity_1.05_zip_0.25,1.05,0.25,24,18,6,0.6246126098115983,0.0,0.046905532783907966,True,unconstrained_latent_information_upper_bound,1.0
B,positive high-risk by clinician-quality complementarity,1,P7,latent_quality_capacity_greedy_comparator,0.75,500,1500,1454,0.03066666666666662,61.21901409075048,0.6137968074489,0.6133307067220388,0.6715181425955062,0.22,0.0,0.9594222833562586,0.7218098703776695,0.3338902216129771,0.3327888583218708,0.0,0.9164902998236332,12.00653370013755,0.3074277854195323,0.145037599136836,0.1261615034679251,0.10284138151437183,0.03325902672089476,0.07535186282071493,0.3754367311916737,f483c4db6f3c99054c96ed86cc3040398fdc097a3611d4f5e4816f7c140d6064,37433dee8aaa3bfa,f2819b626c805eaa9493b2336df5affa99462e8e0ab3a04c3db1e67e677c09f5,True,True,True,True,False,Expanded HHVBP,2025,2027,CY2025,True,public_only_semi_synthetic_capacity_pilot_not_outcome_validated,9237e030d3eeed990f7138399b26f3024037939e48d5eb89866d5bdd875af8d7,3e8af15c2120cedd72f05b7b33402c6efb6bc20946872df2b2c8592affe4e91b,10000,0.5696213523887566,persisted_reference_ecdf,True,True,False,0.6044527527469192,0.6066472938265935,0.606501922632586,0.6096017279810222,0.38597219232406055,0.6134944206581107,0.6160354472596234,0.6202378118454924,0.6233066664829527,0.6236622233797605,d7af79908abcc580407c5afc6af4d4e3df8b8f7f2f733cedf13927890ee47d93,design_001_roster_1_capacity_1.05_zip_0.25,1.05,0.25,24,18,6,0.6246126098115983,0.011281903089559453,0.05818743587346742,True,unconstrained_latent_information_upper_bound,1.0
C,diminishing returns / negative interaction,0,P0,deterministic_round_robin_baseline,0.75,500,1500,1496,0.002666666666666706,59.309526515864434,0.5944768027396266,0.5940084151088496,0.6220284166687357,0.2,0.0,0.8348930481283422,0.6784472042082352,0.3017588910978575,0.2989081996434939,0.0,0.9605008073953499,17.30447860962567,0.2647058823529412,0.09711337296168743,0.11642966608865701,0.08669396366189352,0.0194681691534786,0.07152272122040182,0.24593903257808586,070faca68cbfa6e7cd8c081ce74db10e5bdc28552ed81898463316d6bf3c1d45,8e2205e47122f636,c64ca534d64c96c5063d79f320e1a2b6af5c0685e053a588366757806ad78e1f,True,True,True,True,False,Expanded HHVBP,2025,2027,CY2025,True,public_only_semi_synthetic_capacity_pilot_not_outcome_validated,9237e030d3eeed990f7138399b26f3024037939e48d5eb89866d5bdd875af8d7,3e8af15c2120cedd72f05b7b33402c6efb6bc20946872df2b2c8592affe4e91b,10000,0.5696213523887566,persisted_reference_ecdf,True,True,False,0.5862672268290453,0.5863903088874096,0.589933219339805,0.5866671993851386,0.40483120401473144,0.59661529030347,0.5981721480598733,0.5977060576981212,0.6047143280814978,0.6031334528266363,d7af79908abcc580407c5afc6af4d4e3df8b8f7f2f733cedf13927890ee47d93,design_001_roster_1_capacity_1.05_zip_0.25,1.05,0.25,24,18,6,0.6127139470371054,0.018705531928255748,0.028020001559886043,True,unconstrained_latent_information_upper_bound,1.0
C,diminishing returns / negative interaction,0,P1,highest_scoring_feasible,0.75,500,1500,1496,0.002666666666666706,60.69581812808899,0.6083397188618721,0.6078713312310953,0.6220284166687357,0.2,0.0,0.9899732620320856,0.6833695396725264,0.31037386790368915,0.3073195187165776,0.0,0.9587548064463238,9.002339572192513,0.26871657754010697,0.105007400409876,0.11754745188290228,0.08811472164937095,0.02043137211896262,0.07086411749033084,0.24364770689586357,5b60a5dc6671c9f771bd17cda263087423e3f0a7bc8d095004900e3b13ca46b4,2ee82c31e52eab55,c64ca534d64c96c5063d79f320e1a2b6af5c0685e053a588366757806ad78e1f,True,True,True,True,False,Expanded HHVBP,2025,2027,CY2025,True,public_only_semi_synthetic_capacity_pilot_not_outcome_validated,9237e030d3eeed990f7138399b26f3024037939e48d5eb89866d5bdd875af8d7,3e8af15c2120cedd72f05b7b33402c6efb6bc20946872df2b2c8592affe4e91b,10000,0.5696213523887566,persisted_reference_ecdf,True,True,False,0.6001301429512909,0.6002532250096552,0.6037961354620507,0.6005301155073841,0.39096828789248594,0.6104782064257156,0.6120350641821188,0.6115689738203669,0.6185772442037434,0.6169963689488819,d7af79908abcc580407c5afc6af4d4e3df8b8f7f2f733cedf13927890ee47d93,design_001_roster_1_capacity_1.05_zip_0.25,1.05,0.25,24,18,6,0.6127139470371054,0.0048426158060100866,0.014157085437640382,True,unconstrained_latent_information_upper_bound,1.0
C,diminishing returns / negative interaction,0,P2,historical_raw_rho_mirrored,0.75,500,1500,1496,0.002666666666666706,58.547666191909066,0.586858199500073,0.5863898118692961,0.6220284166687357,0.2,0.0,0.8101604278074866,0.6933222051307176,0.31658659156174074,0.31355837789661334,0.0,0.9532907196969697,17.209224598930483,0.24866310160427807,0.0833571685579827,0.1109583017958331,0.08489895823289795,0.015344454462274615,0.06382014230352584,0.22284160450461815,83109b2b6e116a3e5691b79221c0b2cea3fe0808428c30e8c3b3d5195b5908f9,c91158b83aec3c4f,c64ca534d64c96c5063d79f320e1a2b6af5c0685e053a588366757806ad78e1f,True,True,True,True,False,Expanded HHVBP,2025,2027,CY2025,True,public_only_semi_synthetic_capacity_pilot_not_outcome_validated,9237e030d3eeed990f7138399b26f3024037939e48d5eb89866d5bdd875af8d7,3e8af15c2120cedd72f05b7b33402c6efb6bc20946872df2b2c8592affe4e91b,10000,0.5696213523887566,persisted_reference_ecdf,True,True,False,0.5786486235894917,0.578771705647856,0.5823146161002515,0.5790485961455849,0.41244980725428515,0.5889966870639164,0.5905535448203196,0.5900874544585677,0.5970957248419442,0.5955148495870828,d7af79908abcc580407c5afc6af4d4e3df8b8f7f2f733cedf13927890ee47d93,design_001_roster_1_capacity_1.05_zip_0.25,1.05,0.25,24,18,6,0.6127139470371054,0.026324135167809293,0.03563860479943959,True,unconstrained_latent_information_upper_bound,1.0
C,diminishing returns / negative interaction,0,P3,percentile_mirrored_no_zip,0.75,500,1500,1496,0.002666666666666706,58.3780880079825,0.5851624176608071,0.5846940300300303,0.6220284166687357,0.2,0.0,0.7981283422459893,0.691007654106274,0.31343881157499465,0.3106060606060608,0.0,0.9547692143206256,17.15909090909091,0.25133689839572193,0.07745136180213263,0.10662693511744281,0.08131674813515699,0.015763800655155924,0.06160949366118107,0.21375137316680065,31531c128d66c403158ae14f9f7c05d27dd96f4100d1f13f55305029fd203c07,392930bbfe61f090,c64ca534d64c96c5063d79f320e1a2b6af5c0685e053a588366757806ad78e1f,True,True,True,True,False,Expanded HHVBP,2025,2027,CY2025,True,public_only_semi_synthetic_capacity_pilot_not_outcome_validated,9237e030d3eeed990f7138399b26f3024037939e48d5eb89866d5bdd875af8d7,3e8af15c2120cedd72f05b7b33402c6efb6bc20946872df2b2c8592affe4e91b,10000,0.5696213523887566,persisted_reference_ecdf,True,True,False,0.5769528417502259,0.5770759238085902,0.5806188342609857,0.5773528143063191,0.4141455890935509,0.5873009052246506,0.5888577629810539,0.5883916726193019,0.5953999430026785,0.5938190677478169,d7af79908abcc580407c5afc6af4d4e3df8b8f7f2f733cedf13927890ee47d93,design_001_roster_1_capacity_1.05_zip_0.25,1.05,0.25,24,18,6,0.6127139470371054,0.028019917007075068,0.037334386638705364,True,unconstrained_latent_information_upper_bound,1.0
C,diminishing returns / negative interaction,0,P4,threshold_hard_zip_sponsor_policy,0.75,500,1500,1496,0.002666666666666706,59.094599637565416,0.5923275339566364,0.5918591463258595,0.6220284166687357,0.2,0.006666666666666667,0.9525401069518716,0.6846022913161535,0.312279103158825,0.3096312388591802,0.0,0.954395178147816,16.90842245989305,0.2606951871657754,0.08494250630655265,0.10548505890150106,0.07955815686762979,0.015639043856540136,0.06639688714071923,0.2265000809243503,6404dd5711944587aa57ea68f67fe73ccea2b87afe8e98c111a5059d4be694da,30f8e5c00a55eb28,c64ca534d64c96c5063d79f320e1a2b6af5c0685e053a588366757806ad78e1f,True,True,True,True,True,Expanded HHVBP,2025,2027,CY2025,True,public_only_semi_synthetic_capacity_pilot_not_outcome_validated,9237e030d3eeed990f7138399b26f3024037939e48d5eb89866d5bdd875af8d7,3e8af15c2120cedd72f05b7b33402c6efb6bc20946872df2b2c8592affe4e91b,10000,0.5696213523887566,persisted_reference_ecdf,True,True,False,0.5841179580460552,0.5842410401044194,0.5877839505568149,0.5845179306021484,0.4069804727977217,0.5944660215204798,0.596022879276883,0.5955567889151311,0.6025650592985077,0.6009841840436462,d7af79908abcc580407c5afc6af4d4e3df8b8f7f2f733cedf13927890ee47d93,design_001_roster_1_capacity_1.05_zip_0.25,1.05,0.25,24,18,6,0.6127139470371054,0.020854800711245902,0.030169270342876198,True,unconstrained_latent_information_upper_bound,1.0
C,diminishing returns / negative interaction,0,P5,threshold_soft_zip_bonus,0.75,500,1500,1496,0.002666666666666706,58.31334895662123,0.5845150271471947,0.5840466395164178,0.6220284166687357,0.2,0.0,0.7794117647058824,0.6904278039809737,0.3119201457919152,0.30899064171123003,0.0,0.9548262450061626,16.747994652406415,0.25066844919786097,0.07463791945632137,0.10476365621732875,0.08214218274400686,0.01342088634817451,0.06061702786885603,0.20800046311400694,22577fe2dd0e54e81b59330f90bd0e4528c9e73349c164e1317584a4a306644d,0489f730aac93648,c64ca534d64c96c5063d79f320e1a2b6af5c0685e053a588366757806ad78e1f,True,True,True,True,False,Expanded HHVBP,2025,2027,CY2025,True,public_only_semi_synthetic_capacity_pilot_not_outcome_validated,9237e030d3eeed990f7138399b26f3024037939e48d5eb89866d5bdd875af8d7,3e8af15c2120cedd72f05b7b33402c6efb6bc20946872df2b2c8592affe4e91b,10000,0.5696213523887566,persisted_reference_ecdf,True,True,False,0.5763054512366134,0.5764285332949777,0.5799714437473732,0.5767054237927066,0.4147929796071633,0.5866535147110382,0.5882103724674415,0.5877442821056894,0.594752552489066,0.5931716772342046,d7af79908abcc580407c5afc6af4d4e3df8b8f7f2f733cedf13927890ee47d93,design_001_roster_1_capacity_1.05_zip_0.25,1.05,0.25,24,18,6,0.6127139470371054,0.02866730752068758,0.037981777152317875,True,unconstrained_latent_information_upper_bound,1.0
C,diminishing returns / negative interaction,0,P6,capacity_constrained_greedy_optimization,0.75,500,1500,1496,0.002666666666666706,59.935101539337964,0.600734695767417,0.6002616063811708,0.6220284166687357,0.2,0.0,0.9966577540106952,0.6836162678410002,0.3091865473823725,0.30603832442067747,0.0,0.9573054460283316,7.317847593582887,0.26871657754010697,0.05666408254059918,0.09427183260611438,0.07261444425883945,0.013603435759866778,0.054899271362636726,0.19125121391523786,e8eb69ebaf37e7ae0c49ad2f618ce82870d281921874c968c10ebf475d7b9e84,981ec45adf04d2de,c64ca534d64c96c5063d79f320e1a2b6af5c0685e053a588366757806ad78e1f,True,True,True,True,False,Expanded HHVBP,2025,2027,CY2025,True,public_only_semi_synthetic_capacity_pilot_not_outcome_validated,9237e030d3eeed990f7138399b26f3024037939e48d5eb89866d5bdd875af8d7,3e8af15c2120cedd72f05b7b33402c6efb6bc20946872df2b2c8592affe4e91b,10000,0.5696213523887566,persisted_reference_ecdf,True,True,False,0.5925238083997806,0.5926849364334089,0.5962018856297299,0.5929240968648882,0.3985845735893916,0.6028684815757911,0.6044102244988261,0.6039639344083599,0.610967519353819,0.6093866440989575,d7af79908abcc580407c5afc6af4d4e3df8b8f7f2f733cedf13927890ee47d93,design_001_roster_1_capacity_1.05_zip_0.25,1.05,0.25,24,18,6,0.6127139470371054,0.01245234065593459,0.021766810287564886,True,unconstrained_latent_information_upper_bound,1.0
C,diminishing returns / negative interaction,0,P7,latent_quality_capacity_greedy_comparator,0.75,500,1500,1496,0.002666666666666706,61.18185562044006,0.613191585228889,0.6127139470371054,0.6220284166687357,0.2,0.0,0.9973262032085561,0.6848793546443213,0.3121686547382374,0.3091299019607845,0.0,0.9553326926942015,10.0,0.26871657754010697,0.10962541214456911,0.13971605394832154,0.10424470918673046,0.02942336446417415,0.08314434695773143,0.2837307793736126,094a660bbc88240f79f620fa5f2a1c6b72e896a5318d5b31e84c5b4e5bddf49b,990134ad673c2006,c64ca534d64c96c5063d79f320e1a2b6af5c0685e053a588366757806ad78e1f,True,True,True,True,False,Expanded HHVBP,2025,2027,CY2025,True,public_only_semi_synthetic_capacity_pilot_not_outcome_validated,9237e030d3eeed990f7138399b26f3024037939e48d5eb89866d5bdd875af8d7,3e8af15c2120cedd72f05b7b33402c6efb6bc20946872df2b2c8592affe4e91b,10000,0.5696213523887566,persisted_reference_ecdf,True,True,False,0.6050138160646314,0.6050900079536122,0.6086617610960569,0.60539446822522,0.3861000803080976,0.6153220501145106,0.6168625651547605,0.616407614308282,0.6234198600097535,0.6218437896701606,d7af79908abcc580407c5afc6af4d4e3df8b8f7f2f733cedf13927890ee47d93,design_001_roster_1_capacity_1.05_zip_0.25,1.05,0.25,24,18,6,0.6127139470371054,0.0,0.009314469631630296,True,unconstrained_latent_information_upper_bound,1.0
C,diminishing returns / negative interaction,1,P0,deterministic_round_robin_baseline,0.75,500,1500,1454,0.03066666666666662,57.45528995592316,0.5761622935732392,0.575735521370482,0.6183033507783412,0.22,0.0,0.7572214580467675,0.7106014892360307,0.31632682202421747,0.31530834479596526,0.0,0.9188249237218468,17.231774415405777,0.3012379642365887,0.112308846278109,0.1203207458019559,0.09520216515137153,0.02831081910198774,0.0668212845461903,0.251887295938482,89761c16f5dda1b78011ce724f7b03068326fef809f566ea24370af5ea9f0861,ad2cbd8951dd6508,f2819b626c805eaa9493b2336df5affa99462e8e0ab3a04c3db1e67e677c09f5,True,True,True,True,False,Expanded HHVBP,2025,2027,CY2025,True,public_only_semi_synthetic_capacity_pilot_not_outcome_validated,9237e030d3eeed990f7138399b26f3024037939e48d5eb89866d5bdd875af8d7,3e8af15c2120cedd72f05b7b33402c6efb6bc20946872df2b2c8592affe4e91b,10000,0.5696213523887566,persisted_reference_ecdf,True,True,False,0.5667700317238409,0.5689843014804716,0.5689239607859132,0.5719121987265964,0.4235868290571247,0.5758886074363685,0.5784291064538752,0.5825374722976825,0.5856777811527404,0.5860863047320276,d7af79908abcc580407c5afc6af4d4e3df8b8f7f2f733cedf13927890ee47d93,design_001_roster_1_capacity_1.05_zip_0.25,1.05,0.25,24,18,6,0.5979886180371259,0.02225309666664388,0.04256782940785919,True,unconstrained_latent_information_upper_bound,1.0
C,diminishing returns / negative interaction,1,P1,highest_scoring_feasible,0.75,500,1500,1454,0.03066666666666662,59.009285036484094,0.5917022443788484,0.5912754721760912,0.6183033507783412,0.22,0.0,0.9896836313617606,0.7186477270968465,0.32943511537582837,0.3282897753324163,0.0,0.9159446649029984,9.814305364511691,0.3074277854195323,0.11524083922870665,0.12433373827618677,0.09682712891192957,0.029005769178893304,0.07012698271263862,0.2529505485458403,beec66ed99ecc498a57278b5ff3084233b6d1474e210ead2f3dd231c7f54b4b3,8ab0f9e4c9c5f905,f2819b626c805eaa9493b2336df5affa99462e8e0ab3a04c3db1e67e677c09f5,True,True,True,True,False,Expanded HHVBP,2025,2027,CY2025,True,public_only_semi_synthetic_capacity_pilot_not_outcome_validated,9237e030d3eeed990f7138399b26f3024037939e48d5eb89866d5bdd875af8d7,3e8af15c2120cedd72f05b7b33402c6efb6bc20946872df2b2c8592affe4e91b,10000,0.5696213523887566,persisted_reference_ecdf,True,True,False,0.5823099825294503,0.584524252286081,0.5844639115915226,0.5874521495322057,0.4080468782515154,0.5914285582419778,0.5939690572594846,0.5980774231032917,0.6012177319583497,0.6016262555376369,d7af79908abcc580407c5afc6af4d4e3df8b8f7f2f733cedf13927890ee47d93,design_001_roster_1_capacity_1.05_zip_0.25,1.05,0.25,24,18,6,0.5979886180371259,0.006713145861034664,0.027027878602249977,True,unconstrained_latent_information_upper_bound,1.0
C,diminishing returns / negative interaction,1,P2,historical_raw_rho_mirrored,0.75,500,1500,1454,0.03066666666666662,56.82835534522537,0.5698929474662612,0.569466175263504,0.6183033507783412,0.22,0.0,0.7668500687757909,0.7301958938368227,0.32723612063056895,0.32605456212746464,0.0,0.9185312672210296,17.8146492434663,0.2799174690508941,0.09852046411213145,0.11345126108307141,0.0890716238709291,0.02410845798037342,0.06282008369026204,0.22589660135553907,8810a21ed9db53811392993ce26a7f5625ebdc27c7ba470de1685a7b08e4a4e5,01d38f1b5b0ec869,f2819b626c805eaa9493b2336df5affa99462e8e0ab3a04c3db1e67e677c09f5,True,True,True,True,False,Expanded HHVBP,2025,2027,CY2025,True,public_only_semi_synthetic_capacity_pilot_not_outcome_validated,9237e030d3eeed990f7138399b26f3024037939e48d5eb89866d5bdd875af8d7,3e8af15c2120cedd72f05b7b33402c6efb6bc20946872df2b2c8592affe4e91b,10000,0.5696213523887566,persisted_reference_ecdf,True,True,False,0.560500685616863,0.5627149553734937,0.5626546146789353,0.5656428526196184,0.4298561751641026,0.5696192613293906,0.5721597603468972,0.5762681261907046,0.5794084350457624,0.5798169586250497,d7af79908abcc580407c5afc6af4d4e3df8b8f7f2f733cedf13927890ee47d93,design_001_roster_1_capacity_1.05_zip_0.25,1.05,0.25,24,18,6,0.5979886180371259,0.028522442773621925,0.04883717551483724,True,unconstrained_latent_information_upper_bound,1.0
C,diminishing returns / negative interaction,1,P3,percentile_mirrored_no_zip,0.75,500,1500,1454,0.03066666666666662,56.67728334607441,0.5683822274747518,0.5679554552719944,0.6183033507783412,0.22,0.0,0.7682255845942229,0.7227776544784171,0.32717900388393883,0.3259685923888125,0.0,0.9191731489706451,17.443259972489685,0.2840440165061898,0.0955215396718554,0.10690968276609997,0.08318377571483399,0.023484147401392153,0.06140256183885817,0.21906328945810805,ebd9b7d3d5d5e864c32932bf62ee3c231228556b78ebbd3f6b32b4f2a62aa790,3a085995645c49de,f2819b626c805eaa9493b2336df5affa99462e8e0ab3a04c3db1e67e677c09f5,True,True,True,True,False,Expanded HHVBP,2025,2027,CY2025,True,public_only_semi_synthetic_capacity_pilot_not_outcome_validated,9237e030d3eeed990f7138399b26f3024037939e48d5eb89866d5bdd875af8d7,3e8af15c2120cedd72f05b7b33402c6efb6bc20946872df2b2c8592affe4e91b,10000,0.5696213523887566,persisted_reference_ecdf,True,True,False,0.5589899656253534,0.5612042353819842,0.5611438946874256,0.5641321326281089,0.43136689515561216,0.568108541337881,0.5706490403553878,0.574757406199195,0.5778977150542529,0.5783062386335401,d7af79908abcc580407c5afc6af4d4e3df8b8f7f2f733cedf13927890ee47d93,design_001_roster_1_capacity_1.05_zip_0.25,1.05,0.25,24,18,6,0.5979886180371259,0.03003316276513146,0.050347895506346774,True,unconstrained_latent_information_upper_bound,1.0
C,diminishing returns / negative interaction,1,P4,threshold_hard_zip_sponsor_policy,0.75,500,1500,1454,0.03066666666666662,57.39293837958024,0.57553877780981,0.5751120056070528,0.6183033507783412,0.22,0.01282051282051282,0.9319119669876204,0.715786704154703,0.32403758281928274,0.3228736817973408,0.0,0.9193381180223286,16.607634112792297,0.2909215955983494,0.10174073778482917,0.11072521776982719,0.08655801860070117,0.025027912146780684,0.06147994709549365,0.23441688263093868,cdc1e78cd110339bfed96defc5c2ba5775552a455c0fa27c2f252b48f67cffa1,9f28b74c2fcab466,f2819b626c805eaa9493b2336df5affa99462e8e0ab3a04c3db1e67e677c09f5,True,True,True,True,True,Expanded HHVBP,2025,2027,CY2025,True,public_only_semi_synthetic_capacity_pilot_not_outcome_validated,9237e030d3eeed990f7138399b26f3024037939e48d5eb89866d5bdd875af8d7,3e8af15c2120cedd72f05b7b33402c6efb6bc20946872df2b2c8592affe4e91b,10000,0.5696213523887566,persisted_reference_ecdf,True,True,False,0.5661465159604118,0.5683607857170424,0.5683004450224841,0.5712886829631671,0.42421034482055375,0.5752650916729394,0.5778055906904461,0.5819139565342534,0.5850542653893114,0.5854627889685985,d7af79908abcc580407c5afc6af4d4e3df8b8f7f2f733cedf13927890ee47d93,design_001_roster_1_capacity_1.05_zip_0.25,1.05,0.25,24,18,6,0.5979886180371259,0.022876612430073107,0.04319134517128842,True,unconstrained_latent_information_upper_bound,1.0
C,diminishing returns / negative interaction,1,P5,threshold_soft_zip_bonus,0.75,500,1500,1454,0.03066666666666662,56.651019478358165,0.5681195887975893,0.567692816594832,0.6183033507783412,0.22,0.0,0.7585969738651994,0.7252070111939588,0.3264650445510624,0.3252521779000459,0.0,0.9185195062492143,17.68053645116919,0.2833562585969739,0.09346497657848996,0.1050426923766351,0.08134725959974531,0.022421992612344455,0.06043331943584396,0.21789111531065553,4ee8b850d8b500a0abe5eb92867b840023afe7834d8435cf440068c3cb84a713,8b0739fc8b475b5a,f2819b626c805eaa9493b2336df5affa99462e8e0ab3a04c3db1e67e677c09f5,True,True,True,True,False,Expanded HHVBP,2025,2027,CY2025,True,public_only_semi_synthetic_capacity_pilot_not_outcome_validated,9237e030d3eeed990f7138399b26f3024037939e48d5eb89866d5bdd875af8d7,3e8af15c2120cedd72f05b7b33402c6efb6bc20946872df2b2c8592affe4e91b,10000,0.5696213523887566,persisted_reference_ecdf,True,True,False,0.558727326948191,0.5609415967048217,0.5608812560102633,0.5638694939509464,0.43162953383277464,0.5678459026607185,0.5703864016782253,0.5744947675220325,0.5776350763770906,0.5780435999563778,d7af79908abcc580407c5afc6af4d4e3df8b8f7f2f733cedf13927890ee47d93,design_001_roster_1_capacity_1.05_zip_0.25,1.05,0.25,24,18,6,0.5979886180371259,0.030295801442293935,0.05061053418350925,True,unconstrained_latent_information_upper_bound,1.0
C,diminishing returns / negative interaction,1,P6,capacity_constrained_greedy_optimization,0.75,500,1500,1454,0.03066666666666662,57.947404275563706,0.5810857365378258,0.5806296568767293,0.6183033507783412,0.22,0.0,0.9834938101788171,0.7170457027484817,0.3261794608179118,0.32499426868408987,0.0,0.9165399029982364,8.849724896836314,0.3074277854195323,0.04154412336350166,0.06654082015513763,0.04947970370176502,0.009828596005244106,0.03684571802313574,0.20305346524836565,f877ef1f8fc3a63dc109d0a7c3a77892d8d230708d98ad6791be5125dc5b3a21,a16912131a1e975c,f2819b626c805eaa9493b2336df5affa99462e8e0ab3a04c3db1e67e677c09f5,True,True,True,True,False,Expanded HHVBP,2025,2027,CY2025,True,public_only_semi_synthetic_capacity_pilot_not_outcome_validated,9237e030d3eeed990f7138399b26f3024037939e48d5eb89866d5bdd875af8d7,3e8af15c2120cedd72f05b7b33402c6efb6bc20946872df2b2c8592affe4e91b,10000,0.5696213523887566,persisted_reference_ecdf,True,True,False,0.5717285584652758,0.5740244373032858,0.5736876880000042,0.5768741822748706,0.41868126730221655,0.5807582728833229,0.5833640338213143,0.5874973538816068,0.590628288499168,0.5909758175516265,d7af79908abcc580407c5afc6af4d4e3df8b8f7f2f733cedf13927890ee47d93,design_001_roster_1_capacity_1.05_zip_0.25,1.05,0.25,24,18,6,0.5979886180371259,0.01735896116039659,0.037673693901611904,True,unconstrained_latent_information_upper_bound,1.0
C,diminishing returns / negative interaction,1,P7,latent_quality_capacity_greedy_comparator,0.75,500,1500,1454,0.03066666666666662,59.685202451922805,0.5984572563335556,0.5979886180371259,0.6183033507783412,0.22,0.0,0.9896836313617606,0.7390971281031951,0.33226239433401883,0.33121274644658416,0.0,0.9143620268620269,9.907152682255846,0.3074277854195323,0.17309919613089797,0.15131516075321155,0.12273354483523774,0.03824295371766373,0.07941245079901005,0.42769937015042786,35540e4a4670cacca4f1a620c60c1d7996971d76af64486573691789c79df9e3,30967ed2fafe8943,f2819b626c805eaa9493b2336df5affa99462e8e0ab3a04c3db1e67e677c09f5,True,True,True,True,False,Expanded HHVBP,2025,2027,CY2025,True,public_only_semi_synthetic_capacity_pilot_not_outcome_validated,9237e030d3eeed990f7138399b26f3024037939e48d5eb89866d5bdd875af8d7,3e8af15c2120cedd72f05b7b33402c6efb6bc20946872df2b2c8592affe4e91b,10000,0.5696213523887566,persisted_reference_ecdf,True,True,False,0.5891069374610538,0.5913161052223008,0.5911306161357598,0.5942920087958209,0.4012998963670014,0.5981523319731978,0.6007026539853019,0.6048782067769656,0.6079645777980398,0.6083290215541172,d7af79908abcc580407c5afc6af4d4e3df8b8f7f2f733cedf13927890ee47d93,design_001_roster_1_capacity_1.05_zip_0.25,1.05,0.25,24,18,6,0.5979886180371259,0.0,0.020314732741215313,True,unconstrained_latent_information_upper_bound,1.0
D,no true clinician or routing causal effect,0,P0,deterministic_round_robin_baseline,0.75,500,1500,1496,0.002666666666666706,56.04252839223943,0.5618068215033767,0.5613384338725997,0.562674334129292,0.2,0.0,0.8348930481283422,0.6784472042082352,0.3017588910978575,0.2989081996434939,0.0,0.9605008073953499,17.30447860962567,0.2647058823529412,0.07767289556207291,0.09847094483323848,0.07058976740022704,0.015975481889580312,0.05803924093904034,0.20142058194707146,070faca68cbfa6e7cd8c081ce74db10e5bdc28552ed81898463316d6bf3c1d45,0cce6f40338d801f,c64ca534d64c96c5063d79f320e1a2b6af5c0685e053a588366757806ad78e1f,True,True,True,True,False,Expanded HHVBP,2025,2027,CY2025,True,public_only_semi_synthetic_capacity_pilot_not_outcome_validated,9237e030d3eeed990f7138399b26f3024037939e48d5eb89866d5bdd875af8d7,3e8af15c2120cedd72f05b7b33402c6efb6bc20946872df2b2c8592affe4e91b,10000,0.5696213523887566,persisted_reference_ecdf,True,True,False,0.5535972455927953,0.5537203276511596,0.557263238103555,0.5539972181488886,0.4375011852509814,0.5639453090672201,0.5655021668236233,0.5650360764618713,0.5720443468452479,0.5704634715903864,d7af79908abcc580407c5afc6af4d4e3df8b8f7f2f733cedf13927890ee47d93,design_001_roster_1_capacity_1.05_zip_0.25,1.05,0.25,24,18,6,0.5615800033432127,0.00024156947061293454,0.0013359002566922795,True,unconstrained_latent_information_upper_bound,1.0
D,no true clinician or routing causal effect,0,P1,highest_scoring_feasible,0.75,500,1500,1496,0.002666666666666706,56.04252839223943,0.5618068215033767,0.5613384338725997,0.562674334129292,0.2,0.0,0.8188502673796791,0.7078251428711166,0.31929257786613663,0.31631573083778974,0.0,0.9510185185185186,17.17914438502674,0.2553475935828877,0.07767289556207291,0.09847094483323848,0.07058976740022704,0.015975481889580312,0.05803924093904034,0.20142058194707146,917c33f9360f0dbcb207b5b7d63b096530f1318a2077df463c5985830237519f,95db49a1dcf71488,c64ca534d64c96c5063d79f320e1a2b6af5c0685e053a588366757806ad78e1f,True,True,True,True,False,Expanded HHVBP,2025,2027,CY2025,True,public_only_semi_synthetic_capacity_pilot_not_outcome_validated,9237e030d3eeed990f7138399b26f3024037939e48d5eb89866d5bdd875af8d7,3e8af15c2120cedd72f05b7b33402c6efb6bc20946872df2b2c8592affe4e91b,10000,0.5696213523887566,persisted_reference_ecdf,True,True,False,0.5535972455927953,0.5537203276511596,0.557263238103555,0.5539972181488886,0.4375011852509814,0.5639453090672201,0.5655021668236233,0.5650360764618713,0.5720443468452479,0.5704634715903864,d7af79908abcc580407c5afc6af4d4e3df8b8f7f2f733cedf13927890ee47d93,design_001_roster_1_capacity_1.05_zip_0.25,1.05,0.25,24,18,6,0.5615800033432127,0.00024156947061293454,0.0013359002566922795,True,unconstrained_latent_information_upper_bound,1.0
D,no true clinician or routing causal effect,0,P2,historical_raw_rho_mirrored,0.75,500,1500,1496,0.002666666666666706,56.04252839223943,0.5618068215033767,0.5613384338725997,0.562674334129292,0.2,0.0,0.8101604278074866,0.6933222051307176,0.31658659156174074,0.31355837789661334,0.0,0.9532907196969697,17.209224598930483,0.24866310160427807,0.07767289556207291,0.09847094483323848,0.07058976740022704,0.015975481889580312,0.05803924093904034,0.20142058194707146,83109b2b6e116a3e5691b79221c0b2cea3fe0808428c30e8c3b3d5195b5908f9,3c04aa5b13fa8b11,c64ca534d64c96c5063d79f320e1a2b6af5c0685e053a588366757806ad78e1f,True,True,True,True,False,Expanded HHVBP,2025,2027,CY2025,True,public_only_semi_synthetic_capacity_pilot_not_outcome_validated,9237e030d3eeed990f7138399b26f3024037939e48d5eb89866d5bdd875af8d7,3e8af15c2120cedd72f05b7b33402c6efb6bc20946872df2b2c8592affe4e91b,10000,0.5696213523887566,persisted_reference_ecdf,True,True,False,0.5535972455927953,0.5537203276511596,0.557263238103555,0.5539972181488886,0.4375011852509814,0.5639453090672201,0.5655021668236233,0.5650360764618713,0.5720443468452479,0.5704634715903864,d7af79908abcc580407c5afc6af4d4e3df8b8f7f2f733cedf13927890ee47d93,design_001_roster_1_capacity_1.05_zip_0.25,1.05,0.25,24,18,6,0.5615800033432127,0.00024156947061293454,0.0013359002566922795,True,unconstrained_latent_information_upper_bound,1.0
D,no true clinician or routing causal effect,0,P3,percentile_mirrored_no_zip,0.75,500,1500,1496,0.002666666666666706,56.04252839223943,0.5618068215033767,0.5613384338725997,0.562674334129292,0.2,0.0,0.7981283422459893,0.691007654106274,0.31343881157499465,0.3106060606060608,0.0,0.9547692143206256,17.15909090909091,0.25133689839572193,0.07767289556207291,0.09847094483323848,0.07058976740022704,0.015975481889580312,0.05803924093904034,0.20142058194707146,31531c128d66c403158ae14f9f7c05d27dd96f4100d1f13f55305029fd203c07,74a2b2da41b52a7a,c64ca534d64c96c5063d79f320e1a2b6af5c0685e053a588366757806ad78e1f,True,True,True,True,False,Expanded HHVBP,2025,2027,CY2025,True,public_only_semi_synthetic_capacity_pilot_not_outcome_validated,9237e030d3eeed990f7138399b26f3024037939e48d5eb89866d5bdd875af8d7,3e8af15c2120cedd72f05b7b33402c6efb6bc20946872df2b2c8592affe4e91b,10000,0.5696213523887566,persisted_reference_ecdf,True,True,False,0.5535972455927953,0.5537203276511596,0.557263238103555,0.5539972181488886,0.4375011852509814,0.5639453090672201,0.5655021668236233,0.5650360764618713,0.5720443468452479,0.5704634715903864,d7af79908abcc580407c5afc6af4d4e3df8b8f7f2f733cedf13927890ee47d93,design_001_roster_1_capacity_1.05_zip_0.25,1.05,0.25,24,18,6,0.5615800033432127,0.00024156947061293454,0.0013359002566922795,True,unconstrained_latent_information_upper_bound,1.0
D,no true clinician or routing causal effect,0,P4,threshold_hard_zip_sponsor_policy,0.75,500,1500,1496,0.002666666666666706,56.04252839223943,0.5618068215033767,0.5613384338725997,0.562674334129292,0.2,0.006666666666666667,0.9525401069518716,0.6846022913161535,0.312279103158825,0.3096312388591802,0.0,0.954395178147816,16.90842245989305,0.2606951871657754,0.07767289556207291,0.09847094483323848,0.07058976740022704,0.015975481889580312,0.05803924093904034,0.20142058194707146,6404dd5711944587aa57ea68f67fe73ccea2b87afe8e98c111a5059d4be694da,3249d8f8d212b4e2,c64ca534d64c96c5063d79f320e1a2b6af5c0685e053a588366757806ad78e1f,True,True,True,True,True,Expanded HHVBP,2025,2027,CY2025,True,public_only_semi_synthetic_capacity_pilot_not_outcome_validated,9237e030d3eeed990f7138399b26f3024037939e48d5eb89866d5bdd875af8d7,3e8af15c2120cedd72f05b7b33402c6efb6bc20946872df2b2c8592affe4e91b,10000,0.5696213523887566,persisted_reference_ecdf,True,True,False,0.5535972455927953,0.5537203276511596,0.557263238103555,0.5539972181488886,0.4375011852509814,0.5639453090672201,0.5655021668236233,0.5650360764618713,0.5720443468452479,0.5704634715903864,d7af79908abcc580407c5afc6af4d4e3df8b8f7f2f733cedf13927890ee47d93,design_001_roster_1_capacity_1.05_zip_0.25,1.05,0.25,24,18,6,0.5615800033432127,0.00024156947061293454,0.0013359002566922795,True,unconstrained_latent_information_upper_bound,1.0
D,no true clinician or routing causal effect,0,P5,threshold_soft_zip_bonus,0.75,500,1500,1496,0.002666666666666706,56.04252839223943,0.5618068215033767,0.5613384338725997,0.562674334129292,0.2,0.0,0.7794117647058824,0.6904278039809737,0.3119201457919152,0.30899064171123003,0.0,0.9548262450061626,16.747994652406415,0.25066844919786097,0.07767289556207291,0.09847094483323848,0.07058976740022704,0.015975481889580312,0.05803924093904034,0.20142058194707146,22577fe2dd0e54e81b59330f90bd0e4528c9e73349c164e1317584a4a306644d,3762aee6c35fcd08,c64ca534d64c96c5063d79f320e1a2b6af5c0685e053a588366757806ad78e1f,True,True,True,True,False,Expanded HHVBP,2025,2027,CY2025,True,public_only_semi_synthetic_capacity_pilot_not_outcome_validated,9237e030d3eeed990f7138399b26f3024037939e48d5eb89866d5bdd875af8d7,3e8af15c2120cedd72f05b7b33402c6efb6bc20946872df2b2c8592affe4e91b,10000,0.5696213523887566,persisted_reference_ecdf,True,True,False,0.5535972455927953,0.5537203276511596,0.557263238103555,0.5539972181488886,0.4375011852509814,0.5639453090672201,0.5655021668236233,0.5650360764618713,0.5720443468452479,0.5704634715903864,d7af79908abcc580407c5afc6af4d4e3df8b8f7f2f733cedf13927890ee47d93,design_001_roster_1_capacity_1.05_zip_0.25,1.05,0.25,24,18,6,0.5615800033432127,0.00024156947061293454,0.0013359002566922795,True,unconstrained_latent_information_upper_bound,1.0
D,no true clinician or routing causal effect,0,P6,capacity_constrained_greedy_optimization,0.75,500,1500,1496,0.002666666666666706,56.00860753747242,0.5614697557487616,0.5609966663625153,0.562674334129292,0.2,0.0,0.9612299465240641,0.6883485485716827,0.3096559531698697,0.3067067736185385,0.0,0.9537087460033536,16.96356951871658,0.2620320855614973,0.05650254392545995,0.08937739473748818,0.0653217138326243,0.017441472340892883,0.05343265393211172,0.18425679943125362,17d87db36d40e9498ca27be438604d2c720de787118bafc17e7ce382b1995c26,48e9c51a804a07a9,c64ca534d64c96c5063d79f320e1a2b6af5c0685e053a588366757806ad78e1f,True,True,True,True,False,Expanded HHVBP,2025,2027,CY2025,True,public_only_semi_synthetic_capacity_pilot_not_outcome_validated,9237e030d3eeed990f7138399b26f3024037939e48d5eb89866d5bdd875af8d7,3e8af15c2120cedd72f05b7b33402c6efb6bc20946872df2b2c8592affe4e91b,10000,0.5696213523887566,persisted_reference_ecdf,True,True,False,0.5532588683811251,0.5534199964147534,0.5569369456110744,0.5536591568462328,0.437849513608047,0.5636035415571358,0.5651452844801704,0.5646989943897045,0.5717025793351634,0.570121704080302,d7af79908abcc580407c5afc6af4d4e3df8b8f7f2f733cedf13927890ee47d93,design_001_roster_1_capacity_1.05_zip_0.25,1.05,0.25,24,18,6,0.5615800033432127,0.0005833369806973465,0.0016776677667766915,True,unconstrained_latent_information_upper_bound,1.0
D,no true clinician or routing causal effect,0,P7,latent_quality_capacity_greedy_comparator,0.75,500,1500,1496,0.002666666666666706,56.068278930766255,0.5620565493665499,0.5615800033432127,0.562674334129292,0.2,0.0,0.7967914438502673,0.7078251428711166,0.31929257786613663,0.31631573083778974,0.0,0.9510185185185186,17.62533422459893,0.2553475935828877,0.07914089659139967,0.10601983888469019,0.07830799558939366,0.020162612774573763,0.05999130026490296,0.2127706616726462,11a0739e30eae3685964889d5c7b95007b2b8b9ae58f6b2532b2cc1037a5d128,b2c8417c56140973,c64ca534d64c96c5063d79f320e1a2b6af5c0685e053a588366757806ad78e1f,True,True,True,True,False,Expanded HHVBP,2025,2027,CY2025,True,public_only_semi_synthetic_capacity_pilot_not_outcome_validated,9237e030d3eeed990f7138399b26f3024037939e48d5eb89866d5bdd875af8d7,3e8af15c2120cedd72f05b7b33402c6efb6bc20946872df2b2c8592affe4e91b,10000,0.5696213523887566,persisted_reference_ecdf,True,True,False,0.5538798723707388,0.5539560642597195,0.5575151166654503,0.5542605245313275,0.43723795840037055,0.564188106420618,0.5657343349114983,0.5652736706143893,0.572285916315861,0.5707098459762678,d7af79908abcc580407c5afc6af4d4e3df8b8f7f2f733cedf13927890ee47d93,design_001_roster_1_capacity_1.05_zip_0.25,1.05,0.25,24,18,6,0.5615800033432127,0.0,0.001094330786079345,True,unconstrained_latent_information_upper_bound,1.0
D,no true clinician or routing causal effect,1,P0,deterministic_round_robin_baseline,0.75,500,1500,1454,0.03066666666666662,54.0935650036449,0.5425450440504566,0.5421182718476993,0.5581164351387693,0.22,0.0,0.7572214580467675,0.7106014892360307,0.31632682202421747,0.31530834479596526,0.0,0.9188249237218468,17.231774415405777,0.3012379642365887,0.08586573333623537,0.09237461650630063,0.070955488274006,0.02159883062215895,0.05347939106380739,0.19452332275966905,89761c16f5dda1b78011ce724f7b03068326fef809f566ea24370af5ea9f0861,e80b42dc04796b46,f2819b626c805eaa9493b2336df5affa99462e8e0ab3a04c3db1e67e677c09f5,True,True,True,True,False,Expanded HHVBP,2025,2027,CY2025,True,public_only_semi_synthetic_capacity_pilot_not_outcome_validated,9237e030d3eeed990f7138399b26f3024037939e48d5eb89866d5bdd875af8d7,3e8af15c2120cedd72f05b7b33402c6efb6bc20946872df2b2c8592affe4e91b,10000,0.5696213523887566,persisted_reference_ecdf,True,True,False,0.5331527822010582,0.535367051957689,0.5353067112631305,0.5382949492038137,0.45720407857990736,0.5422713579135858,0.5448118569310926,0.5489202227748998,0.5520605316299578,0.552469055209245,d7af79908abcc580407c5afc6af4d4e3df8b8f7f2f733cedf13927890ee47d93,design_001_roster_1_capacity_1.05_zip_0.25,1.05,0.25,24,18,6,0.5451482409855726,0.003029969137873234,0.015998163291069956,True,unconstrained_latent_information_upper_bound,1.0
D,no true clinician or routing causal effect,1,P1,highest_scoring_feasible,0.75,500,1500,1454,0.03066666666666662,54.0935650036449,0.5425450440504566,0.5421182718476993,0.5581164351387693,0.22,0.0,0.7689133425034388,0.7455974863103704,0.3410869316883711,0.3399816597890877,0.0,0.9124675430055177,17.536107290233836,0.2922971114167813,0.08586573333623537,0.09237461650630063,0.070955488274006,0.02159883062215895,0.05347939106380739,0.19452332275966905,7bf23fb6bd7bf81af30f1ee6433e42f671fa282195f8793aaa20a568132ec7dd,8b7ca36d42ec377e,f2819b626c805eaa9493b2336df5affa99462e8e0ab3a04c3db1e67e677c09f5,True,True,True,True,False,Expanded HHVBP,2025,2027,CY2025,True,public_only_semi_synthetic_capacity_pilot_not_outcome_validated,9237e030d3eeed990f7138399b26f3024037939e48d5eb89866d5bdd875af8d7,3e8af15c2120cedd72f05b7b33402c6efb6bc20946872df2b2c8592affe4e91b,10000,0.5696213523887566,persisted_reference_ecdf,True,True,False,0.5331527822010582,0.535367051957689,0.5353067112631305,0.5382949492038137,0.45720407857990736,0.5422713579135858,0.5448118569310926,0.5489202227748998,0.5520605316299578,0.552469055209245,d7af79908abcc580407c5afc6af4d4e3df8b8f7f2f733cedf13927890ee47d93,design_001_roster_1_capacity_1.05_zip_0.25,1.05,0.25,24,18,6,0.5451482409855726,0.003029969137873234,0.015998163291069956,True,unconstrained_latent_information_upper_bound,1.0
D,no true clinician or routing causal effect,1,P2,historical_raw_rho_mirrored,0.75,500,1500,1454,0.03066666666666662,54.0935650036449,0.5425450440504566,0.5421182718476993,0.5581164351387693,0.22,0.0,0.7668500687757909,0.7301958938368227,0.32723612063056895,0.32605456212746464,0.0,0.9185312672210296,17.8146492434663,0.2799174690508941,0.08586573333623537,0.09237461650630063,0.070955488274006,0.02159883062215895,0.05347939106380739,0.19452332275966905,8810a21ed9db53811392993ce26a7f5625ebdc27c7ba470de1685a7b08e4a4e5,2670c5387b2dbbea,f2819b626c805eaa9493b2336df5affa99462e8e0ab3a04c3db1e67e677c09f5,True,True,True,True,False,Expanded HHVBP,2025,2027,CY2025,True,public_only_semi_synthetic_capacity_pilot_not_outcome_validated,9237e030d3eeed990f7138399b26f3024037939e48d5eb89866d5bdd875af8d7,3e8af15c2120cedd72f05b7b33402c6efb6bc20946872df2b2c8592affe4e91b,10000,0.5696213523887566,persisted_reference_ecdf,True,True,False,0.5331527822010582,0.535367051957689,0.5353067112631305,0.5382949492038137,0.45720407857990736,0.5422713579135858,0.5448118569310926,0.5489202227748998,0.5520605316299578,0.552469055209245,d7af79908abcc580407c5afc6af4d4e3df8b8f7f2f733cedf13927890ee47d93,design_001_roster_1_capacity_1.05_zip_0.25,1.05,0.25,24,18,6,0.5451482409855726,0.003029969137873234,0.015998163291069956,True,unconstrained_latent_information_upper_bound,1.0
D,no true clinician or routing causal effect,1,P3,percentile_mirrored_no_zip,0.75,500,1500,1454,0.03066666666666662,54.0935650036449,0.5425450440504566,0.5421182718476993,0.5581164351387693,0.22,0.0,0.7682255845942229,0.7227776544784171,0.32717900388393883,0.3259685923888125,0.0,0.9191731489706451,17.443259972489685,0.2840440165061898,0.08586573333623537,0.09237461650630063,0.070955488274006,0.02159883062215895,0.05347939106380739,0.19452332275966905,ebd9b7d3d5d5e864c32932bf62ee3c231228556b78ebbd3f6b32b4f2a62aa790,8b32274029a0abd5,f2819b626c805eaa9493b2336df5affa99462e8e0ab3a04c3db1e67e677c09f5,True,True,True,True,False,Expanded HHVBP,2025,2027,CY2025,True,public_only_semi_synthetic_capacity_pilot_not_outcome_validated,9237e030d3eeed990f7138399b26f3024037939e48d5eb89866d5bdd875af8d7,3e8af15c2120cedd72f05b7b33402c6efb6bc20946872df2b2c8592affe4e91b,10000,0.5696213523887566,persisted_reference_ecdf,True,True,False,0.5331527822010582,0.535367051957689,0.5353067112631305,0.5382949492038137,0.45720407857990736,0.5422713579135858,0.5448118569310926,0.5489202227748998,0.5520605316299578,0.552469055209245,d7af79908abcc580407c5afc6af4d4e3df8b8f7f2f733cedf13927890ee47d93,design_001_roster_1_capacity_1.05_zip_0.25,1.05,0.25,24,18,6,0.5451482409855726,0.003029969137873234,0.015998163291069956,True,unconstrained_latent_information_upper_bound,1.0
D,no true clinician or routing causal effect,1,P4,threshold_hard_zip_sponsor_policy,0.75,500,1500,1454,0.03066666666666662,54.0935650036449,0.5425450440504566,0.5421182718476993,0.5581164351387693,0.22,0.01282051282051282,0.9319119669876204,0.715786704154703,0.32403758281928274,0.3228736817973408,0.0,0.9193381180223286,16.607634112792297,0.2909215955983494,0.08586573333623537,0.09237461650630063,0.070955488274006,0.02159883062215895,0.05347939106380739,0.19452332275966905,cdc1e78cd110339bfed96defc5c2ba5775552a455c0fa27c2f252b48f67cffa1,fb76f8f2ac6bccda,f2819b626c805eaa9493b2336df5affa99462e8e0ab3a04c3db1e67e677c09f5,True,True,True,True,True,Expanded HHVBP,2025,2027,CY2025,True,public_only_semi_synthetic_capacity_pilot_not_outcome_validated,9237e030d3eeed990f7138399b26f3024037939e48d5eb89866d5bdd875af8d7,3e8af15c2120cedd72f05b7b33402c6efb6bc20946872df2b2c8592affe4e91b,10000,0.5696213523887566,persisted_reference_ecdf,True,True,False,0.5331527822010582,0.535367051957689,0.5353067112631305,0.5382949492038137,0.45720407857990736,0.5422713579135858,0.5448118569310926,0.5489202227748998,0.5520605316299578,0.552469055209245,d7af79908abcc580407c5afc6af4d4e3df8b8f7f2f733cedf13927890ee47d93,design_001_roster_1_capacity_1.05_zip_0.25,1.05,0.25,24,18,6,0.5451482409855726,0.003029969137873234,0.015998163291069956,True,unconstrained_latent_information_upper_bound,1.0
D,no true clinician or routing causal effect,1,P5,threshold_soft_zip_bonus,0.75,500,1500,1454,0.03066666666666662,54.0935650036449,0.5425450440504566,0.5421182718476993,0.5581164351387693,0.22,0.0,0.7585969738651994,0.7252070111939588,0.3264650445510624,0.3252521779000459,0.0,0.9185195062492143,17.68053645116919,0.2833562585969739,0.08586573333623537,0.09237461650630063,0.070955488274006,0.02159883062215895,0.05347939106380739,0.19452332275966905,4ee8b850d8b500a0abe5eb92867b840023afe7834d8435cf440068c3cb84a713,77dc7ee7e109e270,f2819b626c805eaa9493b2336df5affa99462e8e0ab3a04c3db1e67e677c09f5,True,True,True,True,False,Expanded HHVBP,2025,2027,CY2025,True,public_only_semi_synthetic_capacity_pilot_not_outcome_validated,9237e030d3eeed990f7138399b26f3024037939e48d5eb89866d5bdd875af8d7,3e8af15c2120cedd72f05b7b33402c6efb6bc20946872df2b2c8592affe4e91b,10000,0.5696213523887566,persisted_reference_ecdf,True,True,False,0.5331527822010582,0.535367051957689,0.5353067112631305,0.5382949492038137,0.45720407857990736,0.5422713579135858,0.5448118569310926,0.5489202227748998,0.5520605316299578,0.552469055209245,d7af79908abcc580407c5afc6af4d4e3df8b8f7f2f733cedf13927890ee47d93,design_001_roster_1_capacity_1.05_zip_0.25,1.05,0.25,24,18,6,0.5451482409855726,0.003029969137873234,0.015998163291069956,True,unconstrained_latent_information_upper_bound,1.0
D,no true clinician or routing causal effect,1,P6,capacity_constrained_greedy_optimization,0.75,500,1500,1454,0.03066666666666662,53.79021537515052,0.539513847533694,0.5390577678725975,0.5581164351387693,0.22,0.0,0.9456671251719395,0.7204027090739179,0.3220384966872287,0.32092503438789555,0.0,0.9154963132656683,16.984181568088033,0.297111416781293,0.035217647191364554,0.05755914173593213,0.0418176329562161,0.009874464749293432,0.03203043727151289,0.17863335358778587,32b2175d5e6bc137fe5591d8079500aac501087163a0b3b1eda111a22958e7b5,8053adb52ff12c8d,f2819b626c805eaa9493b2336df5affa99462e8e0ab3a04c3db1e67e677c09f5,True,True,True,True,False,Expanded HHVBP,2025,2027,CY2025,True,public_only_semi_synthetic_capacity_pilot_not_outcome_validated,9237e030d3eeed990f7138399b26f3024037939e48d5eb89866d5bdd875af8d7,3e8af15c2120cedd72f05b7b33402c6efb6bc20946872df2b2c8592affe4e91b,10000,0.5696213523887566,persisted_reference_ecdf,True,True,False,0.5301566694611439,0.5324525482991539,0.5321157989958724,0.5353022932707387,0.4602531563063485,0.539186383879191,0.5417921448171824,0.5459254648774748,0.5490563994950363,0.5494039285474946,d7af79908abcc580407c5afc6af4d4e3df8b8f7f2f733cedf13927890ee47d93,design_001_roster_1_capacity_1.05_zip_0.25,1.05,0.25,24,18,6,0.5451482409855726,0.006090473112975059,0.01905866726617178,True,unconstrained_latent_information_upper_bound,1.0
D,no true clinician or routing causal effect,1,P7,latent_quality_capacity_greedy_comparator,0.75,500,1500,1454,0.03066666666666662,54.40116474676747,0.5456168792820023,0.5451482409855726,0.5581164351387693,0.22,0.0,0.749656121045392,0.7455974863103704,0.3410869316883711,0.3399816597890877,0.0,0.9124675430055177,17.303988995873453,0.2922971114167813,0.12961671654319046,0.11565724307195052,0.09237329981818737,0.029581062696763416,0.06036668431737957,0.33961761484983377,ffad48a146c78c25941b68c59afae4977aa78b0f71c1d78cb8c2d9d368f04c1c,748831a5803b5c95,f2819b626c805eaa9493b2336df5affa99462e8e0ab3a04c3db1e67e677c09f5,True,True,True,True,False,Expanded HHVBP,2025,2027,CY2025,True,public_only_semi_synthetic_capacity_pilot_not_outcome_validated,9237e030d3eeed990f7138399b26f3024037939e48d5eb89866d5bdd875af8d7,3e8af15c2120cedd72f05b7b33402c6efb6bc20946872df2b2c8592affe4e91b,10000,0.5696213523887566,persisted_reference_ecdf,True,True,False,0.5362665604095005,0.5384757281707474,0.5382902390842066,0.5414516317442675,0.45414027341855484,0.5453119549216444,0.5478622769337484,0.5520378297254123,0.5551242007464865,0.5554886445025639,d7af79908abcc580407c5afc6af4d4e3df8b8f7f2f733cedf13927890ee47d93,design_001_roster_1_capacity_1.05_zip_0.25,1.05,0.25,24,18,6,0.5451482409855726,0.0,0.012968194153196722,True,unconstrained_latent_information_upper_bound,1.0
E,no ZIP-continuity benefit,0,P0,deterministic_round_robin_baseline,0.75,500,1500,1496,0.002666666666666706,58.17680410584827,0.583149578639465,0.5826811910086881,0.6157966122489594,0.2,0.0,0.8348930481283422,0.6784472042082352,0.3017588910978575,0.2989081996434939,0.0,0.9605008073953499,17.30447860962567,0.2647058823529412,0.07816133475317999,0.09430442763130964,0.06890991169698668,0.015139145052931124,0.05839160423475065,0.201489817056402,070faca68cbfa6e7cd8c081ce74db10e5bdc28552ed81898463316d6bf3c1d45,a0666b1a6c8832d0,c64ca534d64c96c5063d79f320e1a2b6af5c0685e053a588366757806ad78e1f,True,True,True,True,False,Expanded HHVBP,2025,2027,CY2025,True,public_only_semi_synthetic_capacity_pilot_not_outcome_validated,9237e030d3eeed990f7138399b26f3024037939e48d5eb89866d5bdd875af8d7,3e8af15c2120cedd72f05b7b33402c6efb6bc20946872df2b2c8592affe4e91b,10000,0.5696213523887566,persisted_reference_ecdf,True,True,False,0.5749400027288837,0.575063084787248,0.5786059952396434,0.575339975284977,0.416158428114893,0.5852880662033083,0.5868449239597117,0.5863788335979597,0.5933871039813362,0.5918062287264747,d7af79908abcc580407c5afc6af4d4e3df8b8f7f2f733cedf13927890ee47d93,design_001_roster_1_capacity_1.05_zip_0.25,1.05,0.25,24,18,6,0.5873740859221319,0.004692894913443824,0.03311542124027134,True,unconstrained_latent_information_upper_bound,1.0
E,no ZIP-continuity benefit,0,P1,highest_scoring_feasible,0.75,500,1500,1496,0.002666666666666706,58.53386888681242,0.5867202264491066,0.5862518388183297,0.6157966122489594,0.2,0.0,0.8656417112299465,0.7046014725844549,0.3161447978793903,0.31305704099821763,0.0,0.9542476489028212,11.614304812834225,0.26871657754010697,0.08947002610911248,0.0983281801666831,0.07371118220993633,0.015223891940058687,0.05606916448294641,0.20226690006061732,96239d2f256095e3e668e65dde6c160d57456a8cf399273db88c95639e19bef6,d9a736fb90f36ad5,c64ca534d64c96c5063d79f320e1a2b6af5c0685e053a588366757806ad78e1f,True,True,True,True,False,Expanded HHVBP,2025,2027,CY2025,True,public_only_semi_synthetic_capacity_pilot_not_outcome_validated,9237e030d3eeed990f7138399b26f3024037939e48d5eb89866d5bdd875af8d7,3e8af15c2120cedd72f05b7b33402c6efb6bc20946872df2b2c8592affe4e91b,10000,0.5696213523887566,persisted_reference_ecdf,True,True,False,0.5785106505385251,0.5786337325968895,0.5821766430492851,0.5789106230946186,0.41258778030525156,0.58885871401295,0.5904155717693532,0.5899494814076013,0.5969577517909778,0.5953768765361164,d7af79908abcc580407c5afc6af4d4e3df8b8f7f2f733cedf13927890ee47d93,design_001_roster_1_capacity_1.05_zip_0.25,1.05,0.25,24,18,6,0.5873740859221319,0.0011222471038022652,0.029544773430629778,True,unconstrained_latent_information_upper_bound,1.0
E,no ZIP-continuity benefit,0,P2,historical_raw_rho_mirrored,0.75,500,1500,1496,0.002666666666666706,58.13341478034321,0.5827156853844143,0.5822472977536375,0.6157966122489594,0.2,0.0,0.8101604278074866,0.6933222051307176,0.31658659156174074,0.31355837789661334,0.0,0.9532907196969697,17.209224598930483,0.24866310160427807,0.05756246314117264,0.07652025084391256,0.05749079666518475,0.011001060633145765,0.045161683976225886,0.15342672572368532,83109b2b6e116a3e5691b79221c0b2cea3fe0808428c30e8c3b3d5195b5908f9,540cc5d35cfcd3f6,c64ca534d64c96c5063d79f320e1a2b6af5c0685e053a588366757806ad78e1f,True,True,True,True,False,Expanded HHVBP,2025,2027,CY2025,True,public_only_semi_synthetic_capacity_pilot_not_outcome_validated,9237e030d3eeed990f7138399b26f3024037939e48d5eb89866d5bdd875af8d7,3e8af15c2120cedd72f05b7b33402c6efb6bc20946872df2b2c8592affe4e91b,10000,0.5696213523887566,persisted_reference_ecdf,True,True,False,0.5745061094738331,0.5746291915321974,0.5781721019845929,0.5749060820299263,0.41659232136994373,0.5848541729482578,0.5864110307046609,0.5859449403429091,0.5929532107262856,0.5913723354714242,d7af79908abcc580407c5afc6af4d4e3df8b8f7f2f733cedf13927890ee47d93,design_001_roster_1_capacity_1.05_zip_0.25,1.05,0.25,24,18,6,0.5873740859221319,0.005126788168494434,0.03354931449532195,True,unconstrained_latent_information_upper_bound,1.0
E,no ZIP-continuity benefit,0,P3,percentile_mirrored_no_zip,0.75,500,1500,1496,0.002666666666666706,58.14266482398695,0.5828081858208518,0.5823397981900749,0.6157966122489594,0.2,0.0,0.7981283422459893,0.691007654106274,0.31343881157499465,0.3106060606060608,0.0,0.9547692143206256,17.15909090909091,0.25133689839572193,0.05085588537531327,0.07038442602036532,0.05219776364322426,0.010159389045210743,0.04217912664612644,0.14158778072425332,31531c128d66c403158ae14f9f7c05d27dd96f4100d1f13f55305029fd203c07,a4ed30028f82f902,c64ca534d64c96c5063d79f320e1a2b6af5c0685e053a588366757806ad78e1f,True,True,True,True,False,Expanded HHVBP,2025,2027,CY2025,True,public_only_semi_synthetic_capacity_pilot_not_outcome_validated,9237e030d3eeed990f7138399b26f3024037939e48d5eb89866d5bdd875af8d7,3e8af15c2120cedd72f05b7b33402c6efb6bc20946872df2b2c8592affe4e91b,10000,0.5696213523887566,persisted_reference_ecdf,True,True,False,0.5745986099102705,0.5747216919686348,0.5782646024210303,0.5749985824663637,0.4164998209335063,0.5849466733846952,0.5865035311410984,0.5860374407793465,0.5930457111627229,0.5914648359078615,d7af79908abcc580407c5afc6af4d4e3df8b8f7f2f733cedf13927890ee47d93,design_001_roster_1_capacity_1.05_zip_0.25,1.05,0.25,24,18,6,0.5873740859221319,0.005034287732057052,0.033456814058884565,True,unconstrained_latent_information_upper_bound,1.0
E,no ZIP-continuity benefit,0,P4,threshold_hard_zip_sponsor_policy,0.75,500,1500,1496,0.002666666666666706,58.17984928970479,0.5831800304780301,0.5827116428472533,0.6157966122489594,0.2,0.006666666666666667,0.9525401069518716,0.6846022913161535,0.312279103158825,0.3096312388591802,0.0,0.954395178147816,16.90842245989305,0.2606951871657754,0.05978856582181802,0.07810264323365412,0.05680722486460543,0.01146578503054052,0.04825955126947712,0.1583805403791611,6404dd5711944587aa57ea68f67fe73ccea2b87afe8e98c111a5059d4be694da,507020283e64f793,c64ca534d64c96c5063d79f320e1a2b6af5c0685e053a588366757806ad78e1f,True,True,True,True,True,Expanded HHVBP,2025,2027,CY2025,True,public_only_semi_synthetic_capacity_pilot_not_outcome_validated,9237e030d3eeed990f7138399b26f3024037939e48d5eb89866d5bdd875af8d7,3e8af15c2120cedd72f05b7b33402c6efb6bc20946872df2b2c8592affe4e91b,10000,0.5696213523887566,persisted_reference_ecdf,True,True,False,0.5749704545674489,0.5750935366258132,0.5786364470782087,0.5753704271235421,0.41612797627632797,0.5853185180418736,0.5868753757982769,0.5864092854365249,0.5934175558199014,0.5918366805650399,d7af79908abcc580407c5afc6af4d4e3df8b8f7f2f733cedf13927890ee47d93,design_001_roster_1_capacity_1.05_zip_0.25,1.05,0.25,24,18,6,0.5873740859221319,0.004662443074878619,0.03308496940170613,True,unconstrained_latent_information_upper_bound,1.0
E,no ZIP-continuity benefit,0,P5,threshold_soft_zip_bonus,0.75,500,1500,1496,0.002666666666666706,58.13318823434486,0.5827134199244307,0.5822450322936539,0.6157966122489594,0.2,0.0,0.7794117647058824,0.6904278039809737,0.3119201457919152,0.30899064171123003,0.0,0.9548262450061626,16.747994652406415,0.25066844919786097,0.052221787381364404,0.06875627492863956,0.051829371493349874,0.009403921175880292,0.04154411814906711,0.1431423846510434,22577fe2dd0e54e81b59330f90bd0e4528c9e73349c164e1317584a4a306644d,15245de3fd110376,c64ca534d64c96c5063d79f320e1a2b6af5c0685e053a588366757806ad78e1f,True,True,True,True,False,Expanded HHVBP,2025,2027,CY2025,True,public_only_semi_synthetic_capacity_pilot_not_outcome_validated,9237e030d3eeed990f7138399b26f3024037939e48d5eb89866d5bdd875af8d7,3e8af15c2120cedd72f05b7b33402c6efb6bc20946872df2b2c8592affe4e91b,10000,0.5696213523887566,persisted_reference_ecdf,True,True,False,0.5745038440138495,0.5746269260722138,0.5781698365246093,0.5749038165699427,0.4165945868299273,0.5848519074882743,0.5864087652446774,0.5859426748829255,0.5929509452663021,0.5913700700114405,d7af79908abcc580407c5afc6af4d4e3df8b8f7f2f733cedf13927890ee47d93,design_001_roster_1_capacity_1.05_zip_0.25,1.05,0.25,24,18,6,0.5873740859221319,0.005129053628478042,0.033551579955305555,True,unconstrained_latent_information_upper_bound,1.0
E,no ZIP-continuity benefit,0,P6,capacity_constrained_greedy_optimization,0.75,500,1500,1496,0.002666666666666706,58.64634949343408,0.587847175308378,0.5873740859221319,0.6157966122489594,0.2,0.0,0.9672459893048129,0.6822581587503829,0.3084962447537001,0.3053420231729056,0.0,0.9577465201704157,8.165106951871659,0.26871657754010697,0.033441654049656155,0.06541387519656006,0.04982598763342028,0.009884461789596455,0.038672538836231674,0.13095099209918148,abf28dfaa026546f7f188cdc16078cfa85ed5974846dbef3eca1bce675f474ac,feed12d2acae7836,c64ca534d64c96c5063d79f320e1a2b6af5c0685e053a588366757806ad78e1f,True,True,True,True,False,Expanded HHVBP,2025,2027,CY2025,True,public_only_semi_synthetic_capacity_pilot_not_outcome_validated,9237e030d3eeed990f7138399b26f3024037939e48d5eb89866d5bdd875af8d7,3e8af15c2120cedd72f05b7b33402c6efb6bc20946872df2b2c8592affe4e91b,10000,0.5696213523887566,persisted_reference_ecdf,True,True,False,0.5796362879407417,0.5797974159743701,0.5833143651706909,0.5800365764058493,0.4114720940484305,0.5899809611167522,0.591522704039787,0.5910764139493211,0.59807999889478,0.5964991236399185,d7af79908abcc580407c5afc6af4d4e3df8b8f7f2f733cedf13927890ee47d93,design_001_roster_1_capacity_1.05_zip_0.25,1.05,0.25,24,18,6,0.5873740859221319,0.0,0.028422526326827513,True,unconstrained_latent_information_upper_bound,1.0
E,no ZIP-continuity benefit,0,P7,latent_quality_capacity_greedy_comparator,0.75,500,1500,1496,0.002666666666666706,58.55891025805231,0.5869629068996085,0.5864860853356744,0.6157966122489594,0.2,0.0,0.8663101604278075,0.7070504173611033,0.3185470510271704,0.3155637254901962,0.0,0.953183811802233,11.669451871657754,0.26871657754010697,0.10604106673952762,0.1405660298862899,0.1066893181138992,0.02519836672602538,0.08040009491726763,0.280915312688779,0beefabfb1e7fff932e8a7a9f2351cb0cdbfb06b736c1c27db2d016752ce7527,df0b66e6b21ae484,c64ca534d64c96c5063d79f320e1a2b6af5c0685e053a588366757806ad78e1f,True,True,True,True,False,Expanded HHVBP,2025,2027,CY2025,True,public_only_semi_synthetic_capacity_pilot_not_outcome_validated,9237e030d3eeed990f7138399b26f3024037939e48d5eb89866d5bdd875af8d7,3e8af15c2120cedd72f05b7b33402c6efb6bc20946872df2b2c8592affe4e91b,10000,0.5696213523887566,persisted_reference_ecdf,True,True,False,0.5787859543632005,0.5788621462521811,0.5824233971926034,0.579166606523789,0.412331876407909,0.5890941884130796,0.5906347034533295,0.5901797526068508,0.5971919983083225,0.5956221982906379,d7af79908abcc580407c5afc6af4d4e3df8b8f7f2f733cedf13927890ee47d93,design_001_roster_1_capacity_1.05_zip_0.25,1.05,0.25,24,18,6,0.5873740859221319,0.0008880005864575491,0.029310526913285062,True,unconstrained_latent_information_upper_bound,1.0
E,no ZIP-continuity benefit,1,P0,deterministic_round_robin_baseline,0.75,500,1500,1454,0.03066666666666662,57.075200481552045,0.5723613988295282,0.5719346266267709,0.6180338443785085,0.22,0.0,0.7572214580467675,0.7106014892360307,0.31632682202421747,0.31530834479596526,0.0,0.9188249237218468,17.231774415405777,0.3012379642365887,0.08606043713899159,0.094915449266604,0.07414265974897116,0.023045402440760476,0.0520864557315196,0.19315948440337172,89761c16f5dda1b78011ce724f7b03068326fef809f566ea24370af5ea9f0861,18200787d42fdc0c,f2819b626c805eaa9493b2336df5affa99462e8e0ab3a04c3db1e67e677c09f5,True,True,True,True,False,Expanded HHVBP,2025,2027,CY2025,True,public_only_semi_synthetic_capacity_pilot_not_outcome_validated,9237e030d3eeed990f7138399b26f3024037939e48d5eb89866d5bdd875af8d7,3e8af15c2120cedd72f05b7b33402c6efb6bc20946872df2b2c8592affe4e91b,10000,0.5696213523887566,persisted_reference_ecdf,True,True,False,0.5629691369801298,0.5651834067367605,0.5651230660422021,0.5681113039828853,0.42738772380083573,0.5720877126926573,0.5746282117101641,0.5787365775539713,0.5818768864090293,0.5822854099883166,d7af79908abcc580407c5afc6af4d4e3df8b8f7f2f733cedf13927890ee47d93,design_001_roster_1_capacity_1.05_zip_0.25,1.05,0.25,24,18,6,0.5785588994500571,0.006624272823286259,0.04609921775173764,True,unconstrained_latent_information_upper_bound,1.0
E,no ZIP-continuity benefit,1,P1,highest_scoring_feasible,0.75,500,1500,1454,0.03066666666666662,57.41399409239639,0.5757493349379714,0.5753225627352142,0.6180338443785085,0.22,0.0,0.8163686382393398,0.719557091411715,0.3314913182545123,0.33035304906006435,0.0,0.9158950617283951,12.212861072902339,0.3074277854195323,0.09038210420752413,0.10360897989281947,0.07953990056572158,0.024709658831647996,0.058038273240086924,0.20308469779705252,56dfd583e0d7619533c3de926c28e45357fdc91ab45b9d558d3a9350a21a7ebd,a13a613192005804,f2819b626c805eaa9493b2336df5affa99462e8e0ab3a04c3db1e67e677c09f5,True,True,True,True,False,Expanded HHVBP,2025,2027,CY2025,True,public_only_semi_synthetic_capacity_pilot_not_outcome_validated,9237e030d3eeed990f7138399b26f3024037939e48d5eb89866d5bdd875af8d7,3e8af15c2120cedd72f05b7b33402c6efb6bc20946872df2b2c8592affe4e91b,10000,0.5696213523887566,persisted_reference_ecdf,True,True,False,0.5663570730885732,0.5685713428452039,0.5685110021506454,0.5714992400913287,0.42399978769239244,0.5754756488011008,0.5780161478186076,0.5821245136624148,0.5852648225174727,0.5856733460967599,d7af79908abcc580407c5afc6af4d4e3df8b8f7f2f733cedf13927890ee47d93,design_001_roster_1_capacity_1.05_zip_0.25,1.05,0.25,24,18,6,0.5785588994500571,0.0032363367148429134,0.0427112816432943,True,unconstrained_latent_information_upper_bound,1.0
E,no ZIP-continuity benefit,1,P2,historical_raw_rho_mirrored,0.75,500,1500,1454,0.03066666666666662,56.9869367661745,0.5714787616757526,0.5710519894729954,0.6180338443785085,0.22,0.0,0.7668500687757909,0.7301958938368227,0.32723612063056895,0.32605456212746464,0.0,0.9185312672210296,17.8146492434663,0.2799174690508941,0.06430033063805585,0.07813531685779429,0.06086937054372121,0.016285486400761662,0.04564730890348867,0.14932725803167002,8810a21ed9db53811392993ce26a7f5625ebdc27c7ba470de1685a7b08e4a4e5,8bbd72d3b00153aa,f2819b626c805eaa9493b2336df5affa99462e8e0ab3a04c3db1e67e677c09f5,True,True,True,True,False,Expanded HHVBP,2025,2027,CY2025,True,public_only_semi_synthetic_capacity_pilot_not_outcome_validated,9237e030d3eeed990f7138399b26f3024037939e48d5eb89866d5bdd875af8d7,3e8af15c2120cedd72f05b7b33402c6efb6bc20946872df2b2c8592affe4e91b,10000,0.5696213523887566,persisted_reference_ecdf,True,True,False,0.5620864998263543,0.564300769582985,0.5642404288884266,0.5672286668291098,0.42827036095461124,0.571205075538882,0.5737455745563886,0.5778539404001958,0.5809942492552539,0.5814027728345411,d7af79908abcc580407c5afc6af4d4e3df8b8f7f2f733cedf13927890ee47d93,design_001_roster_1_capacity_1.05_zip_0.25,1.05,0.25,24,18,6,0.5785588994500571,0.007506909977061715,0.0469818549055131,True,unconstrained_latent_information_upper_bound,1.0
E,no ZIP-continuity benefit,1,P3,percentile_mirrored_no_zip,0.75,500,1500,1454,0.03066666666666662,57.01157115060963,0.5717251055201038,0.5712983333173466,0.6180338443785085,0.22,0.0,0.7682255845942229,0.7227776544784171,0.32717900388393883,0.3259685923888125,0.0,0.9191731489706451,17.443259972489685,0.2840440165061898,0.05977239823787883,0.0714456799308626,0.05473354780303419,0.0156617523411946,0.042493067981180244,0.1381807359721498,ebd9b7d3d5d5e864c32932bf62ee3c231228556b78ebbd3f6b32b4f2a62aa790,143459a3cf76b5a6,f2819b626c805eaa9493b2336df5affa99462e8e0ab3a04c3db1e67e677c09f5,True,True,True,True,False,Expanded HHVBP,2025,2027,CY2025,True,public_only_semi_synthetic_capacity_pilot_not_outcome_validated,9237e030d3eeed990f7138399b26f3024037939e48d5eb89866d5bdd875af8d7,3e8af15c2120cedd72f05b7b33402c6efb6bc20946872df2b2c8592affe4e91b,10000,0.5696213523887566,persisted_reference_ecdf,True,True,False,0.5623328436707057,0.5645471134273363,0.5644867727327779,0.5674750106734611,0.42802401711025995,0.5714514193832332,0.5739919184007399,0.5781002842445472,0.5812405930996051,0.5816491166788923,d7af79908abcc580407c5afc6af4d4e3df8b8f7f2f733cedf13927890ee47d93,design_001_roster_1_capacity_1.05_zip_0.25,1.05,0.25,24,18,6,0.5785588994500571,0.007260566132710533,0.046735511061161916,True,unconstrained_latent_information_upper_bound,1.0
E,no ZIP-continuity benefit,1,P4,threshold_hard_zip_sponsor_policy,0.75,500,1500,1454,0.03066666666666662,57.08314452203663,0.5724408392343739,0.5720140670316167,0.6180338443785085,0.22,0.01282051282051282,0.9319119669876204,0.715786704154703,0.32403758281928274,0.3228736817973408,0.0,0.9193381180223286,16.607634112792297,0.2909215955983494,0.06536127213878595,0.07532779306963899,0.05761024790381941,0.017119082208598257,0.04252689728982062,0.1525867062830235,cdc1e78cd110339bfed96defc5c2ba5775552a455c0fa27c2f252b48f67cffa1,4c2155955e51ec7c,f2819b626c805eaa9493b2336df5affa99462e8e0ab3a04c3db1e67e677c09f5,True,True,True,True,True,Expanded HHVBP,2025,2027,CY2025,True,public_only_semi_synthetic_capacity_pilot_not_outcome_validated,9237e030d3eeed990f7138399b26f3024037939e48d5eb89866d5bdd875af8d7,3e8af15c2120cedd72f05b7b33402c6efb6bc20946872df2b2c8592affe4e91b,10000,0.5696213523887566,persisted_reference_ecdf,True,True,False,0.5630485773849756,0.5652628471416064,0.565202506447048,0.5681907443877311,0.4273082833959899,0.5721671530975032,0.5747076521150098,0.5788160179588172,0.5819563268138752,0.5823648503931624,d7af79908abcc580407c5afc6af4d4e3df8b8f7f2f733cedf13927890ee47d93,design_001_roster_1_capacity_1.05_zip_0.25,1.05,0.25,24,18,6,0.5785588994500571,0.006544832418440394,0.04601977734689178,True,unconstrained_latent_information_upper_bound,1.0
E,no ZIP-continuity benefit,1,P5,threshold_soft_zip_bonus,0.75,500,1500,1454,0.03066666666666662,56.99417062419619,0.5715511002559696,0.5711243280532123,0.6180338443785085,0.22,0.0,0.7585969738651994,0.7252070111939588,0.3264650445510624,0.3252521779000459,0.0,0.9185195062492143,17.68053645116919,0.2833562585969739,0.05823656742809158,0.07119154299306696,0.05449248974014165,0.01619789290948237,0.04269063204071466,0.13670289423849263,4ee8b850d8b500a0abe5eb92867b840023afe7834d8435cf440068c3cb84a713,f28e75fca3f581a3,f2819b626c805eaa9493b2336df5affa99462e8e0ab3a04c3db1e67e677c09f5,True,True,True,True,False,Expanded HHVBP,2025,2027,CY2025,True,public_only_semi_synthetic_capacity_pilot_not_outcome_validated,9237e030d3eeed990f7138399b26f3024037939e48d5eb89866d5bdd875af8d7,3e8af15c2120cedd72f05b7b33402c6efb6bc20946872df2b2c8592affe4e91b,10000,0.5696213523887566,persisted_reference_ecdf,True,True,False,0.5621588384065712,0.564373108163202,0.5643127674686436,0.5673010054093267,0.4281980223743943,0.5712774141190987,0.5738179131366055,0.5779262789804127,0.5810665878354708,0.5814751114147579,d7af79908abcc580407c5afc6af4d4e3df8b8f7f2f733cedf13927890ee47d93,design_001_roster_1_capacity_1.05_zip_0.25,1.05,0.25,24,18,6,0.5785588994500571,0.00743457139684478,0.04690951632529616,True,unconstrained_latent_information_upper_bound,1.0
E,no ZIP-continuity benefit,1,P6,capacity_constrained_greedy_optimization,0.75,500,1500,1454,0.03066666666666662,57.246489261370236,0.5740765863958912,0.5736205067347948,0.6180338443785085,0.22,0.0,0.9552957359009628,0.7170457027484817,0.3261794608179118,0.32499426868408987,0.0,0.9165399029982364,9.303645116918844,0.3074277854195323,0.022176180910721266,0.03944613806513775,0.027731319626500328,0.0032289158251166405,0.022633944107766646,0.14990493286959006,ceebca9489526d6af7af9c603b2e7f16c763d28fa02518dd8090f8a38196bbd6,c5ad6a3b4a91c1c8,f2819b626c805eaa9493b2336df5affa99462e8e0ab3a04c3db1e67e677c09f5,True,True,True,True,False,Expanded HHVBP,2025,2027,CY2025,True,public_only_semi_synthetic_capacity_pilot_not_outcome_validated,9237e030d3eeed990f7138399b26f3024037939e48d5eb89866d5bdd875af8d7,3e8af15c2120cedd72f05b7b33402c6efb6bc20946872df2b2c8592affe4e91b,10000,0.5696213523887566,persisted_reference_ecdf,True,True,False,0.5647194083233412,0.5670152871613511,0.5666785378580697,0.569865032132936,0.42569041744415126,0.5737491227413882,0.5763548836793796,0.5804882037396722,0.5836191383572334,0.5839666674096918,d7af79908abcc580407c5afc6af4d4e3df8b8f7f2f733cedf13927890ee47d93,design_001_roster_1_capacity_1.05_zip_0.25,1.05,0.25,24,18,6,0.5785588994500571,0.0049383927152623075,0.04441333764371369,True,unconstrained_latent_information_upper_bound,1.0
E,no ZIP-continuity benefit,1,P7,latent_quality_capacity_greedy_comparator,0.75,500,1500,1454,0.03066666666666662,57.7423843202985,0.5790268794304179,0.5785588994500571,0.6180338443785085,0.22,0.0,0.7895460797799174,0.7218098703776695,0.3338902216129771,0.3327888583218708,0.0,0.9164902998236332,11.924002751031637,0.3074277854195323,0.15656480519701033,0.14189934226464052,0.11165524893615497,0.035196383812752585,0.07579716078243526,0.39279113574673924,7d992d8fb9e5ebfa16150db1dccc4ef84893915c171334535cdca774a73d518f,a0b7c867e2a31596,f2819b626c805eaa9493b2336df5affa99462e8e0ab3a04c3db1e67e677c09f5,True,True,True,True,False,Expanded HHVBP,2025,2027,CY2025,True,public_only_semi_synthetic_capacity_pilot_not_outcome_validated,9237e030d3eeed990f7138399b26f3024037939e48d5eb89866d5bdd875af8d7,3e8af15c2120cedd72f05b7b33402c6efb6bc20946872df2b2c8592affe4e91b,10000,0.5696213523887566,persisted_reference_ecdf,True,True,False,0.5696936312607062,0.5718839322959097,0.5716887150928976,0.5748622902087521,0.42072961495407024,0.578722613386129,0.581272935398233,0.5854484881898969,0.5885348592109712,0.5888909442147532,d7af79908abcc580407c5afc6af4d4e3df8b8f7f2f733cedf13927890ee47d93,design_001_roster_1_capacity_1.05_zip_0.25,1.05,0.25,24,18,6,0.5785588994500571,0.0,0.03947494492845138,True,unconstrained_latent_information_upper_bound,1.0
F,positive ZIP-continuity benefit,0,P0,deterministic_round_robin_baseline,0.75,500,1500,1496,0.002666666666666706,65.67080410584826,0.6580895786394649,0.6576211910086881,0.7052276855716688,0.2,0.0,0.8348930481283422,0.6784472042082352,0.3017588910978575,0.2989081996434939,0.0,0.9605008073953499,17.30447860962567,0.2647058823529412,0.08492763910100609,0.0951522471748647,0.07387227728838441,0.01463143116793808,0.05993103552764878,0.2110136265802115,070faca68cbfa6e7cd8c081ce74db10e5bdc28552ed81898463316d6bf3c1d45,2c2610f8998c51e3,c64ca534d64c96c5063d79f320e1a2b6af5c0685e053a588366757806ad78e1f,True,True,True,True,False,Expanded HHVBP,2025,2027,CY2025,True,public_only_semi_synthetic_capacity_pilot_not_outcome_validated,9237e030d3eeed990f7138399b26f3024037939e48d5eb89866d5bdd875af8d7,3e8af15c2120cedd72f05b7b33402c6efb6bc20946872df2b2c8592affe4e91b,10000,0.5696213523887566,persisted_reference_ecdf,True,True,False,0.6498800027288837,0.650003084787248,0.6535459952396435,0.6502799752849769,0.3412184281148931,0.6602280662033084,0.6617849239597116,0.6613188335979597,0.6683271039813362,0.6667462287264748,d7af79908abcc580407c5afc6af4d4e3df8b8f7f2f733cedf13927890ee47d93,design_001_roster_1_capacity_1.05_zip_0.25,1.05,0.25,24,18,6,0.6764890859221319,0.01886789491344376,0.04760649456298072,True,unconstrained_latent_information_upper_bound,1.0
F,positive ZIP-continuity benefit,0,P1,highest_scoring_feasible,0.75,500,1500,1496,0.002666666666666706,67.4135372005556,0.6755169095865381,0.6750485219557614,0.7052276855716688,0.2,0.0,0.9893048128342246,0.6892972223222247,0.3158962889330683,0.31297348484848486,0.0,0.9551035871223541,11.288435828877006,0.26871657754010697,0.09230582381611063,0.09863195694199178,0.07320091692441899,0.015836018240505956,0.0554261262618686,0.20434350947214464,8614218517a2d3015f7aeac73db6baf9a8fc70b062b9b61090750ca947c48a8d,2e46b69b20a13c65,c64ca534d64c96c5063d79f320e1a2b6af5c0685e053a588366757806ad78e1f,True,True,True,True,False,Expanded HHVBP,2025,2027,CY2025,True,public_only_semi_synthetic_capacity_pilot_not_outcome_validated,9237e030d3eeed990f7138399b26f3024037939e48d5eb89866d5bdd875af8d7,3e8af15c2120cedd72f05b7b33402c6efb6bc20946872df2b2c8592affe4e91b,10000,0.5696213523887566,persisted_reference_ecdf,True,True,False,0.6673073336759568,0.6674304157343212,0.6709733261867167,0.6677073062320502,0.32379109716781984,0.6776553971503816,0.6792122549067849,0.678746164545033,0.6857544349284094,0.684173559673548,d7af79908abcc580407c5afc6af4d4e3df8b8f7f2f733cedf13927890ee47d93,design_001_roster_1_capacity_1.05_zip_0.25,1.05,0.25,24,18,6,0.6764890859221319,0.0014405639663704894,0.030179163615907445,True,unconstrained_latent_information_upper_bound,1.0
F,positive ZIP-continuity benefit,0,P2,historical_raw_rho_mirrored,0.75,500,1500,1496,0.002666666666666706,65.40541478034321,0.6554356853844143,0.6549672977536375,0.7052276855716688,0.2,0.0,0.8101604278074866,0.6933222051307176,0.31658659156174074,0.31355837789661334,0.0,0.9532907196969697,17.209224598930483,0.24866310160427807,0.060823332706390065,0.08852025084391257,0.0718133773103461,0.010642014349835693,0.04967352036787742,0.1668791066760662,83109b2b6e116a3e5691b79221c0b2cea3fe0808428c30e8c3b3d5195b5908f9,c096563e9d6e6fa2,c64ca534d64c96c5063d79f320e1a2b6af5c0685e053a588366757806ad78e1f,True,True,True,True,False,Expanded HHVBP,2025,2027,CY2025,True,public_only_semi_synthetic_capacity_pilot_not_outcome_validated,9237e030d3eeed990f7138399b26f3024037939e48d5eb89866d5bdd875af8d7,3e8af15c2120cedd72f05b7b33402c6efb6bc20946872df2b2c8592affe4e91b,10000,0.5696213523887566,persisted_reference_ecdf,True,True,False,0.6472261094738331,0.6473491915321973,0.6508921019845928,0.6476260820299263,0.3438723213699437,0.6575741729482577,0.6591310307046611,0.658664940342909,0.6656732107262856,0.6640923354714241,d7af79908abcc580407c5afc6af4d4e3df8b8f7f2f733cedf13927890ee47d93,design_001_roster_1_capacity_1.05_zip_0.25,1.05,0.25,24,18,6,0.6764890859221319,0.02152178816849437,0.05026038781803133,True,unconstrained_latent_information_upper_bound,1.0
F,positive ZIP-continuity benefit,0,P3,percentile_mirrored_no_zip,0.75,500,1500,1496,0.002666666666666706,65.30666482398694,0.6544481858208517,0.6539797981900748,0.7052276855716688,0.2,0.0,0.7981283422459893,0.691007654106274,0.31343881157499465,0.3106060606060608,0.0,0.9547692143206256,17.15909090909091,0.25133689839572193,0.05383142885357395,0.07863425050413508,0.0640418496647297,0.013845223547314545,0.04505908182192131,0.14706397120044368,31531c128d66c403158ae14f9f7c05d27dd96f4100d1f13f55305029fd203c07,872b7608fddfb67f,c64ca534d64c96c5063d79f320e1a2b6af5c0685e053a588366757806ad78e1f,True,True,True,True,False,Expanded HHVBP,2025,2027,CY2025,True,public_only_semi_synthetic_capacity_pilot_not_outcome_validated,9237e030d3eeed990f7138399b26f3024037939e48d5eb89866d5bdd875af8d7,3e8af15c2120cedd72f05b7b33402c6efb6bc20946872df2b2c8592affe4e91b,10000,0.5696213523887566,persisted_reference_ecdf,True,True,False,0.6462386099102704,0.6463616919686347,0.6499046024210302,0.6466385824663636,0.3448598209335064,0.6565866733846951,0.6581435311410985,0.6576774407793464,0.664685711162723,0.6631048359078615,d7af79908abcc580407c5afc6af4d4e3df8b8f7f2f733cedf13927890ee47d93,design_001_roster_1_capacity_1.05_zip_0.25,1.05,0.25,24,18,6,0.6764890859221319,0.02250928773205707,0.051247887381594026,True,unconstrained_latent_information_upper_bound,1.0
F,positive ZIP-continuity benefit,0,P4,threshold_hard_zip_sponsor_policy,0.75,500,1500,1496,0.002666666666666706,66.72984928970477,0.6686800304780302,0.6682116428472532,0.7052276855716688,0.2,0.006666666666666667,0.9525401069518716,0.6846022913161535,0.312279103158825,0.3096312388591802,0.0,0.954395178147816,16.90842245989305,0.2606951871657754,0.06631030495225276,0.08153854066955157,0.05853840766030449,0.011115153894495577,0.052117234418377456,0.17338054037916117,6404dd5711944587aa57ea68f67fe73ccea2b87afe8e98c111a5059d4be694da,77492beb32790e6c,c64ca534d64c96c5063d79f320e1a2b6af5c0685e053a588366757806ad78e1f,True,True,True,True,True,Expanded HHVBP,2025,2027,CY2025,True,public_only_semi_synthetic_capacity_pilot_not_outcome_validated,9237e030d3eeed990f7138399b26f3024037939e48d5eb89866d5bdd875af8d7,3e8af15c2120cedd72f05b7b33402c6efb6bc20946872df2b2c8592affe4e91b,10000,0.5696213523887566,persisted_reference_ecdf,True,True,False,0.6604704545674488,0.6605935366258131,0.6641364470782085,0.6608704271235422,0.33062797627632795,0.6708185180418736,0.6723753757982768,0.6719092854365248,0.6789175558199014,0.6773366805650398,d7af79908abcc580407c5afc6af4d4e3df8b8f7f2f733cedf13927890ee47d93,design_001_roster_1_capacity_1.05_zip_0.25,1.05,0.25,24,18,6,0.6764890859221319,0.008277443074878654,0.03701604272441561,True,unconstrained_latent_information_upper_bound,1.0
F,positive ZIP-continuity benefit,0,P5,threshold_soft_zip_bonus,0.75,500,1500,1496,0.002666666666666706,65.12918823434485,0.6526734199244307,0.6522050322936539,0.7052276855716688,0.2,0.0,0.7794117647058824,0.6904278039809737,0.3119201457919152,0.30899064171123003,0.0,0.9548262450061626,16.747994652406415,0.25066844919786097,0.04247993955527751,0.08263970342593241,0.06551754353636063,0.0075694190720934085,0.04270114294245542,0.141629125019343,22577fe2dd0e54e81b59330f90bd0e4528c9e73349c164e1317584a4a306644d,86c345150ee8a0e2,c64ca534d64c96c5063d79f320e1a2b6af5c0685e053a588366757806ad78e1f,True,True,True,True,False,Expanded HHVBP,2025,2027,CY2025,True,public_only_semi_synthetic_capacity_pilot_not_outcome_validated,9237e030d3eeed990f7138399b26f3024037939e48d5eb89866d5bdd875af8d7,3e8af15c2120cedd72f05b7b33402c6efb6bc20946872df2b2c8592affe4e91b,10000,0.5696213523887566,persisted_reference_ecdf,True,True,False,0.6444638440138495,0.6445869260722138,0.6481298365246092,0.6448638165699427,0.3466345868299273,0.6548119074882742,0.6563687652446775,0.6559026748829254,0.6629109452663019,0.6613300700114405,d7af79908abcc580407c5afc6af4d4e3df8b8f7f2f733cedf13927890ee47d93,design_001_roster_1_capacity_1.05_zip_0.25,1.05,0.25,24,18,6,0.6764890859221319,0.024284053628477964,0.05302265327801492,True,unconstrained_latent_information_upper_bound,1.0
F,positive ZIP-continuity benefit,0,P6,capacity_constrained_greedy_optimization,0.75,500,1500,1496,0.002666666666666706,67.55784949343408,0.676962175308378,0.6764890859221319,0.7052276855716688,0.2,0.0,0.9939839572192514,0.6822581587503829,0.3084962447537001,0.3053420231729056,0.0,0.9577465201704157,8.37566844919786,0.26871657754010697,0.031164022410646974,0.06538195786251011,0.05063173533382215,0.009029483738005384,0.03690671831071102,0.13247113950567435,af3da0134fa85cdd08944ed405300d88f5cc618b872a7ea4050af244d07f43a6,5cf6d575dd9dffb9,c64ca534d64c96c5063d79f320e1a2b6af5c0685e053a588366757806ad78e1f,True,True,True,True,False,Expanded HHVBP,2025,2027,CY2025,True,public_only_semi_synthetic_capacity_pilot_not_outcome_validated,9237e030d3eeed990f7138399b26f3024037939e48d5eb89866d5bdd875af8d7,3e8af15c2120cedd72f05b7b33402c6efb6bc20946872df2b2c8592affe4e91b,10000,0.5696213523887566,persisted_reference_ecdf,True,True,False,0.6687512879407417,0.6689124159743699,0.6724293651706909,0.6691515764058492,0.3223570940484305,0.6790959611167523,0.6806377040397871,0.680191413949321,0.6871949988947801,0.6856141236399185,d7af79908abcc580407c5afc6af4d4e3df8b8f7f2f733cedf13927890ee47d93,design_001_roster_1_capacity_1.05_zip_0.25,1.05,0.25,24,18,6,0.6764890859221319,0.0,0.028738599649536956,True,unconstrained_latent_information_upper_bound,1.0
F,positive ZIP-continuity benefit,0,P7,latent_quality_capacity_greedy_comparator,0.75,500,1500,1496,0.002666666666666706,67.53821454086712,0.6767559497277567,0.6762791281638223,0.7052276855716688,0.2,0.0,0.9993315508021391,0.6928355737966161,0.31689032471835654,0.3140318627450982,0.0,0.9540311750063348,11.228275401069519,0.26871657754010697,0.10721990533683023,0.14163256361395093,0.10911688892094373,0.025247853820671295,0.08064633944302158,0.2808847771975129,ad842ff088d3c91c58399144e34115ea2766365f43400f923db76f514a51e3df,98414a3551c834f7,c64ca534d64c96c5063d79f320e1a2b6af5c0685e053a588366757806ad78e1f,True,True,True,True,False,Expanded HHVBP,2025,2027,CY2025,True,public_only_semi_synthetic_capacity_pilot_not_outcome_validated,9237e030d3eeed990f7138399b26f3024037939e48d5eb89866d5bdd875af8d7,3e8af15c2120cedd72f05b7b33402c6efb6bc20946872df2b2c8592affe4e91b,10000,0.5696213523887566,persisted_reference_ecdf,True,True,False,0.6685789971913484,0.6686551890803292,0.6722164400207513,0.6689596493519371,0.32253883357976104,0.6788872312412276,0.6804277462814776,0.6799727954349989,0.6869850411364705,0.6854152411187859,d7af79908abcc580407c5afc6af4d4e3df8b8f7f2f733cedf13927890ee47d93,design_001_roster_1_capacity_1.05_zip_0.25,1.05,0.25,24,18,6,0.6764890859221319,0.00020995775830956465,0.02894855740784652,True,unconstrained_latent_information_upper_bound,1.0
F,positive ZIP-continuity benefit,1,P0,deterministic_round_robin_baseline,0.75,500,1500,1454,0.03066666666666662,63.68120048155205,0.6384213988295281,0.6379946266267708,0.7066286044248351,0.22,0.0,0.7572214580467675,0.7106014892360307,0.31632682202421747,0.31530834479596526,0.0,0.9188249237218468,17.231774415405777,0.3012379642365887,0.08528850731443016,0.11159843119431478,0.0920277403941323,0.023243384854311766,0.06308487927329587,0.20590796310519732,89761c16f5dda1b78011ce724f7b03068326fef809f566ea24370af5ea9f0861,ed3913a3dfac66d2,f2819b626c805eaa9493b2336df5affa99462e8e0ab3a04c3db1e67e677c09f5,True,True,True,True,False,Expanded HHVBP,2025,2027,CY2025,True,public_only_semi_synthetic_capacity_pilot_not_outcome_validated,9237e030d3eeed990f7138399b26f3024037939e48d5eb89866d5bdd875af8d7,3e8af15c2120cedd72f05b7b33402c6efb6bc20946872df2b2c8592affe4e91b,10000,0.5696213523887566,persisted_reference_ecdf,True,True,False,0.6290291369801299,0.6312434067367605,0.6311830660422021,0.6341713039828852,0.36132772380083583,0.6381477126926574,0.6406882117101641,0.6447965775539714,0.6479368864090294,0.6483454099883166,d7af79908abcc580407c5afc6af4d4e3df8b8f7f2f733cedf13927890ee47d93,design_001_roster_1_capacity_1.05_zip_0.25,1.05,0.25,24,18,6,0.6640835482858548,0.026088921659084052,0.06863397779806435,True,unconstrained_latent_information_upper_bound,1.0
F,positive ZIP-continuity benefit,1,P1,highest_scoring_feasible,0.75,500,1500,1454,0.03066666666666662,65.91885691856434,0.6607979631996511,0.660371190996894,0.7066286044248351,0.22,0.0,0.9731774415405777,0.7200583180514283,0.3320910440941285,0.33095483723062813,0.0,0.9157958553791888,11.882737276478679,0.3074277854195323,0.08796288662008944,0.11677150064626951,0.09415848087985623,0.023913420911423455,0.061947588007411625,0.20367313133049736,e82a079964472b31ef3cb6d52f72ac85d385efee9569d571734fee38b97fb206,5dadea034f4e892d,f2819b626c805eaa9493b2336df5affa99462e8e0ab3a04c3db1e67e677c09f5,True,True,True,True,False,Expanded HHVBP,2025,2027,CY2025,True,public_only_semi_synthetic_capacity_pilot_not_outcome_validated,9237e030d3eeed990f7138399b26f3024037939e48d5eb89866d5bdd875af8d7,3e8af15c2120cedd72f05b7b33402c6efb6bc20946872df2b2c8592affe4e91b,10000,0.5696213523887566,persisted_reference_ecdf,True,True,False,0.6514057013502529,0.6536199711068836,0.6535596304123252,0.6565478683530084,0.3389511594307127,0.6605242770627804,0.6630647760802871,0.6671731419240944,0.6703134507791524,0.6707219743584396,d7af79908abcc580407c5afc6af4d4e3df8b8f7f2f733cedf13927890ee47d93,design_001_roster_1_capacity_1.05_zip_0.25,1.05,0.25,24,18,6,0.6640835482858548,0.003712357288960799,0.046257413427941096,True,unconstrained_latent_information_upper_bound,1.0
F,positive ZIP-continuity benefit,1,P2,historical_raw_rho_mirrored,0.75,500,1500,1454,0.03066666666666662,63.6769367661745,0.6383787616757526,0.6379519894729953,0.7066286044248351,0.22,0.0,0.7668500687757909,0.7301958938368227,0.32723612063056895,0.32605456212746464,0.0,0.9185312672210296,17.8146492434663,0.2799174690508941,0.062493313094196146,0.0902776361349028,0.07216170925339871,0.016396076032309304,0.05117410869329431,0.15657063596977683,8810a21ed9db53811392993ce26a7f5625ebdc27c7ba470de1685a7b08e4a4e5,ccb866e48be71759,f2819b626c805eaa9493b2336df5affa99462e8e0ab3a04c3db1e67e677c09f5,True,True,True,True,False,Expanded HHVBP,2025,2027,CY2025,True,public_only_semi_synthetic_capacity_pilot_not_outcome_validated,9237e030d3eeed990f7138399b26f3024037939e48d5eb89866d5bdd875af8d7,3e8af15c2120cedd72f05b7b33402c6efb6bc20946872df2b2c8592affe4e91b,10000,0.5696213523887566,persisted_reference_ecdf,True,True,False,0.6289864998263544,0.631200769582985,0.6311404288884266,0.6341286668291097,0.3613703609546113,0.638105075538882,0.6406455745563887,0.644753940400196,0.6478942492552539,0.6483027728345411,d7af79908abcc580407c5afc6af4d4e3df8b8f7f2f733cedf13927890ee47d93,design_001_roster_1_capacity_1.05_zip_0.25,1.05,0.25,24,18,6,0.6640835482858548,0.026131558812859557,0.06867661495183985,True,unconstrained_latent_information_upper_bound,1.0
F,positive ZIP-continuity benefit,1,P3,percentile_mirrored_no_zip,0.75,500,1500,1454,0.03066666666666662,63.713571150609624,0.6387451055201039,0.6383183333173466,0.7066286044248351,0.22,0.0,0.7682255845942229,0.7227776544784171,0.32717900388393883,0.3259685923888125,0.0,0.9191731489706451,17.443259972489685,0.2840440165061898,0.056930292974721075,0.07738694499110355,0.060044031674002074,0.016491983770228313,0.04858213787082821,0.14568073597214992,ebd9b7d3d5d5e864c32932bf62ee3c231228556b78ebbd3f6b32b4f2a62aa790,72eb188f21ed892e,f2819b626c805eaa9493b2336df5affa99462e8e0ab3a04c3db1e67e677c09f5,True,True,True,True,False,Expanded HHVBP,2025,2027,CY2025,True,public_only_semi_synthetic_capacity_pilot_not_outcome_validated,9237e030d3eeed990f7138399b26f3024037939e48d5eb89866d5bdd875af8d7,3e8af15c2120cedd72f05b7b33402c6efb6bc20946872df2b2c8592affe4e91b,10000,0.5696213523887566,persisted_reference_ecdf,True,True,False,0.6293528436707055,0.6315671134273363,0.6315067727327779,0.634495010673461,0.3610040171102601,0.6384714193832332,0.6410119184007399,0.6451202842445471,0.6482605930996052,0.6486691166788924,d7af79908abcc580407c5afc6af4d4e3df8b8f7f2f733cedf13927890ee47d93,design_001_roster_1_capacity_1.05_zip_0.25,1.05,0.25,24,18,6,0.6640835482858548,0.025765214968508254,0.06831027110748855,True,unconstrained_latent_information_upper_bound,1.0
F,positive ZIP-continuity benefit,1,P4,threshold_hard_zip_sponsor_policy,0.75,500,1500,1454,0.03066666666666662,65.21314452203663,0.653740839234374,0.6533140670316167,0.7066286044248351,0.22,0.01282051282051282,0.9319119669876204,0.715786704154703,0.32403758281928274,0.3228736817973408,0.0,0.9193381180223286,16.607634112792297,0.2909215955983494,0.07341390371773326,0.08995505210578358,0.07120097371027101,0.020779329282018866,0.05117245693249006,0.18301266977186725,cdc1e78cd110339bfed96defc5c2ba5775552a455c0fa27c2f252b48f67cffa1,c2d591e75e04c08d,f2819b626c805eaa9493b2336df5affa99462e8e0ab3a04c3db1e67e677c09f5,True,True,True,True,True,Expanded HHVBP,2025,2027,CY2025,True,public_only_semi_synthetic_capacity_pilot_not_outcome_validated,9237e030d3eeed990f7138399b26f3024037939e48d5eb89866d5bdd875af8d7,3e8af15c2120cedd72f05b7b33402c6efb6bc20946872df2b2c8592affe4e91b,10000,0.5696213523887566,persisted_reference_ecdf,True,True,False,0.6443485773849756,0.6465628471416064,0.646502506447048,0.6494907443877311,0.34600828339598994,0.6534671530975031,0.6560076521150099,0.6601160179588171,0.6632563268138753,0.6636648503931624,d7af79908abcc580407c5afc6af4d4e3df8b8f7f2f733cedf13927890ee47d93,design_001_roster_1_capacity_1.05_zip_0.25,1.05,0.25,24,18,6,0.6640835482858548,0.010769481254238156,0.05331453739321845,True,unconstrained_latent_information_upper_bound,1.0
F,positive ZIP-continuity benefit,1,P5,threshold_soft_zip_bonus,0.75,500,1500,1454,0.03066666666666662,63.61217062419618,0.6377311002559694,0.6373043280532122,0.7066286044248351,0.22,0.0,0.7585969738651994,0.7252070111939588,0.3264650445510624,0.3252521779000459,0.0,0.9185195062492143,17.68053645116919,0.2833562585969739,0.05402604111230214,0.07395886227017545,0.05640982844981923,0.013339285799378153,0.046788109707556536,0.14493839069642,4ee8b850d8b500a0abe5eb92867b840023afe7834d8435cf440068c3cb84a713,ab2e04afd160f805,f2819b626c805eaa9493b2336df5affa99462e8e0ab3a04c3db1e67e677c09f5,True,True,True,True,False,Expanded HHVBP,2025,2027,CY2025,True,public_only_semi_synthetic_capacity_pilot_not_outcome_validated,9237e030d3eeed990f7138399b26f3024037939e48d5eb89866d5bdd875af8d7,3e8af15c2120cedd72f05b7b33402c6efb6bc20946872df2b2c8592affe4e91b,10000,0.5696213523887566,persisted_reference_ecdf,True,True,False,0.6283388384065712,0.6305531081632019,0.6304927674686435,0.6334810054093267,0.36201802237439445,0.6374574141190987,0.6399979131366055,0.6441062789804128,0.6472465878354707,0.647655111414758,d7af79908abcc580407c5afc6af4d4e3df8b8f7f2f733cedf13927890ee47d93,design_001_roster_1_capacity_1.05_zip_0.25,1.05,0.25,24,18,6,0.6640835482858548,0.026779220232642564,0.06932427637162286,True,unconstrained_latent_information_upper_bound,1.0
F,positive ZIP-continuity benefit,1,P6,capacity_constrained_greedy_optimization,0.75,500,1500,1454,0.03066666666666662,65.78548926137024,0.6594665863958912,0.6590105067347947,0.7066286044248351,0.22,0.0,0.9786795048143053,0.7170457027484817,0.3261794608179118,0.32499426868408987,0.0,0.9165399029982364,9.283012379642367,0.3074277854195323,0.025865972801204173,0.03150026106703685,0.023368182049320674,4.448304942361592e-05,0.020237424570530238,0.1830235941271965,9219750a74b1cd1bccb2a331106abb54672c94d28e4f48eb87b7212b15a42d55,cfd38f6a6302fb34,f2819b626c805eaa9493b2336df5affa99462e8e0ab3a04c3db1e67e677c09f5,True,True,True,True,False,Expanded HHVBP,2025,2027,CY2025,True,public_only_semi_synthetic_capacity_pilot_not_outcome_validated,9237e030d3eeed990f7138399b26f3024037939e48d5eb89866d5bdd875af8d7,3e8af15c2120cedd72f05b7b33402c6efb6bc20946872df2b2c8592affe4e91b,10000,0.5696213523887566,persisted_reference_ecdf,True,True,False,0.6501094083233411,0.6524052871613512,0.6520685378580695,0.655255032132936,0.34030041744415124,0.6591391227413883,0.6617448836793797,0.6658782037396722,0.6690091383572334,0.6693566674096918,d7af79908abcc580407c5afc6af4d4e3df8b8f7f2f733cedf13927890ee47d93,design_001_roster_1_capacity_1.05_zip_0.25,1.05,0.25,24,18,6,0.6640835482858548,0.005073041551060142,0.04761809769004044,True,unconstrained_latent_information_upper_bound,1.0
F,positive ZIP-continuity benefit,1,P7,latent_quality_capacity_greedy_comparator,0.75,500,1500,1454,0.03066666666666662,66.29487295081182,0.6645513149256517,0.6640835482858548,0.7066286044248351,0.22,0.0,0.9773039889958735,0.7265738341482079,0.33311914553347055,0.33204378725355355,0.0,0.915475766517433,11.268913342503438,0.3074277854195323,0.16869196403367737,0.15504759560927872,0.12718549349487152,0.03735817550564857,0.08397707208977834,0.4345337313787491,83fc3d3d733181919852c17d6ab048e88891f41f22b15637287c7f2b9a275ec9,ceb9f1d23a1973f7,f2819b626c805eaa9493b2336df5affa99462e8e0ab3a04c3db1e67e677c09f5,True,True,True,True,False,Expanded HHVBP,2025,2027,CY2025,True,public_only_semi_synthetic_capacity_pilot_not_outcome_validated,9237e030d3eeed990f7138399b26f3024037939e48d5eb89866d5bdd875af8d7,3e8af15c2120cedd72f05b7b33402c6efb6bc20946872df2b2c8592affe4e91b,10000,0.5696213523887566,persisted_reference_ecdf,True,True,False,0.6552182800965038,0.6573859065179798,0.6572255463844888,0.6603869390445498,0.33520496611827244,0.6642472622219268,0.6667975842340307,0.6709731370256945,0.6740595080467688,0.6744239518028461,d7af79908abcc580407c5afc6af4d4e3df8b8f7f2f733cedf13927890ee47d93,design_001_roster_1_capacity_1.05_zip_0.25,1.05,0.25,24,18,6,0.6640835482858548,0.0,0.0425450561389803,True,unconstrained_latent_information_upper_bound,1.0
G,sparse ZIP coverage,0,P0,deterministic_round_robin_baseline,0.75,500,1500,1496,0.002666666666666706,59.242804105848265,0.593809578639465,0.5933411910086881,0.6408044330629266,0.2,0.0,0.35628342245989303,0.6784472042082352,0.3017588910978575,0.2989081996434939,0.0,0.9605008073953499,17.30447860962567,0.2647058823529412,0.0793026391010061,0.09505442763130967,0.0693615246002125,0.015347653701832442,0.060405425031314075,0.20569616626275117,070faca68cbfa6e7cd8c081ce74db10e5bdc28552ed81898463316d6bf3c1d45,25c8e08275e9a4af,cdc566a1348872b8a565a0c6dd163794d4dc9fbccb0cc60730cf804ba8e604d0,True,True,True,True,False,Expanded HHVBP,2025,2027,CY2025,True,public_only_semi_synthetic_capacity_pilot_not_outcome_validated,9237e030d3eeed990f7138399b26f3024037939e48d5eb89866d5bdd875af8d7,3e8af15c2120cedd72f05b7b33402c6efb6bc20946872df2b2c8592affe4e91b,10000,0.5696213523887566,persisted_reference_ecdf,True,True,False,0.5856000027288837,0.5857230847872481,0.5892659952396434,0.585999975284977,0.4054984281148932,0.5959480662033084,0.5975049239597117,0.5970388335979597,0.6040471039813362,0.6024662287264747,d7af79908abcc580407c5afc6af4d4e3df8b8f7f2f733cedf13927890ee47d93,design_001_roster_1_capacity_1.05_zip_0.25,1.05,0.25,24,18,6,0.6122438117498893,0.018902620741201193,0.047463242054238464,True,unconstrained_latent_information_upper_bound,1.0
G,sparse ZIP coverage,0,P1,highest_scoring_feasible,0.75,500,1500,1496,0.002666666666666706,60.90906367821757,0.6104721743631579,0.6100037867323811,0.6408044330629266,0.2,0.0,0.7767379679144385,0.6994970798331209,0.3096007289595759,0.30631684491978617,0.0,0.9569969157649915,10.411096256684491,0.26871657754010697,0.09035377150280166,0.10059828100227852,0.07677155103874433,0.015272499590831656,0.057017768174103534,0.20475757656645366,45b0491337ddea5ccfdc1c5917e43c60845473896d8a63890e435362b1801566,31323625c1fdd17f,cdc566a1348872b8a565a0c6dd163794d4dc9fbccb0cc60730cf804ba8e604d0,True,True,True,True,False,Expanded HHVBP,2025,2027,CY2025,True,public_only_semi_synthetic_capacity_pilot_not_outcome_validated,9237e030d3eeed990f7138399b26f3024037939e48d5eb89866d5bdd875af8d7,3e8af15c2120cedd72f05b7b33402c6efb6bc20946872df2b2c8592affe4e91b,10000,0.5696213523887566,persisted_reference_ecdf,True,True,False,0.6022625984525767,0.602385680510941,0.6059285909633365,0.6026625710086699,0.3888358323912001,0.6126106619270014,0.6141675196834047,0.6137014293216527,0.6207096997050292,0.6191288244501677,d7af79908abcc580407c5afc6af4d4e3df8b8f7f2f733cedf13927890ee47d93,design_001_roster_1_capacity_1.05_zip_0.25,1.05,0.25,24,18,6,0.6122438117498893,0.002240025017508196,0.030800646330545467,True,unconstrained_latent_information_upper_bound,1.0
G,sparse ZIP coverage,0,P2,historical_raw_rho_mirrored,0.75,500,1500,1496,0.002666666666666706,59.10341478034321,0.5924156853844144,0.5919472977536374,0.6408044330629266,0.2,0.0,0.32419786096256686,0.6933222051307176,0.31658659156174074,0.31355837789661334,0.0,0.9532907196969697,17.209224598930483,0.24866310160427807,0.058527137054216194,0.0812702508439127,0.06005531279421705,0.010005268206778162,0.047714329071243844,0.15493466223162178,83109b2b6e116a3e5691b79221c0b2cea3fe0808428c30e8c3b3d5195b5908f9,76624b341829f184,cdc566a1348872b8a565a0c6dd163794d4dc9fbccb0cc60730cf804ba8e604d0,True,True,True,True,False,Expanded HHVBP,2025,2027,CY2025,True,public_only_semi_synthetic_capacity_pilot_not_outcome_validated,9237e030d3eeed990f7138399b26f3024037939e48d5eb89866d5bdd875af8d7,3e8af15c2120cedd72f05b7b33402c6efb6bc20946872df2b2c8592affe4e91b,10000,0.5696213523887566,persisted_reference_ecdf,True,True,False,0.5842061094738331,0.5843291915321974,0.5878721019845929,0.5846060820299264,0.40689232136994374,0.5945541729482579,0.5961110307046611,0.595644940342909,0.6026532107262855,0.6010723354714241,d7af79908abcc580407c5afc6af4d4e3df8b8f7f2f733cedf13927890ee47d93,design_001_roster_1_capacity_1.05_zip_0.25,1.05,0.25,24,18,6,0.6122438117498893,0.020296513996251875,0.048857135309289146,True,unconstrained_latent_information_upper_bound,1.0
G,sparse ZIP coverage,0,P3,percentile_mirrored_no_zip,0.75,500,1500,1496,0.002666666666666706,59.12466482398695,0.5926281858208517,0.5921597981900748,0.6408044330629266,0.2,0.0,0.3282085561497326,0.691007654106274,0.31343881157499465,0.3106060606060608,0.0,0.9547692143206256,17.15909090909091,0.25133689839572193,0.05157599407096536,0.0737733149092541,0.05371568479017763,0.010740034206501159,0.04375777911846146,0.14261952675599932,31531c128d66c403158ae14f9f7c05d27dd96f4100d1f13f55305029fd203c07,88f5bf61b4bca050,cdc566a1348872b8a565a0c6dd163794d4dc9fbccb0cc60730cf804ba8e604d0,True,True,True,True,False,Expanded HHVBP,2025,2027,CY2025,True,public_only_semi_synthetic_capacity_pilot_not_outcome_validated,9237e030d3eeed990f7138399b26f3024037939e48d5eb89866d5bdd875af8d7,3e8af15c2120cedd72f05b7b33402c6efb6bc20946872df2b2c8592affe4e91b,10000,0.5696213523887566,persisted_reference_ecdf,True,True,False,0.5844186099102705,0.5845416919686348,0.5880846024210303,0.5848185824663638,0.40667982093350635,0.5947666733846952,0.5963235311410984,0.5958574407793465,0.602865711162723,0.6012848359078615,d7af79908abcc580407c5afc6af4d4e3df8b8f7f2f733cedf13927890ee47d93,design_001_roster_1_capacity_1.05_zip_0.25,1.05,0.25,24,18,6,0.6122438117498893,0.020084013559814484,0.048644634872851755,True,unconstrained_latent_information_upper_bound,1.0
G,sparse ZIP coverage,0,P4,threshold_hard_zip_sponsor_policy,0.75,500,1500,1496,0.002666666666666706,60.6588970220548,0.6079705078015304,0.6075021201707534,0.6408044330629266,0.2,0.13166666666666665,0.7533422459893048,0.6902140521921076,0.31327313894411324,0.31032754010695185,0.0,0.9501788842555534,12.882687165775401,0.2620320855614973,0.06767593155543028,0.07808856340509562,0.060923635257251973,0.012526166797890093,0.04509658635573954,0.18123775788395674,9fdbfd4a61584b86206589dec31a105bab405c88ea33f4fdc3b0f0516560fb01,0f74d99756176793,cdc566a1348872b8a565a0c6dd163794d4dc9fbccb0cc60730cf804ba8e604d0,True,True,True,True,True,Expanded HHVBP,2025,2027,CY2025,True,public_only_semi_synthetic_capacity_pilot_not_outcome_validated,9237e030d3eeed990f7138399b26f3024037939e48d5eb89866d5bdd875af8d7,3e8af15c2120cedd72f05b7b33402c6efb6bc20946872df2b2c8592affe4e91b,10000,0.5696213523887566,persisted_reference_ecdf,True,True,False,0.599760931890949,0.5998840139493133,0.6034269244017089,0.6001609044470423,0.39133749895282777,0.6101089953653738,0.611665853121777,0.6111997627600251,0.6182080331434016,0.6166271578885402,d7af79908abcc580407c5afc6af4d4e3df8b8f7f2f733cedf13927890ee47d93,design_001_roster_1_capacity_1.05_zip_0.25,1.05,0.25,24,18,6,0.6122438117498893,0.004741691579135843,0.033302312892173114,True,unconstrained_latent_information_upper_bound,1.0
G,sparse ZIP coverage,0,P5,threshold_soft_zip_bonus,0.75,500,1500,1496,0.002666666666666706,58.90665769963992,0.5904481145773816,0.5899797269466047,0.6408044330629266,0.2,0.0,0.27807486631016043,0.6893889601780449,0.31048431632427653,0.3073752228163993,0.0,0.9562560795495111,18.29211229946524,0.25,0.05021673312891484,0.06954420010633089,0.05134791773792968,0.008349119459865162,0.044395293362549326,0.13688082572425442,e68b4f3196119f7a47cb670d08f745b33a3c8dfeaa69d6ad320fa2cc9ceeaba4,8432cee75bbefc02,cdc566a1348872b8a565a0c6dd163794d4dc9fbccb0cc60730cf804ba8e604d0,True,True,True,True,False,Expanded HHVBP,2025,2027,CY2025,True,public_only_semi_synthetic_capacity_pilot_not_outcome_validated,9237e030d3eeed990f7138399b26f3024037939e48d5eb89866d5bdd875af8d7,3e8af15c2120cedd72f05b7b33402c6efb6bc20946872df2b2c8592affe4e91b,10000,0.5696213523887566,persisted_reference_ecdf,True,True,False,0.5822385386668003,0.5823616207251645,0.58590453117756,0.5826385112228935,0.40885989217697655,0.5925866021412249,0.5941434598976282,0.5936773695358764,0.6006856399192528,0.5991047646643913,d7af79908abcc580407c5afc6af4d4e3df8b8f7f2f733cedf13927890ee47d93,design_001_roster_1_capacity_1.05_zip_0.25,1.05,0.25,24,18,6,0.6122438117498893,0.022264084803284567,0.05082470611632184,True,unconstrained_latent_information_upper_bound,1.0
G,sparse ZIP coverage,0,P6,capacity_constrained_greedy_optimization,0.75,500,1500,1496,0.002666666666666706,61.133322076209815,0.6127169011361354,0.6122438117498893,0.6408044330629266,0.2,0.0,0.8522727272727273,0.6951137138439105,0.3090208747514911,0.3057319518716579,0.0,0.9570713694528324,9.598930481283423,0.26871657754010697,0.03166213938042817,0.05994153767665311,0.045461268989621884,0.00864980315785635,0.03651336907085079,0.1313147590449225,85fb7736efce3b58525c8f2d554129de6731f08a0fd9979641e344356b560aa3,9513316fe31bcb1b,cdc566a1348872b8a565a0c6dd163794d4dc9fbccb0cc60730cf804ba8e604d0,True,True,True,True,False,Expanded HHVBP,2025,2027,CY2025,True,public_only_semi_synthetic_capacity_pilot_not_outcome_validated,9237e030d3eeed990f7138399b26f3024037939e48d5eb89866d5bdd875af8d7,3e8af15c2120cedd72f05b7b33402c6efb6bc20946872df2b2c8592affe4e91b,10000,0.5696213523887566,persisted_reference_ecdf,True,True,False,0.6045060137684991,0.6046671418021274,0.6081840909984484,0.6049063022336066,0.38660236822067306,0.6148506869445097,0.6163924298675445,0.6159461397770785,0.6229497247225375,0.6213688494676759,d7af79908abcc580407c5afc6af4d4e3df8b8f7f2f733cedf13927890ee47d93,design_001_roster_1_capacity_1.05_zip_0.25,1.05,0.25,24,18,6,0.6122438117498893,0.0,0.02856062131303727,True,unconstrained_latent_information_upper_bound,1.0
G,sparse ZIP coverage,0,P7,latent_quality_capacity_greedy_comparator,0.75,500,1500,1496,0.002666666666666706,60.859150701583,0.6099708889167735,0.6094956079583388,0.6408044330629266,0.2,0.0,0.7479946524064172,0.7032838891178916,0.3157030041970401,0.3126114081996436,0.0,0.9526628980809795,10.260695187165775,0.26871657754010697,0.1081090985353218,0.13906836930630406,0.10394250840370722,0.025495545846867307,0.08074764843908921,0.29323285958372564,58203a1e87756b7626f1ebb460777d61e28cbd2aa7ae333112094c7dc2f222bd,2f16a16b0fac26d8,cdc566a1348872b8a565a0c6dd163794d4dc9fbccb0cc60730cf804ba8e604d0,True,True,True,True,False,Expanded HHVBP,2025,2027,CY2025,True,public_only_semi_synthetic_capacity_pilot_not_outcome_validated,9237e030d3eeed990f7138399b26f3024037939e48d5eb89866d5bdd875af8d7,3e8af15c2120cedd72f05b7b33402c6efb6bc20946872df2b2c8592affe4e91b,10000,0.5696213523887566,persisted_reference_ecdf,True,True,False,0.6017942273438435,0.6019013332154496,0.6054204121892942,0.6021761291464535,0.3893505720122236,0.6121037110357441,0.6136499395266244,0.6131915421154374,0.620201520930987,0.6186206456761254,d7af79908abcc580407c5afc6af4d4e3df8b8f7f2f733cedf13927890ee47d93,design_001_roster_1_capacity_1.05_zip_0.25,1.05,0.25,24,18,6,0.6122438117498893,0.0027482037915504964,0.03130882510458777,True,unconstrained_latent_information_upper_bound,1.0
G,sparse ZIP coverage,1,P0,deterministic_round_robin_baseline,0.75,500,1500,1454,0.03066666666666662,58.03920048155206,0.5820013988295281,0.5815746266267708,0.6416734896054372,0.22,0.0,0.3314993122420908,0.7106014892360307,0.31632682202421747,0.31530834479596526,0.0,0.9188249237218468,17.231774415405777,0.3012379642365887,0.08530020322086285,0.0962332203509414,0.07765475652316467,0.022864502978424017,0.051615707789673504,0.1952183079327836,89761c16f5dda1b78011ce724f7b03068326fef809f566ea24370af5ea9f0861,7b4c2df05f689b3b,5764db75bf9afee167478e2ae81506a7eedde382e370561850d1a1ab203cf33b,True,True,True,True,False,Expanded HHVBP,2025,2027,CY2025,True,public_only_semi_synthetic_capacity_pilot_not_outcome_validated,9237e030d3eeed990f7138399b26f3024037939e48d5eb89866d5bdd875af8d7,3e8af15c2120cedd72f05b7b33402c6efb6bc20946872df2b2c8592affe4e91b,10000,0.5696213523887566,persisted_reference_ecdf,True,True,False,0.5726091369801299,0.5748234067367606,0.5747630660422022,0.5777513039828853,0.4177477238008358,0.5817277126926574,0.5842682117101641,0.5883765775539714,0.5915168864090293,0.5919254099883167,d7af79908abcc580407c5afc6af4d4e3df8b8f7f2f733cedf13927890ee47d93,design_001_roster_1_capacity_1.05_zip_0.25,1.05,0.25,24,18,6,0.6007584697265468,0.019183843099775943,0.0600988629786664,True,unconstrained_latent_information_upper_bound,1.0
G,sparse ZIP coverage,1,P1,highest_scoring_feasible,0.75,500,1500,1454,0.03066666666666662,59.72296254217184,0.598839019435726,0.5984122472329687,0.6416734896054372,0.22,0.0,0.78060522696011,0.7178000419485296,0.3279215215901303,0.3267709766162312,0.0,0.9171971450617283,11.263755158184319,0.3074277854195323,0.0882966575190296,0.10147710879980565,0.07988100756402117,0.024176484901152873,0.056743282852452115,0.19915871648957245,c67fd719d4318e16c97ca4e2877123182585a20c8ed3eeddbd0d6aa2d5f9abf4,a9383eee8464880a,5764db75bf9afee167478e2ae81506a7eedde382e370561850d1a1ab203cf33b,True,True,True,True,False,Expanded HHVBP,2025,2027,CY2025,True,public_only_semi_synthetic_capacity_pilot_not_outcome_validated,9237e030d3eeed990f7138399b26f3024037939e48d5eb89866d5bdd875af8d7,3e8af15c2120cedd72f05b7b33402c6efb6bc20946872df2b2c8592affe4e91b,10000,0.5696213523887566,persisted_reference_ecdf,True,True,False,0.5894467575863277,0.5916610273429584,0.5916006866484,0.5945889245890832,0.4009101031946379,0.5985653332988554,0.601105832316362,0.6052141981601693,0.6083545070152272,0.6087630305945144,d7af79908abcc580407c5afc6af4d4e3df8b8f7f2f733cedf13927890ee47d93,design_001_roster_1_capacity_1.05_zip_0.25,1.05,0.25,24,18,6,0.6007584697265468,0.0023462224935780762,0.043261242372468534,True,unconstrained_latent_information_upper_bound,1.0
G,sparse ZIP coverage,1,P2,historical_raw_rho_mirrored,0.75,500,1500,1454,0.03066666666666662,57.9509367661745,0.5811187616757526,0.5806919894729954,0.6416734896054372,0.22,0.0,0.3314993122420908,0.7301958938368227,0.32723612063056895,0.32605456212746464,0.0,0.9185312672210296,17.8146492434663,0.2799174690508941,0.06587927800647686,0.0783725156529752,0.062431870543721235,0.017633061520791804,0.04486170722193339,0.14859703490793785,8810a21ed9db53811392993ce26a7f5625ebdc27c7ba470de1685a7b08e4a4e5,88375af7e9a63efe,5764db75bf9afee167478e2ae81506a7eedde382e370561850d1a1ab203cf33b,True,True,True,True,False,Expanded HHVBP,2025,2027,CY2025,True,public_only_semi_synthetic_capacity_pilot_not_outcome_validated,9237e030d3eeed990f7138399b26f3024037939e48d5eb89866d5bdd875af8d7,3e8af15c2120cedd72f05b7b33402c6efb6bc20946872df2b2c8592affe4e91b,10000,0.5696213523887566,persisted_reference_ecdf,True,True,False,0.5717264998263544,0.573940769582985,0.5738804288884267,0.5768686668291098,0.41863036095461126,0.580845075538882,0.5833855745563886,0.5874939404001959,0.5906342492552539,0.5910427728345411,d7af79908abcc580407c5afc6af4d4e3df8b8f7f2f733cedf13927890ee47d93,design_001_roster_1_capacity_1.05_zip_0.25,1.05,0.25,24,18,6,0.6007584697265468,0.0200664802535514,0.06098150013244186,True,unconstrained_latent_information_upper_bound,1.0
G,sparse ZIP coverage,1,P3,percentile_mirrored_no_zip,0.75,500,1500,1454,0.03066666666666662,57.91157115060963,0.5807251055201038,0.5802983333173467,0.6416734896054372,0.22,0.0,0.30949105914718017,0.7227776544784171,0.32717900388393883,0.3259685923888125,0.0,0.9191731489706451,17.443259972489685,0.2840440165061898,0.061924445021504626,0.07129507752122399,0.057039999415937515,0.01613827676981483,0.04275581101848969,0.13963039103073127,ebd9b7d3d5d5e864c32932bf62ee3c231228556b78ebbd3f6b32b4f2a62aa790,49587be013dcad73,5764db75bf9afee167478e2ae81506a7eedde382e370561850d1a1ab203cf33b,True,True,True,True,False,Expanded HHVBP,2025,2027,CY2025,True,public_only_semi_synthetic_capacity_pilot_not_outcome_validated,9237e030d3eeed990f7138399b26f3024037939e48d5eb89866d5bdd875af8d7,3e8af15c2120cedd72f05b7b33402c6efb6bc20946872df2b2c8592affe4e91b,10000,0.5696213523887566,persisted_reference_ecdf,True,True,False,0.5713328436707057,0.5735471134273363,0.5734867727327779,0.5764750106734611,0.41902401711026005,0.5804514193832332,0.5829919184007399,0.5871002842445472,0.5902405930996051,0.5906491166788924,d7af79908abcc580407c5afc6af4d4e3df8b8f7f2f733cedf13927890ee47d93,design_001_roster_1_capacity_1.05_zip_0.25,1.05,0.25,24,18,6,0.6007584697265468,0.02046013640920008,0.06137515628809054,True,unconstrained_latent_information_upper_bound,1.0
G,sparse ZIP coverage,1,P4,threshold_hard_zip_sponsor_policy,0.75,500,1500,1454,0.03066666666666662,59.09248564057887,0.5925342504197963,0.5921074782170391,0.6416734896054372,0.22,0.23247863247863249,0.6609353507565336,0.7281239276047671,0.32295236463331056,0.3216987620357634,0.0,0.9177618888076674,14.70426409903714,0.2833562585969739,0.07460601128567224,0.08041269523657413,0.06383982854786863,0.020214085829244555,0.042565293853837116,0.17060222361320354,28ea2936e072d3dccb78986b0a1ea3ef65a70920f6295dfe7ad702271813f791,1f9fa37ac97ddc4c,5764db75bf9afee167478e2ae81506a7eedde382e370561850d1a1ab203cf33b,True,True,True,True,True,Expanded HHVBP,2025,2027,CY2025,True,public_only_semi_synthetic_capacity_pilot_not_outcome_validated,9237e030d3eeed990f7138399b26f3024037939e48d5eb89866d5bdd875af8d7,3e8af15c2120cedd72f05b7b33402c6efb6bc20946872df2b2c8592affe4e91b,10000,0.5696213523887566,persisted_reference_ecdf,True,True,False,0.5831419885703981,0.5853562583270288,0.5852959176324705,0.5882841555731535,0.40721487221056746,0.5922605642829256,0.5948010633004324,0.5989094291442396,0.6020497379992976,0.6024582615785848,d7af79908abcc580407c5afc6af4d4e3df8b8f7f2f733cedf13927890ee47d93,design_001_roster_1_capacity_1.05_zip_0.25,1.05,0.25,24,18,6,0.6007584697265468,0.008650991509507655,0.04956601138839811,True,unconstrained_latent_information_upper_bound,1.0
G,sparse ZIP coverage,1,P5,threshold_soft_zip_bonus,0.75,500,1500,1454,0.03066666666666662,57.82638728221333,0.5798732668361409,0.5794464946333837,0.6416734896054372,0.22,0.0,0.2840440165061898,0.7318307563274633,0.3249514507653646,0.32376203576341145,0.0,0.9180378525941553,17.5,0.28060522696011003,0.05632734518100391,0.0716129047747126,0.05753911510200871,0.015440948375185504,0.04109546541740461,0.13579575978449798,68f3f4009567cf1661290f96c6db8fdcb5ad80231c5adc2523a019916fcfa2c2,83beea3a93e1567a,5764db75bf9afee167478e2ae81506a7eedde382e370561850d1a1ab203cf33b,True,True,True,True,False,Expanded HHVBP,2025,2027,CY2025,True,public_only_semi_synthetic_capacity_pilot_not_outcome_validated,9237e030d3eeed990f7138399b26f3024037939e48d5eb89866d5bdd875af8d7,3e8af15c2120cedd72f05b7b33402c6efb6bc20946872df2b2c8592affe4e91b,10000,0.5696213523887566,persisted_reference_ecdf,True,True,False,0.5704810049867427,0.5726952747433733,0.572634934048815,0.5756231719894981,0.41987585579422293,0.5795995806992703,0.582140079716777,0.5862484455605842,0.5893887544156422,0.5897972779949295,d7af79908abcc580407c5afc6af4d4e3df8b8f7f2f733cedf13927890ee47d93,design_001_roster_1_capacity_1.05_zip_0.25,1.05,0.25,24,18,6,0.6007584697265468,0.02131197509316307,0.06222699497205353,True,unconstrained_latent_information_upper_bound,1.0
G,sparse ZIP coverage,1,P6,capacity_constrained_greedy_optimization,0.75,500,1500,1454,0.03066666666666662,59.56140450864266,0.5972257388686154,0.5967696592075189,0.6416734896054372,0.22,0.0,0.828060522696011,0.7215599089317156,0.3334332876399362,0.3323303530490602,0.0,0.9176311728395062,10.964580467675379,0.3074277854195323,0.023044800879994498,0.030216104185497472,0.021866071567467227,0.0025431132420344893,0.018894185353534043,0.1582237227791799,adb0124e49ed951a062acd01f29f4d1df8a2aca1b2bdca5bb7fcd4404b8966f9,32ed787312bc790f,5764db75bf9afee167478e2ae81506a7eedde382e370561850d1a1ab203cf33b,True,True,True,True,False,Expanded HHVBP,2025,2027,CY2025,True,public_only_semi_synthetic_capacity_pilot_not_outcome_validated,9237e030d3eeed990f7138399b26f3024037939e48d5eb89866d5bdd875af8d7,3e8af15c2120cedd72f05b7b33402c6efb6bc20946872df2b2c8592affe4e91b,10000,0.5696213523887566,persisted_reference_ecdf,True,True,False,0.5878685607960653,0.5901644396340753,0.5898276903307937,0.5930141846056601,0.402541264971427,0.5968982752141123,0.5995040361521038,0.6036373562123963,0.6067682908299576,0.6071158198824159,d7af79908abcc580407c5afc6af4d4e3df8b8f7f2f733cedf13927890ee47d93,design_001_roster_1_capacity_1.05_zip_0.25,1.05,0.25,24,18,6,0.6007584697265468,0.0039888105190278855,0.04490383039791834,True,unconstrained_latent_information_upper_bound,1.0
G,sparse ZIP coverage,1,P7,latent_quality_capacity_greedy_comparator,0.75,500,1500,1454,0.03066666666666662,59.961440372224104,0.6012198733208678,0.6007584697265468,0.6416734896054372,0.22,0.0,0.7606602475928473,0.7339844278874704,0.3304632168151702,0.3294073819348924,0.0,0.915613871082621,11.464924346629987,0.3074277854195323,0.16493027364268342,0.14094994628624374,0.11660457178804823,0.03307321847858802,0.07372596602801318,0.4026250583551229,c09e9dbe8ce702cbd1d78543aecea4b598fadcbd227e340a4c7a55e966d558af,835cd1b388c51216,5764db75bf9afee167478e2ae81506a7eedde382e370561850d1a1ab203cf33b,True,True,True,True,False,Expanded HHVBP,2025,2027,CY2025,True,public_only_semi_synthetic_capacity_pilot_not_outcome_validated,9237e030d3eeed990f7138399b26f3024037939e48d5eb89866d5bdd875af8d7,3e8af15c2120cedd72f05b7b33402c6efb6bc20946872df2b2c8592affe4e91b,10000,0.5696213523887566,persisted_reference_ecdf,True,True,False,0.5918563636878834,0.5940721808950842,0.5939004678251807,0.597052790472579,0.39853004467758063,0.6009072527262831,0.6034583610818629,0.6076480584663865,0.6107344294874608,0.6110988732435381,d7af79908abcc580407c5afc6af4d4e3df8b8f7f2f733cedf13927890ee47d93,design_001_roster_1_capacity_1.05_zip_0.25,1.05,0.25,24,18,6,0.6007584697265468,0.0,0.04091501987889046,True,unconstrained_latent_information_upper_bound,1.0
H,clinician capacity shortage,0,P0,deterministic_round_robin_baseline,0.75,500,1500,1049,0.30066666666666664,43.43308207624622,0.43556115746113383,0.4339333479273817,0.645227685571669,0.2,0.0,0.8303145853193518,0.6944655072657432,0.30743510604621727,0.3049531299650461,0.0,0.9791666666666666,17.128217349857007,0.2612011439466158,0.18535846818861706,0.10829118220358092,0.07067001981128213,0.012602261597421782,0.041400232053297514,0.18693996576817318,7f5e0c07b194f155dda714980c0f271f9e977b5837870c78dec9d760f3855ec9,213ba8388d035a21,d1ed41422de85fa0268098ac923379f127454c1b4539010dcda1fb78c4f6898a,True,True,True,True,False,Expanded HHVBP,2025,2027,CY2025,True,public_only_semi_synthetic_capacity_pilot_not_outcome_validated,9237e030d3eeed990f7138399b26f3024037939e48d5eb89866d5bdd875af8d7,3e8af15c2120cedd72f05b7b33402c6efb6bc20946872df2b2c8592affe4e91b,10000,0.5696213523887566,persisted_reference_ecdf,True,True,False,0.42813441748082104,0.42737242476369114,0.4310542051492048,0.4287251137996459,0.5636903586499928,0.4374777477016066,0.43906466043221803,0.43842179766523615,0.4456211956296676,0.44343037063924035,d7af79908abcc580407c5afc6af4d4e3df8b8f7f2f733cedf13927890ee47d93,design_001_roster_1_capacity_1.05_zip_0.25,1.05,0.25,24,18,6,0.4641710998514351,0.030237751924053424,0.2112943376442873,True,unconstrained_latent_information_upper_bound,1.0
H,clinician capacity shortage,0,P1,highest_scoring_feasible,0.75,500,1500,1049,0.30066666666666664,43.942582076246225,0.44065615746113385,0.43902834792738166,0.645227685571669,0.2,0.0,0.982840800762631,0.6944655072657432,0.30743510604621727,0.3049531299650461,0.0,0.9791666666666666,11.708770257387988,0.2612011439466158,0.19174847361392866,0.11046646986847791,0.07161295521871747,0.01332341368040929,0.03988248687075063,0.1912406924804413,cddfc6af7be2afafc85c2bb8c57b7b104eae8da709cd72490ce6e0d8dd7bb3cd,fb8e4c561425873b,d1ed41422de85fa0268098ac923379f127454c1b4539010dcda1fb78c4f6898a,True,True,True,True,False,Expanded HHVBP,2025,2027,CY2025,True,public_only_semi_synthetic_capacity_pilot_not_outcome_validated,9237e030d3eeed990f7138399b26f3024037939e48d5eb89866d5bdd875af8d7,3e8af15c2120cedd72f05b7b33402c6efb6bc20946872df2b2c8592affe4e91b,10000,0.5696213523887566,persisted_reference_ecdf,True,True,False,0.43322941748082106,0.4324674247636911,0.43614920514920474,0.433820113799646,0.5585953586499928,0.4425727477016066,0.444159660432218,0.44351679766523616,0.4507161956296676,0.4485253706392403,d7af79908abcc580407c5afc6af4d4e3df8b8f7f2f733cedf13927890ee47d93,design_001_roster_1_capacity_1.05_zip_0.25,1.05,0.25,24,18,6,0.4641710998514351,0.025142751924053464,0.20619933764428733,True,unconstrained_latent_information_upper_bound,1.0
H,clinician capacity shortage,0,P2,historical_raw_rho_mirrored,0.75,500,1500,1049,0.30066666666666664,43.39758207624622,0.43520615746113384,0.4335783479273817,0.645227685571669,0.2,0.0,0.8131553860819828,0.6944655072657432,0.30743510604621727,0.3049531299650461,0.0,0.9791666666666666,17.1139180171592,0.2612011439466158,0.17242337413497716,0.10604672530428128,0.05677477057106184,0.01656567134561565,0.049649129040144346,0.17019258212728927,b4ced9ce2f644170a87436213ff8896db827e6a1e41be5b02c2672dd57e86f1a,84853fff4f6a2c12,d1ed41422de85fa0268098ac923379f127454c1b4539010dcda1fb78c4f6898a,True,True,True,True,False,Expanded HHVBP,2025,2027,CY2025,True,public_only_semi_synthetic_capacity_pilot_not_outcome_validated,9237e030d3eeed990f7138399b26f3024037939e48d5eb89866d5bdd875af8d7,3e8af15c2120cedd72f05b7b33402c6efb6bc20946872df2b2c8592affe4e91b,10000,0.5696213523887566,persisted_reference_ecdf,True,True,False,0.427779417480821,0.42701742476369114,0.4306992051492047,0.42837011379964596,0.5640453586499928,0.43712274770160653,0.43870966043221804,0.43806679766523615,0.4452661956296677,0.44307537063924035,d7af79908abcc580407c5afc6af4d4e3df8b8f7f2f733cedf13927890ee47d93,design_001_roster_1_capacity_1.05_zip_0.25,1.05,0.25,24,18,6,0.4641710998514351,0.03059275192405342,0.21164933764428728,True,unconstrained_latent_information_upper_bound,1.0
H,clinician capacity shortage,0,P3,percentile_mirrored_no_zip,0.75,500,1500,1049,0.30066666666666664,43.344582076246226,0.43467615746113386,0.43304834792738167,0.645227685571669,0.2,0.0,0.7874165872259294,0.6944655072657432,0.30743510604621727,0.3049531299650461,0.0,0.9791666666666666,17.085319351763584,0.2612011439466158,0.16968757526895495,0.10977558240558982,0.057379608080639966,0.01987473854146604,0.052344589727231605,0.17896647967188084,6c26f7a7b64470b2622ac06a1cb1021dfef52feb13c923ac563f50b106dad97e,e1b62d3b92e67b74,d1ed41422de85fa0268098ac923379f127454c1b4539010dcda1fb78c4f6898a,True,True,True,True,False,Expanded HHVBP,2025,2027,CY2025,True,public_only_semi_synthetic_capacity_pilot_not_outcome_validated,9237e030d3eeed990f7138399b26f3024037939e48d5eb89866d5bdd875af8d7,3e8af15c2120cedd72f05b7b33402c6efb6bc20946872df2b2c8592affe4e91b,10000,0.5696213523887566,persisted_reference_ecdf,True,True,False,0.42724941748082107,0.42648742476369117,0.4301692051492047,0.4278401137996459,0.5645753586499928,0.43659274770160655,0.43817966043221807,0.4375367976652362,0.4447361956296676,0.4425453706392404,d7af79908abcc580407c5afc6af4d4e3df8b8f7f2f733cedf13927890ee47d93,design_001_roster_1_capacity_1.05_zip_0.25,1.05,0.25,24,18,6,0.4641710998514351,0.03112275192405345,0.2121793376442873,True,unconstrained_latent_information_upper_bound,1.0
H,clinician capacity shortage,0,P4,threshold_hard_zip_sponsor_policy,0.75,500,1500,1049,0.30066666666666664,43.65858207624622,0.4378161574611339,0.4361883479273817,0.645227685571669,0.2,0.015833333333333335,0.9389895138226882,0.6944655072657432,0.30743510604621727,0.3049531299650461,0.0,0.9791666666666666,17.199714013346043,0.2612011439466158,0.17509833804895564,0.10885780109099902,0.06041752907176251,0.01763159507120665,0.04784815499389328,0.18368253150823655,9edaa293da973a1bee130debd01aa9086d0493eab589ee4b09da6d00be59c1f0,548efca2eb9b6744,d1ed41422de85fa0268098ac923379f127454c1b4539010dcda1fb78c4f6898a,True,True,True,True,True,Expanded HHVBP,2025,2027,CY2025,True,public_only_semi_synthetic_capacity_pilot_not_outcome_validated,9237e030d3eeed990f7138399b26f3024037939e48d5eb89866d5bdd875af8d7,3e8af15c2120cedd72f05b7b33402c6efb6bc20946872df2b2c8592affe4e91b,10000,0.5696213523887566,persisted_reference_ecdf,True,True,False,0.43038941748082105,0.42962742476369115,0.43330920514920473,0.4309801137996459,0.5614353586499928,0.43973274770160653,0.441319660432218,0.4406767976652362,0.4478761956296676,0.4456853706392403,d7af79908abcc580407c5afc6af4d4e3df8b8f7f2f733cedf13927890ee47d93,design_001_roster_1_capacity_1.05_zip_0.25,1.05,0.25,24,18,6,0.4641710998514351,0.027982751924053417,0.20903933764428728,True,unconstrained_latent_information_upper_bound,1.0
H,clinician capacity shortage,0,P5,threshold_soft_zip_bonus,0.75,500,1500,1049,0.30066666666666664,43.29258207624622,0.43415615746113384,0.43252834792738165,0.645227685571669,0.2,0.0,0.7597712106768351,0.6944655072657432,0.30743510604621727,0.3049531299650461,0.0,0.9791666666666666,16.913727359389895,0.2612011439466158,0.1644293593547977,0.11342342643380954,0.05816756396499717,0.019584365414820615,0.05379047387388686,0.17677257161199061,6707af888c4c1ccbcb026e2d6ec58c853dba2bacf9019c87a8cdb4acbcfb713d,2aaa480c5292b3a0,d1ed41422de85fa0268098ac923379f127454c1b4539010dcda1fb78c4f6898a,True,True,True,True,False,Expanded HHVBP,2025,2027,CY2025,True,public_only_semi_synthetic_capacity_pilot_not_outcome_validated,9237e030d3eeed990f7138399b26f3024037939e48d5eb89866d5bdd875af8d7,3e8af15c2120cedd72f05b7b33402c6efb6bc20946872df2b2c8592affe4e91b,10000,0.5696213523887566,persisted_reference_ecdf,True,True,False,0.42672941748082105,0.4259674247636912,0.42964920514920474,0.4273201137996459,0.5650953586499927,0.43607274770160653,0.437659660432218,0.4370167976652361,0.44421619562966763,0.4420253706392404,d7af79908abcc580407c5afc6af4d4e3df8b8f7f2f733cedf13927890ee47d93,design_001_roster_1_capacity_1.05_zip_0.25,1.05,0.25,24,18,6,0.4641710998514351,0.03164275192405347,0.21269933764428733,True,unconstrained_latent_information_upper_bound,1.0
H,clinician capacity shortage,0,P6,capacity_constrained_greedy_optimization,0.75,500,1500,1049,0.30066666666666664,41.95177422623565,0.4208230304341957,0.4192282187479545,0.645227685571669,0.2,0.0,0.9876072449952336,0.6944655072657432,0.30743510604621727,0.3049531299650461,0.0,0.9791666666666666,8.956148713060058,0.2612011439466158,0.24276189019855215,0.24883860409938197,0.13749226701252315,0.09766231501536887,0.1635016471397307,0.5873492811159414,33802a442b5c250cb904a71ffa98e59b5f09e8de472e9e0a13495c45ec3caa63,6fbb79bc89767970,d1ed41422de85fa0268098ac923379f127454c1b4539010dcda1fb78c4f6898a,True,True,True,True,False,Expanded HHVBP,2025,2027,CY2025,True,public_only_semi_synthetic_capacity_pilot_not_outcome_validated,9237e030d3eeed990f7138399b26f3024037939e48d5eb89866d5bdd875af8d7,3e8af15c2120cedd72f05b7b33402c6efb6bc20946872df2b2c8592affe4e91b,10000,0.5696213523887566,persisted_reference_ecdf,True,True,False,0.4133856460040943,0.41321579720733126,0.416137013035089,0.41329603435058976,0.5786652893015225,0.4228247728652268,0.42399705808073784,0.42408362721658854,0.4307150776193326,0.4292405672644902,d7af79908abcc580407c5afc6af4d4e3df8b8f7f2f733cedf13927890ee47d93,design_001_roster_1_capacity_1.05_zip_0.25,1.05,0.25,24,18,6,0.4641710998514351,0.0449428811034806,0.22599946682371447,True,unconstrained_latent_information_upper_bound,1.0
H,clinician capacity shortage,0,P7,latent_quality_capacity_greedy_comparator,0.75,500,1500,1049,0.30066666666666664,46.45105660396944,0.4658310905369556,0.4641710998514351,0.645227685571669,0.2,0.0,0.9971401334604385,0.6944655072657432,0.30743510604621727,0.3049531299650461,0.0,0.9791666666666666,11.737368922783604,0.2612011439466158,0.3104359869756484,0.37019877062821543,0.2792111486799094,0.03254507829659781,0.20436828611655788,0.6999557705820627,c7bdedc2b1541ab96a15cf3ed94a36c87101f9ee6c86bc452a3531360949955f,17bd079a7941c382,d1ed41422de85fa0268098ac923379f127454c1b4539010dcda1fb78c4f6898a,True,True,True,True,False,Expanded HHVBP,2025,2027,CY2025,True,public_only_semi_synthetic_capacity_pilot_not_outcome_validated,9237e030d3eeed990f7138399b26f3024037939e48d5eb89866d5bdd875af8d7,3e8af15c2120cedd72f05b7b33402c6efb6bc20946872df2b2c8592affe4e91b,10000,0.5696213523887566,persisted_reference_ecdf,True,True,False,0.4580224480123172,0.45839246601831884,0.4616385222927785,0.45867135557573646,0.5336026367012938,0.4678236005139033,0.4693690503099076,0.46865363339533433,0.4755587938369067,0.4737836721156464,d7af79908abcc580407c5afc6af4d4e3df8b8f7f2f733cedf13927890ee47d93,design_001_roster_1_capacity_1.05_zip_0.25,1.05,0.25,24,18,6,0.4641710998514351,0.0,0.18105658572023386,True,unconstrained_latent_information_upper_bound,1.0
H,clinician capacity shortage,1,P0,deterministic_round_robin_baseline,0.75,500,1500,1022,0.31866666666666665,42.85428876361573,0.43013487927286687,0.4286826520048584,0.6466286044248353,0.22,0.0,0.7661448140900196,0.7346035216253561,0.33060709635416674,0.3295417482061318,0.0,0.9375,17.367906066536204,0.2964774951076321,0.10116362112750127,0.20461421428745669,0.16836030639690353,0.03644899546302244,0.08124784866429308,0.23650344368522375,6334b242e200d0bc19baf58e7d818668984d41abec9d38c056f6bdc4096f10f7,835599826a1148f6,69d7e8c39d235c35710db97696f81a24b21d5a32636c9d5815cce70f33f40fa6,True,True,True,True,False,Expanded HHVBP,2025,2027,CY2025,True,public_only_semi_synthetic_capacity_pilot_not_outcome_validated,9237e030d3eeed990f7138399b26f3024037939e48d5eb89866d5bdd875af8d7,3e8af15c2120cedd72f05b7b33402c6efb6bc20946872df2b2c8592affe4e91b,10000,0.5696213523887566,persisted_reference_ecdf,True,True,False,0.421045905679135,0.4232550965729556,0.42346378596666107,0.4262626349286049,0.5698812967474985,0.42980518201652174,0.4321035847423706,0.4360893132362503,0.4394439423884482,0.4397606439452198,d7af79908abcc580407c5afc6af4d4e3df8b8f7f2f733cedf13927890ee47d93,design_001_roster_1_capacity_1.05_zip_0.25,1.05,0.25,24,18,6,0.4566562657216066,0.027973613716748225,0.21794595241997688,True,unconstrained_latent_information_upper_bound,1.0
H,clinician capacity shortage,1,P1,highest_scoring_feasible,0.75,500,1500,1022,0.31866666666666665,43.45778876361573,0.4361698792728669,0.4347176520048584,0.6466286044248353,0.22,0.0,0.974559686888454,0.7346035216253561,0.33060709635416674,0.3295417482061318,0.0,0.9375,12.157534246575343,0.2964774951076321,0.10133890443220839,0.2050282689402242,0.1691261333062295,0.039931562994969694,0.08142202511340757,0.24145875360356467,c502a4174e249ad7f5495648416abd1bbb05e08fe2698e7d182d30d2c1147960,4a3b2f9b7ed48a46,69d7e8c39d235c35710db97696f81a24b21d5a32636c9d5815cce70f33f40fa6,True,True,True,True,False,Expanded HHVBP,2025,2027,CY2025,True,public_only_semi_synthetic_capacity_pilot_not_outcome_validated,9237e030d3eeed990f7138399b26f3024037939e48d5eb89866d5bdd875af8d7,3e8af15c2120cedd72f05b7b33402c6efb6bc20946872df2b2c8592affe4e91b,10000,0.5696213523887566,persisted_reference_ecdf,True,True,False,0.42708090567913504,0.42929009657295564,0.4294987859666611,0.43229763492860485,0.5638462967474985,0.4358401820165218,0.4381385847423706,0.4421243132362503,0.4454789423884481,0.4457956439452198,d7af79908abcc580407c5afc6af4d4e3df8b8f7f2f733cedf13927890ee47d93,design_001_roster_1_capacity_1.05_zip_0.25,1.05,0.25,24,18,6,0.4566562657216066,0.021938613716748212,0.21191095241997687,True,unconstrained_latent_information_upper_bound,1.0
H,clinician capacity shortage,1,P2,historical_raw_rho_mirrored,0.75,500,1500,1022,0.31866666666666665,42.856788763615725,0.43015987927286686,0.42870765200485844,0.6466286044248353,0.22,0.0,0.7729941291585127,0.7346035216253561,0.33060709635416674,0.3295417482061318,0.0,0.9375,17.705479452054796,0.2964774951076321,0.08854075298242986,0.19312842135003105,0.1618421875902743,0.03201622857048514,0.07381437949553032,0.20623962172546656,e0b3646e76cfb04ce656924a1fd664df287085eb80ae0f0c2ac59cf2c02838ba,f181c1de47721b07,69d7e8c39d235c35710db97696f81a24b21d5a32636c9d5815cce70f33f40fa6,True,True,True,True,False,Expanded HHVBP,2025,2027,CY2025,True,public_only_semi_synthetic_capacity_pilot_not_outcome_validated,9237e030d3eeed990f7138399b26f3024037939e48d5eb89866d5bdd875af8d7,3e8af15c2120cedd72f05b7b33402c6efb6bc20946872df2b2c8592affe4e91b,10000,0.5696213523887566,persisted_reference_ecdf,True,True,False,0.421070905679135,0.4232800965729557,0.423488785966661,0.4262876349286049,0.5698562967474986,0.42983018201652173,0.43212858474237065,0.43611431323625033,0.4394689423884482,0.4397856439452198,d7af79908abcc580407c5afc6af4d4e3df8b8f7f2f733cedf13927890ee47d93,design_001_roster_1_capacity_1.05_zip_0.25,1.05,0.25,24,18,6,0.4566562657216066,0.027948613716748172,0.21792095241997683,True,unconstrained_latent_information_upper_bound,1.0
H,clinician capacity shortage,1,P3,percentile_mirrored_no_zip,0.75,500,1500,1022,0.31866666666666665,42.85478876361572,0.4301398792728669,0.42868765200485837,0.6466286044248353,0.22,0.0,0.7700587084148728,0.7346035216253561,0.33060709635416674,0.3295417482061318,0.0,0.9375,17.5880626223092,0.2964774951076321,0.08520366310901378,0.18835401467759383,0.15754419057372582,0.03125679641232443,0.07334068061131371,0.1943828626072059,2754aa66b3da646edd4deff36063a9f55b3d53bacfb0fc5b8723649a913da81b,2c8cc03020e2fd42,69d7e8c39d235c35710db97696f81a24b21d5a32636c9d5815cce70f33f40fa6,True,True,True,True,False,Expanded HHVBP,2025,2027,CY2025,True,public_only_semi_synthetic_capacity_pilot_not_outcome_validated,9237e030d3eeed990f7138399b26f3024037939e48d5eb89866d5bdd875af8d7,3e8af15c2120cedd72f05b7b33402c6efb6bc20946872df2b2c8592affe4e91b,10000,0.5696213523887566,persisted_reference_ecdf,True,True,False,0.42105090567913506,0.42326009657295566,0.42346878596666104,0.4262676349286048,0.5698762967474986,0.42981018201652177,0.4321085847423706,0.43609431323625025,0.4394489423884481,0.4397656439452198,d7af79908abcc580407c5afc6af4d4e3df8b8f7f2f733cedf13927890ee47d93,design_001_roster_1_capacity_1.05_zip_0.25,1.05,0.25,24,18,6,0.4566562657216066,0.027968613716748247,0.2179409524199769,True,unconstrained_latent_information_upper_bound,1.0
H,clinician capacity shortage,1,P4,threshold_hard_zip_sponsor_policy,0.75,500,1500,1022,0.31866666666666665,43.20178876361573,0.4336098792728668,0.4321576520048584,0.6466286044248353,0.22,0.011111111111111112,0.9295499021526419,0.7346035216253561,0.33060709635416674,0.3295417482061318,0.0,0.9375,16.971624266144815,0.2964774951076321,0.08953260009475028,0.1938591493366268,0.16409608601092524,0.0347161943816926,0.07389912769114199,0.21253491966657884,5d196a3814e701b2452f277afcd150b244ccbf18728aba9d7ad7a0d031cceb87,78be6bcd27bbc1f4,69d7e8c39d235c35710db97696f81a24b21d5a32636c9d5815cce70f33f40fa6,True,True,True,True,True,Expanded HHVBP,2025,2027,CY2025,True,public_only_semi_synthetic_capacity_pilot_not_outcome_validated,9237e030d3eeed990f7138399b26f3024037939e48d5eb89866d5bdd875af8d7,3e8af15c2120cedd72f05b7b33402c6efb6bc20946872df2b2c8592affe4e91b,10000,0.5696213523887566,persisted_reference_ecdf,True,True,False,0.42452090567913503,0.4267300965729557,0.426938785966661,0.42973763492860484,0.5664062967474985,0.4332801820165217,0.4355785847423706,0.4395643132362503,0.44291894238844814,0.4432356439452198,d7af79908abcc580407c5afc6af4d4e3df8b8f7f2f733cedf13927890ee47d93,design_001_roster_1_capacity_1.05_zip_0.25,1.05,0.25,24,18,6,0.4566562657216066,0.02449861371674822,0.21447095241997688,True,unconstrained_latent_information_upper_bound,1.0
H,clinician capacity shortage,1,P5,threshold_soft_zip_bonus,0.75,500,1500,1022,0.31866666666666665,42.822788763615726,0.42981987927286686,0.4283676520048584,0.6466286044248353,0.22,0.0,0.7573385518590998,0.7346035216253561,0.33060709635416674,0.3295417482061318,0.0,0.9375,17.764187866927593,0.2964774951076321,0.08430771270917237,0.18774860476180227,0.15716869750557755,0.03125865728598154,0.07310604704872614,0.19249974516398116,3addc7e9c3f10fc931219bce3110dc1b361fddfe0da94e8f927534bd62e53635,e50317096a6550d4,69d7e8c39d235c35710db97696f81a24b21d5a32636c9d5815cce70f33f40fa6,True,True,True,True,False,Expanded HHVBP,2025,2027,CY2025,True,public_only_semi_synthetic_capacity_pilot_not_outcome_validated,9237e030d3eeed990f7138399b26f3024037939e48d5eb89866d5bdd875af8d7,3e8af15c2120cedd72f05b7b33402c6efb6bc20946872df2b2c8592affe4e91b,10000,0.5696213523887566,persisted_reference_ecdf,True,True,False,0.42073090567913507,0.4229400965729556,0.423148785966661,0.4259476349286049,0.5701962967474985,0.4294901820165217,0.4317885847423707,0.4357743132362502,0.4391289423884482,0.43944564394521984,d7af79908abcc580407c5afc6af4d4e3df8b8f7f2f733cedf13927890ee47d93,design_001_roster_1_capacity_1.05_zip_0.25,1.05,0.25,24,18,6,0.4566562657216066,0.028288613716748234,0.2182609524199769,True,unconstrained_latent_information_upper_bound,1.0
H,clinician capacity shortage,1,P6,capacity_constrained_greedy_optimization,0.75,500,1500,1022,0.31866666666666665,41.0280599028516,0.411901307142779,0.4102951204933984,0.6466286044248353,0.22,0.0,0.9765166340508806,0.7346035216253561,0.33060709635416674,0.3295417482061318,0.0,0.9375,9.750489236790607,0.2964774951076321,0.31295498629534557,0.21469163598322993,0.17286067043955966,0.04100539388721225,0.11805043470488485,0.584749154126948,9203597a537c2befc9cbeb655d8a03c1d167ee5f6f0ff1436b45af26c32ba4c7,f1cf65710302dbbf,69d7e8c39d235c35710db97696f81a24b21d5a32636c9d5815cce70f33f40fa6,True,True,True,True,False,Expanded HHVBP,2025,2027,CY2025,True,public_only_semi_synthetic_capacity_pilot_not_outcome_validated,9237e030d3eeed990f7138399b26f3024037939e48d5eb89866d5bdd875af8d7,3e8af15c2120cedd72f05b7b33402c6efb6bc20946872df2b2c8592affe4e91b,10000,0.5696213523887566,persisted_reference_ecdf,True,True,False,0.4027529752092006,0.4055261094677014,0.40493758394022006,0.4079009984954558,0.5881537962975489,0.4118496491591347,0.41383054150062626,0.4182292472200588,0.42116789832158336,0.42097186441135803,d7af79908abcc580407c5afc6af4d4e3df8b8f7f2f733cedf13927890ee47d93,design_001_roster_1_capacity_1.05_zip_0.25,1.05,0.25,24,18,6,0.4566562657216066,0.04636114522820822,0.23633348393143688,True,unconstrained_latent_information_upper_bound,1.0
H,clinician capacity shortage,1,P7,latent_quality_capacity_greedy_comparator,0.75,500,1500,1022,0.31866666666666665,45.673004402587424,0.4582324214522581,0.4566562657216066,0.6466286044248353,0.22,0.0,0.9657534246575342,0.7346035216253561,0.33060709635416674,0.3295417482061318,0.0,0.9375,11.49706457925636,0.2964774951076321,0.35223860836691245,0.32835075574379036,0.2579021186560849,0.07131021401063564,0.17888565317587746,0.706547526266687,14bb50c3fa20bb7702dc098066f134314bd5b7a153af2223b50e0f5fcfad1df3,c1fb02dc014ee5c7,69d7e8c39d235c35710db97696f81a24b21d5a32636c9d5815cce70f33f40fa6,True,True,True,True,False,Expanded HHVBP,2025,2027,CY2025,True,public_only_semi_synthetic_capacity_pilot_not_outcome_validated,9237e030d3eeed990f7138399b26f3024037939e48d5eb89866d5bdd875af8d7,3e8af15c2120cedd72f05b7b33402c6efb6bc20946872df2b2c8592affe4e91b,10000,0.5696213523887566,persisted_reference_ecdf,True,True,False,0.4496094076171706,0.4516027649245555,0.4510706447714498,0.4546618750113991,0.54163350752685,0.4578449140376036,0.46000360011362296,0.46458452808875944,0.4670974446550509,0.46748254282981905,d7af79908abcc580407c5afc6af4d4e3df8b8f7f2f733cedf13927890ee47d93,design_001_roster_1_capacity_1.05_zip_0.25,1.05,0.25,24,18,6,0.4566562657216066,0.0,0.18997233870322866,True,unconstrained_latent_information_upper_bound,1.0
I,high clinician-score uncertainty,0,P0,deterministic_round_robin_baseline,0.75,500,1500,1496,0.002666666666666706,60.67480410584827,0.608129578639465,0.6076611910086881,0.645227685571669,0.2,0.0,0.8348930481283422,0.6784472042082352,0.3017588910978575,0.2989081996434939,0.0,0.9605008073953499,17.30447860962567,0.2647058823529412,0.08041676953578869,0.09424887207575405,0.07056403356078589,0.014969907091266665,0.05890474799904999,0.20466442023100506,070faca68cbfa6e7cd8c081ce74db10e5bdc28552ed81898463316d6bf3c1d45,60aea9250443873c,ce9ea96e369ec0593d83d724e1c43ca3abc075bda6578534e02b5d43e555e744,True,True,True,True,False,Expanded HHVBP,2025,2027,CY2025,True,public_only_semi_synthetic_capacity_pilot_not_outcome_validated,9237e030d3eeed990f7138399b26f3024037939e48d5eb89866d5bdd875af8d7,3e8af15c2120cedd72f05b7b33402c6efb6bc20946872df2b2c8592affe4e91b,10000,0.5696213523887566,persisted_reference_ecdf,True,True,False,0.5999200027288838,0.600043084787248,0.6035859952396435,0.600319975284977,0.39117842811489306,0.6102680662033084,0.6118249239597117,0.6113588335979596,0.6183671039813362,0.6167862287264747,d7af79908abcc580407c5afc6af4d4e3df8b8f7f2f733cedf13927890ee47d93,design_001_roster_1_capacity_1.05_zip_0.25,1.05,0.25,24,18,6,0.6164791281638224,0.008817937155134348,0.03756649456298089,True,unconstrained_latent_information_upper_bound,1.0
I,high clinician-score uncertainty,0,P1,highest_scoring_feasible,0.75,500,1500,1496,0.002666666666666706,61.199127799683254,0.6133728155778148,0.6129044279470378,0.645227685571669,0.2,0.0,0.9565508021390374,0.6880422457523742,0.31029103158824833,0.30818293226381477,0.0,0.9589550874113085,14.055815508021391,0.26871657754010697,0.0836343881583742,0.0980350163654401,0.07619558203034127,0.014659986269631498,0.05452438368430368,0.2039173153186573,4b41344702742d37bc5435216ed26df0be4949ec9cd2ecd1a04777246bdecdf9,5033326d8241977d,ce9ea96e369ec0593d83d724e1c43ca3abc075bda6578534e02b5d43e555e744,True,True,True,True,False,Expanded HHVBP,2025,2027,CY2025,True,public_only_semi_synthetic_capacity_pilot_not_outcome_validated,9237e030d3eeed990f7138399b26f3024037939e48d5eb89866d5bdd875af8d7,3e8af15c2120cedd72f05b7b33402c6efb6bc20946872df2b2c8592affe4e91b,10000,0.5696213523887566,persisted_reference_ecdf,True,True,False,0.6051632396672334,0.6052863217255977,0.6088292321779932,0.6055632122233268,0.38593519117654335,0.6155113031416581,0.6170681608980614,0.6166020705363094,0.623610340919686,0.6220294656648245,d7af79908abcc580407c5afc6af4d4e3df8b8f7f2f733cedf13927890ee47d93,design_001_roster_1_capacity_1.05_zip_0.25,1.05,0.25,24,18,6,0.6164791281638224,0.003574700216784632,0.032323257624631174,True,unconstrained_latent_information_upper_bound,1.0
I,high clinician-score uncertainty,0,P2,historical_raw_rho_mirrored,0.75,500,1500,1496,0.002666666666666706,60.5726484464185,0.6071080220451673,0.6066396344143904,0.645227685571669,0.2,0.0,0.8228609625668449,0.7026541714763859,0.31029103158824833,0.3082664884135473,0.0,0.9590245775729646,17.540106951871657,0.25668449197860965,0.06635952412773982,0.09210152493685886,0.06945964271934402,0.01183875706376658,0.05354074998875191,0.1764012840377539,eb3c1b91b3e5a3eb8b07018680f1eff5a6e2cf586abff5569ae7086284ad3b98,206b02848f46d8a9,ce9ea96e369ec0593d83d724e1c43ca3abc075bda6578534e02b5d43e555e744,True,True,True,True,False,Expanded HHVBP,2025,2027,CY2025,True,public_only_semi_synthetic_capacity_pilot_not_outcome_validated,9237e030d3eeed990f7138399b26f3024037939e48d5eb89866d5bdd875af8d7,3e8af15c2120cedd72f05b7b33402c6efb6bc20946872df2b2c8592affe4e91b,10000,0.5696213523887566,persisted_reference_ecdf,True,True,False,0.598898446134586,0.5990215281929504,0.6025644386453458,0.5992984186906792,0.39219998470919076,0.6092465096090107,0.6108033673654139,0.610337277003662,0.6173455473870385,0.615764672132177,d7af79908abcc580407c5afc6af4d4e3df8b8f7f2f733cedf13927890ee47d93,design_001_roster_1_capacity_1.05_zip_0.25,1.05,0.25,24,18,6,0.6164791281638224,0.009839493749432049,0.03858805115727859,True,unconstrained_latent_information_upper_bound,1.0
I,high clinician-score uncertainty,0,P3,percentile_mirrored_no_zip,0.75,500,1500,1496,0.002666666666666706,60.53661695375324,0.6067477071185148,0.6062793194877378,0.645227685571669,0.2,0.0,0.804144385026738,0.6971123187026371,0.30703280318091464,0.3050635026737969,0.0,0.9592796796137809,17.324532085561497,0.2586898395721925,0.06307242744376063,0.08624692972577386,0.06534589369108612,0.010413149567020552,0.05166364023681258,0.16493821797402775,a3cf6c3ab34411a1e3c01b584d69e6908ac6c81903f8f9d3978ec300617ff04b,43a5b337f8a943c8,ce9ea96e369ec0593d83d724e1c43ca3abc075bda6578534e02b5d43e555e744,True,True,True,True,False,Expanded HHVBP,2025,2027,CY2025,True,public_only_semi_synthetic_capacity_pilot_not_outcome_validated,9237e030d3eeed990f7138399b26f3024037939e48d5eb89866d5bdd875af8d7,3e8af15c2120cedd72f05b7b33402c6efb6bc20946872df2b2c8592affe4e91b,10000,0.5696213523887566,persisted_reference_ecdf,True,True,False,0.5985381312079334,0.5986612132662977,0.6022041237186933,0.5989381037640268,0.39256029963584327,0.6088861946823582,0.6104430524387614,0.6099769620770094,0.616985232460386,0.6154043572055246,d7af79908abcc580407c5afc6af4d4e3df8b8f7f2f733cedf13927890ee47d93,design_001_roster_1_capacity_1.05_zip_0.25,1.05,0.25,24,18,6,0.6164791281638224,0.01019980867608461,0.03894836608393115,True,unconstrained_latent_information_upper_bound,1.0
I,high clinician-score uncertainty,0,P4,threshold_hard_zip_sponsor_policy,0.75,500,1500,1496,0.002666666666666706,61.02181303593965,0.6115996679403789,0.611131280309602,0.645227685571669,0.2,0.005,0.9485294117647058,0.681175911089611,0.3063425005522422,0.3045064616755795,0.0,0.9608770475329113,16.858288770053477,0.26871657754010697,0.07245720141224166,0.08756717581667062,0.06336996923354843,0.012848097228389088,0.054476061548371146,0.17935687117155585,d1dcbcfb4cbb18fcff71344f218da793db5cb9e6d5cfbdb579358e9539693f2f,ff77e49ff6a48e47,ce9ea96e369ec0593d83d724e1c43ca3abc075bda6578534e02b5d43e555e744,True,True,True,True,True,Expanded HHVBP,2025,2027,CY2025,True,public_only_semi_synthetic_capacity_pilot_not_outcome_validated,9237e030d3eeed990f7138399b26f3024037939e48d5eb89866d5bdd875af8d7,3e8af15c2120cedd72f05b7b33402c6efb6bc20946872df2b2c8592affe4e91b,10000,0.5696213523887566,persisted_reference_ecdf,True,True,False,0.6033900920297975,0.6035131740881619,0.6070560845405574,0.6037900645858908,0.3877083388139792,0.6137381555042224,0.6152950132606255,0.6148289228988736,0.6218371932822502,0.6202563180273887,d7af79908abcc580407c5afc6af4d4e3df8b8f7f2f733cedf13927890ee47d93,design_001_roster_1_capacity_1.05_zip_0.25,1.05,0.25,24,18,6,0.6164791281638224,0.005347847854220489,0.03409640526206703,True,unconstrained_latent_information_upper_bound,1.0
I,high clinician-score uncertainty,0,P5,threshold_soft_zip_bonus,0.75,500,1500,1496,0.002666666666666706,60.48085459140741,0.6061900834950563,0.6057216958642794,0.645227685571669,0.2,0.0,0.7974598930481284,0.6969611098881926,0.3088275900154629,0.30614973262032086,0.0,0.9562386525068431,17.93616310160428,0.25467914438502676,0.06180386021487283,0.08525930534303261,0.06499126673507338,0.012138257003529662,0.0523543524185589,0.16625676417575386,11d04c1de61aa8fc0b4f33bdaaac8b6edd212874a07c39a12d9d3e1c6f23e016,ccdf78893bca8dd7,ce9ea96e369ec0593d83d724e1c43ca3abc075bda6578534e02b5d43e555e744,True,True,True,True,False,Expanded HHVBP,2025,2027,CY2025,True,public_only_semi_synthetic_capacity_pilot_not_outcome_validated,9237e030d3eeed990f7138399b26f3024037939e48d5eb89866d5bdd875af8d7,3e8af15c2120cedd72f05b7b33402c6efb6bc20946872df2b2c8592affe4e91b,10000,0.5696213523887566,persisted_reference_ecdf,True,True,False,0.597980507584475,0.5981035896428393,0.6016465000952348,0.5983804801405683,0.3931179232593017,0.6083285710588998,0.609885428815303,0.609419338453551,0.6164276088369276,0.6148467335820661,d7af79908abcc580407c5afc6af4d4e3df8b8f7f2f733cedf13927890ee47d93,design_001_roster_1_capacity_1.05_zip_0.25,1.05,0.25,24,18,6,0.6164791281638224,0.010757432299543068,0.03950598970738961,True,unconstrained_latent_information_upper_bound,1.0
I,high clinician-score uncertainty,0,P6,capacity_constrained_greedy_optimization,0.75,500,1500,1496,0.002666666666666706,61.39965101216877,0.6153801904957249,0.6149071011094788,0.645227685571669,0.2,0.0,0.9959893048128342,0.6877971052827666,0.3096283410647229,0.3072081105169342,0.0,0.957215339703819,11.990307486631016,0.26871657754010697,0.04046631983928284,0.0831801749412645,0.06491861992772707,0.013629354822836559,0.04460278792789285,0.14820394432121187,f36d370989d23e6d8cad74e563d86b24599d29cf9cb82cc5b2cc5adeb04fa515,3d880801bd10c111,ce9ea96e369ec0593d83d724e1c43ca3abc075bda6578534e02b5d43e555e744,True,True,True,True,False,Expanded HHVBP,2025,2027,CY2025,True,public_only_semi_synthetic_capacity_pilot_not_outcome_validated,9237e030d3eeed990f7138399b26f3024037939e48d5eb89866d5bdd875af8d7,3e8af15c2120cedd72f05b7b33402c6efb6bc20946872df2b2c8592affe4e91b,10000,0.5696213523887566,persisted_reference_ecdf,True,True,False,0.6071693031280887,0.6073304311617168,0.6108473803580379,0.6075695915931962,0.3839390788610835,0.6175139763040991,0.619055719227134,0.6186094291366679,0.6256130140821269,0.6240321388272655,d7af79908abcc580407c5afc6af4d4e3df8b8f7f2f733cedf13927890ee47d93,design_001_roster_1_capacity_1.05_zip_0.25,1.05,0.25,24,18,6,0.6164791281638224,0.001572027054343672,0.030320584462190214,True,unconstrained_latent_information_upper_bound,1.0
I,high clinician-score uncertainty,0,P7,latent_quality_capacity_greedy_comparator,0.75,500,1500,1496,0.002666666666666706,61.55821454086712,0.6169559497277566,0.6164791281638224,0.645227685571669,0.2,0.0,0.9993315508021391,0.6928355737966161,0.31689032471835654,0.3140318627450982,0.0,0.9540311750063348,11.228275401069519,0.26871657754010697,0.106350340119439,0.1394103413917287,0.10695918282775385,0.025163702348020456,0.08035965129808997,0.27810699941973527,ad842ff088d3c91c58399144e34115ea2766365f43400f923db76f514a51e3df,54b691fde3ff6f77,ce9ea96e369ec0593d83d724e1c43ca3abc075bda6578534e02b5d43e555e744,True,True,True,True,False,Expanded HHVBP,2025,2027,CY2025,True,public_only_semi_synthetic_capacity_pilot_not_outcome_validated,9237e030d3eeed990f7138399b26f3024037939e48d5eb89866d5bdd875af8d7,3e8af15c2120cedd72f05b7b33402c6efb6bc20946872df2b2c8592affe4e91b,10000,0.5696213523887566,persisted_reference_ecdf,True,True,False,0.6087789971913484,0.6088551890803292,0.6124164400207515,0.609159649351937,0.382338833579761,0.6190872312412276,0.6206277462814775,0.6201727954349988,0.6271850411364706,0.6256152411187859,d7af79908abcc580407c5afc6af4d4e3df8b8f7f2f733cedf13927890ee47d93,design_001_roster_1_capacity_1.05_zip_0.25,1.05,0.25,24,18,6,0.6164791281638224,0.0,0.028748557407846542,True,unconstrained_latent_information_upper_bound,1.0
I,high clinician-score uncertainty,1,P0,deterministic_round_robin_baseline,0.75,500,1500,1454,0.03066666666666662,59.27720048155205,0.594381398829528,0.5939546266267708,0.6466286044248353,0.22,0.0,0.7572214580467675,0.7106014892360307,0.31632682202421747,0.31530834479596526,0.0,0.9188249237218468,17.231774415405777,0.3012379642365887,0.08580312719747119,0.1004764432425076,0.08010435329735821,0.023111396578610943,0.05575259691211165,0.19740897730398022,89761c16f5dda1b78011ce724f7b03068326fef809f566ea24370af5ea9f0861,3fb4ba853c559e67,80266be45e68cfe8636f3c230eea0e1062fcbacede3e49d7121f025742bb160b,True,True,True,True,False,Expanded HHVBP,2025,2027,CY2025,True,public_only_semi_synthetic_capacity_pilot_not_outcome_validated,9237e030d3eeed990f7138399b26f3024037939e48d5eb89866d5bdd875af8d7,3e8af15c2120cedd72f05b7b33402c6efb6bc20946872df2b2c8592affe4e91b,10000,0.5696213523887566,persisted_reference_ecdf,True,True,False,0.5849891369801299,0.5872034067367605,0.5871430660422021,0.5901313039828853,0.40536772380083574,0.5941077126926574,0.5966482117101641,0.6007565775539714,0.6038968864090293,0.6043054099883166,d7af79908abcc580407c5afc6af4d4e3df8b8f7f2f733cedf13927890ee47d93,design_001_roster_1_capacity_1.05_zip_0.25,1.05,0.25,24,18,6,0.6072435482858549,0.01328892165908413,0.052673977798064486,True,unconstrained_latent_information_upper_bound,1.0
I,high clinician-score uncertainty,1,P1,highest_scoring_feasible,0.75,500,1500,1454,0.03066666666666662,60.14675413713702,0.603076935385378,0.6026501631826208,0.6466286044248353,0.22,0.0,0.9656121045392022,0.7215599089317156,0.3334332876399362,0.3323303530490602,0.0,0.9176311728395062,13.399243466299863,0.3074277854195323,0.08563282944130324,0.09996465060977722,0.07925443099914309,0.025404046981954087,0.0570098271696442,0.20206456438398895,0eabca4a401eb5a4157fc6f9be8b0d2b765bc8a0ca0a7c1f5b3c6a4bafab4153,23c9424c320368f5,80266be45e68cfe8636f3c230eea0e1062fcbacede3e49d7121f025742bb160b,True,True,True,True,False,Expanded HHVBP,2025,2027,CY2025,True,public_only_semi_synthetic_capacity_pilot_not_outcome_validated,9237e030d3eeed990f7138399b26f3024037939e48d5eb89866d5bdd875af8d7,3e8af15c2120cedd72f05b7b33402c6efb6bc20946872df2b2c8592affe4e91b,10000,0.5696213523887566,persisted_reference_ecdf,True,True,False,0.5936846735359796,0.5958989432926104,0.595838602598052,0.5988268405387351,0.396672187244986,0.6028032492485071,0.6053437482660139,0.6094521141098211,0.6125924229648791,0.6130009465441664,d7af79908abcc580407c5afc6af4d4e3df8b8f7f2f733cedf13927890ee47d93,design_001_roster_1_capacity_1.05_zip_0.25,1.05,0.25,24,18,6,0.6072435482858549,0.004593385103234149,0.043978441242214505,True,unconstrained_latent_information_upper_bound,1.0
I,high clinician-score uncertainty,1,P2,historical_raw_rho_mirrored,0.75,500,1500,1454,0.03066666666666662,59.30779762172692,0.5946873702312768,0.5942605980285196,0.6466286044248353,0.22,0.0,0.7647867950481431,0.7346906848619418,0.33466129769248343,0.333533929390188,0.0,0.9130447389665166,17.22661623108666,0.29504814305364513,0.07153256896123672,0.08419257749691489,0.06560347467140892,0.017547707782178956,0.04807686944043488,0.16383429055469145,9eb27e1527a0978c18c422c8a0b65598ea5296045b0fa7c0ae53f3302f5d09f1,43814b0ee881249d,80266be45e68cfe8636f3c230eea0e1062fcbacede3e49d7121f025742bb160b,True,True,True,True,False,Expanded HHVBP,2025,2027,CY2025,True,public_only_semi_synthetic_capacity_pilot_not_outcome_validated,9237e030d3eeed990f7138399b26f3024037939e48d5eb89866d5bdd875af8d7,3e8af15c2120cedd72f05b7b33402c6efb6bc20946872df2b2c8592affe4e91b,10000,0.5696213523887566,persisted_reference_ecdf,True,True,False,0.5852951083818786,0.5875093781385092,0.5874490374439509,0.590437275384634,0.40506175239908704,0.5944136840944061,0.5969541831119128,0.6010625489557201,0.6042028578107781,0.6046113813900653,d7af79908abcc580407c5afc6af4d4e3df8b8f7f2f733cedf13927890ee47d93,design_001_roster_1_capacity_1.05_zip_0.25,1.05,0.25,24,18,6,0.6072435482858549,0.012982950257335313,0.05236800639631567,True,unconstrained_latent_information_upper_bound,1.0
I,high clinician-score uncertainty,1,P3,percentile_mirrored_no_zip,0.75,500,1500,1454,0.03066666666666662,59.30600344248139,0.5946694284388215,0.5942426562360642,0.6466286044248353,0.22,0.0,0.7640990371389271,0.7209971788322826,0.3294636737491434,0.3282611187528657,0.0,0.9144216047047093,17.432943603851445,0.3012379642365887,0.06698475605013299,0.08283247654822945,0.06470759399631332,0.015740786224066494,0.048184486630933665,0.15830444911010122,d0d21eeedf3a2bb699168489afb6c4cde7e38864477669f89c5eb12bafc2477a,d8a7f60d51073d1b,80266be45e68cfe8636f3c230eea0e1062fcbacede3e49d7121f025742bb160b,True,True,True,True,False,Expanded HHVBP,2025,2027,CY2025,True,public_only_semi_synthetic_capacity_pilot_not_outcome_validated,9237e030d3eeed990f7138399b26f3024037939e48d5eb89866d5bdd875af8d7,3e8af15c2120cedd72f05b7b33402c6efb6bc20946872df2b2c8592affe4e91b,10000,0.5696213523887566,persisted_reference_ecdf,True,True,False,0.5852771665894232,0.5874914363460539,0.5874310956514955,0.5904193335921787,0.4050796941915423,0.5943957423019508,0.5969362413194576,0.6010446071632647,0.6041849160183228,0.60459343959761,d7af79908abcc580407c5afc6af4d4e3df8b8f7f2f733cedf13927890ee47d93,design_001_roster_1_capacity_1.05_zip_0.25,1.05,0.25,24,18,6,0.6072435482858549,0.013000892049790713,0.05238594818877107,True,unconstrained_latent_information_upper_bound,1.0
I,high clinician-score uncertainty,1,P4,threshold_hard_zip_sponsor_policy,0.75,500,1500,1454,0.03066666666666662,59.79964792887474,0.599605873302755,0.599179101099998,0.6466286044248353,0.22,0.010256410256410256,0.920907840440165,0.7184594390525133,0.32923520676262297,0.3280891792755618,0.0,0.915006911458213,16.762379642365886,0.3012379642365887,0.07476935483570835,0.09022629545242133,0.0693442126910706,0.018474603038363346,0.05101241055739514,0.17337058224428054,ff9a5c6956641c76a0babd80f96d3dc436ec3e021130b4426ff28c5a3f684855,4f29b5bbe2c771ef,80266be45e68cfe8636f3c230eea0e1062fcbacede3e49d7121f025742bb160b,True,True,True,True,True,Expanded HHVBP,2025,2027,CY2025,True,public_only_semi_synthetic_capacity_pilot_not_outcome_validated,9237e030d3eeed990f7138399b26f3024037939e48d5eb89866d5bdd875af8d7,3e8af15c2120cedd72f05b7b33402c6efb6bc20946872df2b2c8592affe4e91b,10000,0.5696213523887566,persisted_reference_ecdf,True,True,False,0.5902136114533568,0.5924278812099876,0.5923675405154292,0.5953557784561123,0.4001432493276088,0.5993321871658844,0.6018726861833911,0.6059810520271984,0.6091213608822563,0.6095298844615435,d7af79908abcc580407c5afc6af4d4e3df8b8f7f2f733cedf13927890ee47d93,design_001_roster_1_capacity_1.05_zip_0.25,1.05,0.25,24,18,6,0.6072435482858549,0.008064447185856971,0.04744950332483733,True,unconstrained_latent_information_upper_bound,1.0
I,high clinician-score uncertainty,1,P5,threshold_soft_zip_bonus,0.75,500,1500,1454,0.03066666666666662,59.21505658494113,0.5937599598634189,0.5933331876606616,0.6466286044248353,0.22,0.0,0.7379642365887208,0.7245848756992993,0.3300062828421293,0.3288055937643284,0.0,0.9141834120225987,17.603163686382395,0.297111416781293,0.06622834281060641,0.08244845181325355,0.06410356590343769,0.017566424403704817,0.04732050109066521,0.15381253120152172,1b9f09d9def5f5f826990b54d1dfe83e8c08916350be06a6a728a2cfa3b53551,ab19af0e6c52c20d,80266be45e68cfe8636f3c230eea0e1062fcbacede3e49d7121f025742bb160b,True,True,True,True,False,Expanded HHVBP,2025,2027,CY2025,True,public_only_semi_synthetic_capacity_pilot_not_outcome_validated,9237e030d3eeed990f7138399b26f3024037939e48d5eb89866d5bdd875af8d7,3e8af15c2120cedd72f05b7b33402c6efb6bc20946872df2b2c8592affe4e91b,10000,0.5696213523887566,persisted_reference_ecdf,True,True,False,0.5843676980140207,0.5865819677706512,0.5865216270760929,0.589509865016776,0.4059891627669451,0.5934862737265482,0.5960267727440549,0.6001351385878622,0.6032754474429202,0.6036839710222074,d7af79908abcc580407c5afc6af4d4e3df8b8f7f2f733cedf13927890ee47d93,design_001_roster_1_capacity_1.05_zip_0.25,1.05,0.25,24,18,6,0.6072435482858549,0.013910360625193352,0.05329541676417371,True,unconstrained_latent_information_upper_bound,1.0
I,high clinician-score uncertainty,1,P6,capacity_constrained_greedy_optimization,0.75,500,1500,1454,0.03066666666666662,59.96240450864266,0.6012357388686154,0.600779659207519,0.6466286044248353,0.22,0.0,0.9697386519944979,0.7215599089317156,0.3334332876399362,0.3323303530490602,0.0,0.9176311728395062,11.191540577716644,0.3074277854195323,0.02434338081233156,0.03600670303402076,0.025886496587358532,0.0032554967864719675,0.021479680470212092,0.16650681957837576,28f77ac1f17678296dc09a8c7681be3d4de135671cb78f4bad79349a2475cf78,f91c5007adab2c71,80266be45e68cfe8636f3c230eea0e1062fcbacede3e49d7121f025742bb160b,True,True,True,True,False,Expanded HHVBP,2025,2027,CY2025,True,public_only_semi_synthetic_capacity_pilot_not_outcome_validated,9237e030d3eeed990f7138399b26f3024037939e48d5eb89866d5bdd875af8d7,3e8af15c2120cedd72f05b7b33402c6efb6bc20946872df2b2c8592affe4e91b,10000,0.5696213523887566,persisted_reference_ecdf,True,True,False,0.5918785607960654,0.5941744396340753,0.5938376903307937,0.5970241846056601,0.398531264971427,0.6009082752141124,0.6035140361521037,0.6076473562123964,0.6107782908299576,0.611125819882416,d7af79908abcc580407c5afc6af4d4e3df8b8f7f2f733cedf13927890ee47d93,design_001_roster_1_capacity_1.05_zip_0.25,1.05,0.25,24,18,6,0.6072435482858549,0.006463889078335949,0.045848945217316306,True,unconstrained_latent_information_upper_bound,1.0
I,high clinician-score uncertainty,1,P7,latent_quality_capacity_greedy_comparator,0.75,500,1500,1454,0.03066666666666662,60.610872950811824,0.6077113149256517,0.6072435482858549,0.6466286044248353,0.22,0.0,0.9773039889958735,0.7265738341482079,0.33311914553347055,0.33204378725355355,0.0,0.915475766517433,11.268913342503438,0.3074277854195323,0.16113640847812183,0.1430295233201222,0.11623388059164586,0.035809201381824196,0.07772641523218504,0.40629843726110215,83fc3d3d733181919852c17d6ab048e88891f41f22b15637287c7f2b9a275ec9,9706240393ad3ab2,80266be45e68cfe8636f3c230eea0e1062fcbacede3e49d7121f025742bb160b,True,True,True,True,False,Expanded HHVBP,2025,2027,CY2025,True,public_only_semi_synthetic_capacity_pilot_not_outcome_validated,9237e030d3eeed990f7138399b26f3024037939e48d5eb89866d5bdd875af8d7,3e8af15c2120cedd72f05b7b33402c6efb6bc20946872df2b2c8592affe4e91b,10000,0.5696213523887566,persisted_reference_ecdf,True,True,False,0.598378280096504,0.6005459065179799,0.6003855463844888,0.6035469390445499,0.39204496611827244,0.6074072622219268,0.6099575842340307,0.6141331370256946,0.6172195080467687,0.6175839518028462,d7af79908abcc580407c5afc6af4d4e3df8b8f7f2f733cedf13927890ee47d93,design_001_roster_1_capacity_1.05_zip_0.25,1.05,0.25,24,18,6,0.6072435482858549,0.0,0.03938505613898036,True,unconstrained_latent_information_upper_bound,1.0
